coin,hour_ts,ts,mid,mark,oracle,premium,funding,oi,day_vlm,bid,ask,bid_depth,ask_depth,net_szi,net_signed_notional,gross_notional,mean_leverage,n_long,n_short,binance_funding,binance_perp,binance_spot,bybit_funding,bybit_perp,n_posts,mean_sentiment,pos_frac,neg_frac,usdt_mcap,usdc_mcap,trend_bitcoin,trend_bitcoin_price,trend_buy_bitcoin,trend_coinbase,trend_crypto_crash,trend_cryptocurrency,trend_dollar,trend_ethereum,trend_how_to_buy_crypto,trend_oil,trend_recession,trend_sell_bitcoin,trend_weather,value,classification,gold_paxg,funding_div_binance,funding_div_bybit,basis_binance,collector_up,hour_of_day,day_of_week,is_weekend,session,ret,resid_ret,ret_xrank
BTC,1785574800,1785578280.0,63041.5,63041.0,63070.0,-0.0004439512,1.0191e-05,34023.80436,1452889701.4431183,63041.0,63042.0,327893.39261,1056204.4922300002,-1534.23171,-96698037.81606,166317766.64088,24.0625,6.0,10.0,,,,,,0.0,,,,183652403590.57578,71919740829.19958,,,,,,,,,,,,,,27,Fear,,,,,True,9,5,1,europe,,,
BTC,1785578400,1785581940.0,63020.5,63021.0,63051.0,-0.0004758053,6.3915e-06,34044.25408,1424128153.2486324,63020.0,63021.0,808007.1671099999,1052482.20672,-1532.38622,-96575576.74306001,165902468.70404,24.0625,6.0,10.0,,63029.1,63056.0,,63030.6,27.0,0.018962962962962966,0.3333333333333333,0.25925925925925924,183652403590.57578,71919740829.19958,,,,,,,,,,,,,,27,Fear,4046.23,,,-35.5,True,10,5,1,europe,-0.00033311390116030903,,1.0
BTC,1785582000,1785582600.0,63017.5,63018.0,63045.4,-0.0004346074,5.0525e-06,34046.75252,1415320853.0290604,63017.0,63018.0,1854708.23275,417728.90433000005,-1532.38436,-96561668.06104,165878659.79468,24.0625,6.0,10.0,,63045.1,63076.0,,63049.0,0.0,,,,183652403590.57578,71919740829.19958,,,,,,,,,,,,,,27,Fear,4046.57,,,-58.5,True,11,5,1,europe,-4.760355757249535e-05,,0.75
BTC,1785585600,,,,,,,,,,,,,,,,,,,,63068.9,63103.68,,63069.2,0.0,,,,183652403590.57578,71919740829.19958,,,,,,,,,,,,,,27,Fear,4047.07,,,,False,12,5,1,europe,,,
BTC,1785589200,1785592680.0,63041.5,63041.0,63068.0,-0.0004122534,3.1064e-06,34127.00704,1113286171.4295785,63041.0,63042.0,250315.8911,2408093.70573,-1536.11301,-96838100.26341,165716806.55475,24.0625,6.0,10.0,,63036.7,63069.32,,63038.6,18.0,-0.11747777777777776,0.2222222222222222,0.4444444444444444,183652403590.57578,71919740829.19958,,,,,,,,,,,,,,27,Fear,4046.64,,,-27.81999999999971,True,13,5,1,us,,,
BTC,1785592800,1785596280.0,63066.5,63067.0,63093.6,-0.0004089163,6.0397e-06,34209.32896,772936285.98467,63066.0,63067.0,1042970.6786999999,297616.35935,-1457.97339,-91945633.86695999,160643539.55144,24.0625,6.0,10.0,,63097.1,63126.52,,63099.7,25.0,0.115024,0.4,0.32,183652403590.57578,71919740829.19958,,,,,,,,,,,,,,27,Fear,4046.32,,,-60.0199999999968,True,14,5,1,us,0.0003965641680481191,,0.25
BTC,1785596400,1785599880.0,63000.5,62996.0,63025.0,-0.0003808013,6.1025e-06,34236.0555,692055630.3964287,63000.0,63001.0,5290413.60664,2558971.8110100003,-1461.78655,-92094014.43654999,160477886.65761,24.0625,6.0,10.0,,62976.4,63007.06,,62972.7,23.0,0.020965217391304355,0.34782608695652173,0.2608695652173913,183652403590.57578,71919740829.19958,,,,,,,,,,,,,,27,Fear,4045.44,,,-6.559999999997672,True,15,5,1,us,-0.0010465143935369792,,0.75
BTC,1785600000,1785603540.0,62884.5,62885.7,62914.9,-0.0004450456,7.3379e-06,34260.4909,576647393.6506231,62885.0,62886.0,1192234.03505,197076.58731,-1443.69566,-90780710.08143,159362883.31215,24.0625,6.0,10.0,3.545e-05,62899.9,62932.32,4.871e-05,62904.7,39.0,0.1767128205128205,0.4358974358974359,0.3076923076923077,183652403590.57578,71919740829.19958,,,,,,,,,,,,,,27,Fear,4042.7,-2.81121e-05,-4.13721e-05,-47.81999999999971,True,16,5,1,us,-0.0018412552281331651,,0.5
BTC,1785603600,1785606360.0,62745.5,62746.0,62772.3,-0.0004189746,2.0926e-06,34824.27984,562703455.0547497,62745.0,62746.0,22441.75408,2421947.7914600004,-1359.72215,-85359287.42138001,158443387.15654,24.0625,7.0,9.0,3.545e-05,62684.0,62708.07,4.871e-05,62677.1,0.0,,,,183652403590.57578,71919740829.19958,,,,,,,,,,,,,,27,Fear,4042.0,-3.33574e-05,-4.66174e-05,37.43000000000029,True,17,5,1,us,-0.0022104016092996392,,1.0
BTC,1785607200,1785610680.0,62537.5,62540.0,62570.0,-0.0005114272,2.672e-06,34913.18232,597123272.1968803,62536.0,62537.0,367560.17055000004,1875269.1559199998,-1202.3453100000002,-75205536.61288,155065058.99598,24.0625,7.0,9.0,3.545e-05,62552.5,62580.56,4.871e-05,62551.3,18.0,0.08222222222222222,0.5,0.2777777777777778,183652403590.57578,71919740829.19958,,,,,,,,,,,,,,27,Fear,4039.2,-3.2778000000000004e-05,-4.6038e-05,-43.05999999999767,True,18,5,1,us,-0.0033149787634172423,,0.75
BTC,1785610800,1785614280.0,62505.5,62505.0,62536.0,-0.0004797237,8.686e-07,35062.57938,626774077.9702404,62505.0,62506.0,278311.75732,1279031.57146,-1187.80458,-74243382.856522,155866537.782806,24.0625,7.0,9.0,3.545e-05,62502.1,62529.82,4.871e-05,62496.8,27.0,0.1547,0.4074074074074074,0.18518518518518517,183652403590.57578,71919740829.19958,85.0,79.0,43.0,41.0,58.0,46.0,,70.0,,,,37.0,,27,Fear,4048.26,-3.45814e-05,-4.78414e-05,-24.31999999999971,True,19,5,1,us,-0.0005116929842094997,,0.5
BTC,1785614400,1785614640.0,62522.5,62523.0,62554.0,-0.0004955718,1.9757e-06,35137.39462,631650072.9608209,62522.0,62523.0,845606.7760699999,368037.00482000003,-1188.3210100000001,-74297327.0669,155874747.81604,24.0625,7.0,9.0,3.545e-05,62631.8,62662.13,4.871e-05,62625.9,41.0,0.09345609756097562,0.36585365853658536,0.2682926829268293,183652403590.57578,71919740829.19958,89.0,91.0,44.0,49.0,40.0,45.0,,78.0,65.0,,75.0,41.0,45.0,27,Fear,4048.73,-3.34743e-05,-4.67343e-05,-139.62999999999738,True,20,5,1,us,0.00027197606610607217,,0.5
BTC,1785618000,,,,,,,,,,,,,,,,,,,3.545e-05,62789.4,62812.75,4.871e-05,62792.2,0.0,,,,183652403590.57578,71919740829.19958,93.0,95.0,42.0,55.0,38.0,46.0,56.0,100.0,38.0,95.0,69.0,49.0,43.0,27,Fear,4049.06,,,,False,21,5,1,us,,,
BTC,1785621600,,,,,,,,,,,,,,,,,,,3.545e-05,62800.1,62831.28,4.871e-05,62800.0,0.0,,,,183652403590.57578,71919740829.19958,96.0,94.0,49.0,54.0,64.0,52.0,59.0,91.0,48.0,93.0,85.0,45.0,44.0,27,Fear,4049.37,,,,False,22,5,1,us,,,
BTC,1785625200,,,,,,,,,,,,,,,,,,,3.545e-05,62792.3,62823.64,4.871e-05,62790.3,0.0,,,,183652403590.57578,71919740829.19958,96.0,95.0,52.0,51.0,47.0,49.0,61.0,88.0,48.0,94.0,90.0,45.0,45.0,27,Fear,4048.4,,,,False,23,5,1,us,,,
BTC,1785628800,,,,,,,,,,,,,,,,,,,4.53e-05,62807.5,62833.99,1.631e-05,62812.2,0.0,,,,183318565748.8414,71956259992.25401,100.0,94.0,56.0,51.0,86.0,65.0,66.0,100.0,46.0,91.0,94.0,28.0,72.0,27,Fear,4050.06,,,,False,0,6,1,asia,,,
BTC,1785632400,1785633780.0,62951.5,62959.0,62985.0,-0.0005239343,1.25e-05,34862.40928,710394453.5276113,62951.0,62952.0,1505718.7773,380442.36826,-1566.6059500000001,-99051137.242302,145704154.945682,24.0625,6.0,10.0,4.53e-05,62960.8,62981.87,1.631e-05,62958.2,0.0,,,,183318565748.8414,71956259992.25401,96.0,99.0,56.0,54.0,50.0,53.0,70.0,92.0,65.0,84.0,96.0,39.0,93.0,27,Fear,4053.31,-3.2800000000000004e-05,-3.810000000000001e-06,-30.37000000000262,True,1,6,1,asia,,,
BTC,1785636000,,,,,,,,,,,,,,,,,,,4.53e-05,63425.4,63451.58,1.631e-05,63422.9,0.0,,,,183318565748.8414,71956259992.25401,100.0,100.0,100.0,48.0,59.0,53.0,56.0,80.0,100.0,84.0,89.0,33.0,87.0,27,Fear,4056.98,,,,False,2,6,1,asia,,,
BTC,1785639600,,,,,,,,,,,,,,,,,,,4.53e-05,63436.7,63461.95,1.631e-05,63439.9,0.0,,,,183318565748.8414,71956259992.25401,86.0,91.0,85.0,46.0,43.0,58.0,48.0,74.0,53.0,80.0,93.0,23.0,82.0,27,Fear,4059.66,,,,False,3,6,1,asia,,,
BTC,1785643200,,,,,,,,,,,,,,,,,,,4.53e-05,63557.1,63590.0,1.631e-05,63558.4,0.0,,,,183318565748.8414,71956259992.25401,89.0,86.0,79.0,38.0,40.0,58.0,42.0,73.0,41.0,76.0,88.0,23.0,66.0,27,Fear,4061.0,,,,False,4,6,1,asia,,,
BTC,1785646800,1785649620.0,63412.5,63409.5,63430.4,-0.0002743164,1.25e-05,33658.2504,985501777.0914792,63412.0,63413.0,870246.68984,663028.09525,-1769.84469,-112204613.65662,144699905.21622,24.0625,5.0,11.0,4.53e-05,63428.5,63453.27,1.631e-05,63431.5,29.0,0.13375172413793104,0.3793103448275862,0.27586206896551724,183318565748.8414,71956259992.25401,86.0,83.0,78.0,36.0,54.0,53.0,39.0,73.0,54.0,76.0,77.0,24.0,51.0,27,Fear,4061.01,-3.2800000000000004e-05,-3.810000000000001e-06,-40.7699999999968,True,5,6,1,asia,,,
BTC,1785650400,,,,,,,,,,,,,,,,,,,4.53e-05,63460.0,63482.49,1.631e-05,63457.8,0.0,,,,183318565748.8414,71956259992.25401,89.0,78.0,62.0,36.0,0.0,48.0,36.0,75.0,51.0,74.0,70.0,26.0,50.0,27,Fear,4060.55,,,,False,6,6,1,asia,,,
BTC,1785654000,,,,,,,,,,,,,,,,,,,4.53e-05,63468.1,63506.24,1.631e-05,63469.1,0.0,,,,183318565748.8414,71956259992.25401,82.0,73.0,61.0,34.0,0.0,46.0,35.0,80.0,43.0,66.0,65.0,28.0,55.0,27,Fear,4059.7,,,,False,7,6,1,asia,,,
BTC,1785657600,1785661140.0,63149.5,63153.0,63180.0,-0.0002975625,1.25e-05,33548.1225,1038245132.47591,63161.0,63162.0,1507289.3869200002,825524.6310699999,-1849.2943300000002,-116867922.017554,143966624.539806,24.0625,5.0,11.0,8.943e-05,63171.1,63193.99,0.0001,63166.1,13.0,-0.021923076923076917,0.23076923076923078,0.38461538461538464,183318565748.8414,71956259992.25401,81.0,59.0,64.0,33.0,25.0,48.0,29.0,72.0,42.0,61.0,70.0,25.0,50.0,27,Fear,4059.65,-7.693e-05,-8.75e-05,-44.48999999999796,True,8,6,1,europe,,,
BTC,1785661200,1785664740.0,63253.5,63253.0,63274.0,-0.0003160856,1.25e-05,33590.30358,1058821505.2081804,63253.0,63254.0,732245.5470700001,946260.9411500001,-1870.23756,-118298136.38268,143412936.11698002,24.0625,5.0,11.0,8.943e-05,63249.8,63273.94,0.0001,63242.6,12.0,0.35065833333333335,0.6666666666666666,0.25,183318565748.8414,71956259992.25401,77.0,59.0,53.0,32.0,40.0,43.0,30.0,65.0,53.0,60.0,65.0,19.0,50.0,27,Fear,4059.84,-7.693e-05,-8.75e-05,-20.44000000000233,True,9,6,1,europe,0.001646885565206313,,0.5
BTC,1785664800,1785668340.0,63172.5,63173.0,63198.0,-0.0003955821,1.25e-05,33681.39482,1068742223.3989899,63172.0,63173.0,1112808.4976400002,756166.0128200001,-1881.0891000000001,-118832161.19166,142293540.78246,24.0625,5.0,11.0,8.943e-05,63176.7,63205.03,0.0001,63170.9,9.0,0.36412222222222224,0.5555555555555556,0.1111111111111111,183318565748.8414,71956259992.25401,75.0,64.0,50.0,32.0,37.0,40.0,32.0,63.0,39.0,57.0,63.0,19.0,53.0,27,Fear,4059.74,-7.693e-05,-8.75e-05,-32.529999999998836,True,10,6,1,europe,-0.001280561549953707,,0.75
BTC,1785668400,1785671880.0,62987.5,62982.2,63007.0,-0.0003015538,1.25e-05,33595.0095599999,1094337518.1959484,62990.0,62991.0,1765885.31893,840857.5519299998,-1877.26667,-118331200.00764999,141256635.24673,24.0625,5.0,11.0,8.943e-05,63007.3,63031.99,0.0001,62999.8,18.0,0.12161666666666665,0.4444444444444444,0.3333333333333333,183318565748.8414,71956259992.25401,78.0,68.0,55.0,33.0,0.0,37.0,38.0,51.0,45.0,65.0,54.0,20.0,58.0,27,Fear,4059.64,-7.693e-05,-8.75e-05,-44.48999999999796,True,11,6,1,europe,-0.002928489453480565,,1.0
BTC,1785672000,1785675480.0,63097.5,63098.0,63120.9,-0.0003627958,1.25e-05,33657.9477,1124978157.7223177,63097.0,63098.0,772788.0017499998,767661.3798100001,-1910.2267900000002,-120588658.47839999,140580904.51714,24.0625,5.0,11.0,8.943e-05,63097.2,63125.49,0.0001,63097.9,8.0,-0.04581249999999999,0.375,0.375,183318565748.8414,71956259992.25401,73.0,74.0,47.0,30.0,25.0,41.0,43.0,55.0,37.0,63.0,52.0,23.0,62.0,27,Fear,4060.16,-7.693e-05,-8.75e-05,-27.989999999997963,True,12,6,1,europe,0.0017463782496527358,,0.5
BTC,1785675600,1785679140.0,63098.5,63098.0,63118.6,-0.0003105265,1.25e-05,33645.31274,1142361321.594129,63098.0,63099.0,2248511.55102,83586.6106,-1913.46337,-120730970.03414,139067237.83216,24.0625,5.0,11.0,8.943e-05,63095.0,63126.92,0.0001,63089.5,10.0,-0.11659,0.2,0.5,183318565748.8414,71956259992.25401,75.0,66.0,46.0,31.0,29.0,34.0,44.0,46.0,44.0,69.0,50.0,17.0,57.0,27,Fear,4060.09,-7.693e-05,-8.75e-05,-28.419999999998254,True,13,6,1,us,1.5848488450487253e-05,,0.5
BTC,1785679200,1785682740.0,63047.5,63048.0,63071.0,-0.0003646684,1.25e-05,33685.32386,1152108690.385819,63047.0,63048.0,459882.62501,1752650.42653,-1913.9135700000002,-120666678.17129001,137820369.74977,24.0625,5.0,11.0,8.943e-05,63042.7,63069.37,0.0001,63036.6,9.0,0.1572,0.4444444444444444,0.3333333333333333,183318565748.8414,71956259992.25401,72.0,65.0,48.0,30.0,30.0,34.0,45.0,39.0,39.0,73.0,55.0,21.0,65.0,27,Fear,4060.25,-7.693e-05,-8.75e-05,-21.87000000000262,True,14,6,1,us,-0.0008082601012702195,,0.5
BTC,1785682800,1785686280.0,63102.5,63096.0,63109.1,-9.6658e-05,1.25e-05,33725.8100599999,1164016462.5361598,63102.0,63103.0,4856661.68299,5242644.29327,-1935.30689,-122115929.45210999,136426618.59471,24.0625,5.0,11.0,8.943e-05,63081.6,63109.14,0.0001,63074.8,9.0,0.060466666666666655,0.3333333333333333,0.3333333333333333,183318565748.8414,71956259992.25401,70.0,62.0,47.0,36.0,24.0,35.0,45.0,44.0,38.0,74.0,49.0,25.0,85.0,27,Fear,4060.6,-7.693e-05,-8.75e-05,-6.639999999999418,True,15,6,1,us,0.000872358142670171,,0.75
BTC,1785686400,1785689880.0,63178.5,63178.0,63194.0,-0.0002373643,1.25e-05,34139.52138,1168558992.2823007,63178.0,63179.0,649695.86816,1223977.60082,-1961.51878,-123938564.1143,138016781.1081,24.0625,4.0,12.0,7.707e-05,63158.6,63180.36,8e-08,63152.7,28.0,-0.021292857142857134,0.2857142857142857,0.32142857142857145,183318565748.8414,71956259992.25401,70.0,64.0,44.0,33.0,40.0,34.0,45.0,46.0,49.0,75.0,57.0,25.0,78.0,27,Fear,4063.09,-6.457e-05,1.2420000000000001e-05,-1.860000000000582,True,16,6,1,us,0.00120438968345149,,0.25
BTC,1785690000,1785693540.0,63296.5,63296.0,63314.0,-0.000268503,1.25e-05,34121.66952,1114114564.7403977,63296.0,63297.0,1452480.1687599998,604128.71272,-1984.2771,-125585305.47690001,139685935.21494,24.0625,4.0,12.0,7.707e-05,63279.7,63300.28,8e-08,63280.0,12.0,-0.013183333333333333,0.3333333333333333,0.4166666666666667,183318565748.8414,71956259992.25401,74.0,68.0,50.0,35.0,38.0,37.0,48.0,52.0,52.0,80.0,62.0,23.0,58.0,27,Fear,4067.47,-6.457e-05,1.2420000000000001e-05,-3.779999999998836,True,17,6,1,us,0.0018677239883821972,,0.5
BTC,1785693600,1785697140.0,63361.5,63361.0,63382.1,-0.0003171242,1.25e-05,33791.7933,1006624772.5990676,63361.0,63362.0,735814.90138,1314859.4997599998,-1963.8036200000001,-124437814.15377,138565777.28369,24.0625,4.0,12.0,7.707e-05,63364.2,63382.01,8e-08,63356.5,27.0,0.2503777777777778,0.5925925925925926,0.2222222222222222,183318565748.8414,71956259992.25401,80.0,71.0,62.0,36.0,54.0,42.0,46.0,53.0,51.0,81.0,66.0,24.0,51.0,27,Fear,4066.6,-6.457e-05,1.2420000000000001e-05,-20.510000000002037,True,18,6,1,us,0.0010269130204672017,,0.25
BTC,1785697200,1785700680.0,63428.5,63428.0,63450.0,-0.0003309693,1.25e-05,33693.86458,987993566.9719294,63428.0,63429.0,1765170.04514,269356.45846,-1959.96047,-124316530.21518,138446527.85390002,24.0625,4.0,12.0,7.707e-05,63432.9,63456.01,8e-08,63424.9,20.0,0.218345,0.45,0.2,183318565748.8414,71956259992.25401,91.0,70.0,72.0,38.0,27.0,43.0,48.0,65.0,52.0,84.0,66.0,21.0,49.0,27,Fear,4066.03,-6.457e-05,1.2420000000000001e-05,-27.510000000002037,True,19,6,1,us,0.001057424461226475,,0.25
BTC,1785700800,1785704340.0,63483.5,63486.0,63500.0,-0.0002519685,1.25e-05,33768.7678,968073657.1446202,63483.0,63484.0,624610.87413,1805119.4851000002,-1964.83093,-124735488.93951,138873878.71021,24.0625,4.0,12.0,7.707e-05,63477.2,63494.52,8e-08,63466.1,26.0,0.18197692307692306,0.5,0.2692307692307692,183318565748.8414,71956259992.25401,87.0,77.0,71.0,43.0,34.0,43.0,51.0,67.0,60.0,83.0,75.0,26.0,45.0,27,Fear,4067.8,-6.457e-05,1.2420000000000001e-05,-11.019999999996799,True,20,6,1,us,0.0008671180936015155,,0.75
BTC,1785704400,1785706560.0,63565.5,63566.0,63572.3,-9.90998e-05,1.25e-05,34105.45902,929897962.6582898,63565.0,63566.0,1509311.7296599997,257417.02839999998,-1990.8670000000002,-126513723.6937,140659523.22259998,24.0625,4.0,12.0,7.707e-05,63560.0,63578.0,8e-08,63549.5,44.0,0.126725,0.38636363636363635,0.29545454545454547,183318565748.8414,71956259992.25401,86.0,84.0,78.0,47.0,29.0,50.0,53.0,69.0,44.0,91.0,83.0,28.0,44.0,27,Fear,4073.16,-6.457e-05,1.2420000000000001e-05,-12.5,True,21,6,1,us,0.0012916742145596682,,0.25
BTC,1785708000,,,,,,,,,,,,,,,,,,,7.707e-05,63398.0,63424.58,8e-08,63385.8,0.0,,,,183318565748.8414,71956259992.25401,94.0,83.0,80.0,47.0,47.0,51.0,67.0,86.0,48.0,96.0,92.0,26.0,44.0,27,Fear,4063.57,,,,False,22,6,1,us,,,
BTC,1785711600,,,,,,,,,,,,,,,,,,,7.707e-05,63550.0,63570.0,8e-08,63545.9,0.0,,,,183318565748.8414,71956259992.25401,94.0,82.0,90.0,49.0,41.0,51.0,69.0,92.0,62.0,95.0,93.0,31.0,45.0,27,Fear,4072.23,,,,False,23,6,1,us,,,
BTC,1785715200,,,,,,,,,,,,,,,,,,,0.0001,63298.9,63317.6,4.142e-05,63287.1,0.0,,,,183294244405.26926,71925700747.55423,98.0,83.0,95.0,46.0,80.0,56.0,71.0,90.0,58.0,94.0,93.0,26.0,71.0,28,Fear,4054.83,,,,False,0,0,0,asia,,,
BTC,1785718800,1785720300.0,63218.5,63218.0,63239.1,-0.0003178413,1.25e-05,35501.24794,1131820343.9077296,63218.0,63219.0,2009957.4459099998,207322.97926,-2050.24103,-129619494.06965399,143717169.67007798,24.0625,4.0,12.0,0.0001,63185.9,63212.16,4.142e-05,63182.7,18.0,0.2399777777777778,0.3888888888888889,0.05555555555555555,183294244405.26926,71925700747.55423,83.0,82.0,61.0,45.0,60.0,32.0,74.0,77.0,55.0,86.0,60.0,24.0,100.0,28,Fear,4054.43,-8.75e-05,-2.892e-05,6.3399999999965075,True,1,0,0,asia,,,
BTC,1785722400,,,,,,,,,,,,,-2058.57827,-130058090.671647,144133946.617287,24.0625,4.0,12.0,0.0001,63118.3,63141.4,4.142e-05,63110.5,21.0,0.1900047619047619,0.5714285714285714,0.2857142857142857,183294244405.26926,71925700747.55423,81.0,80.0,55.0,48.0,46.0,33.0,63.0,67.0,55.0,83.0,59.0,23.0,93.0,28,Fear,4059.55,,,,False,2,0,0,asia,,,
BTC,1785726000,,,,,,,,,,,,,,,,,,,0.0001,62839.7,62870.49,4.142e-05,62830.0,0.0,,,,183294244405.26926,71925700747.55423,86.0,79.0,86.0,58.0,40.0,82.0,55.0,94.0,61.0,81.0,97.0,29.0,75.0,28,Fear,4061.61,,,,False,3,0,0,asia,,,
BTC,1785729600,,,,,,,,,,,,,,,,,,,0.0001,62765.3,62790.0,4.142e-05,62754.7,0.0,,,,183294244405.26926,71925700747.55423,92.0,81.0,100.0,59.0,10.0,92.0,49.0,78.0,63.0,78.0,100.0,29.0,65.0,28,Fear,4061.14,,,,False,4,0,0,asia,,,
BTC,1785733200,1785736260.0,62818.5,62818.0,62832.0,-0.0002069009,1.25e-05,35681.10032,971375811.7246095,62818.0,62819.0,695671.8045,1068425.21417,-2067.64985,-129927847.25988,143915069.95744002,24.0625,4.0,12.0,0.0001,62799.9,62827.17,4.142e-05,62795.9,0.0,,,,183294244405.26926,71925700747.55423,91.0,77.0,81.0,54.0,6.0,75.0,48.0,70.0,49.0,70.0,92.0,31.0,54.0,28,Fear,4065.01,-8.75e-05,-2.892e-05,-8.669999999998254,True,5,0,0,asia,,,
BTC,1785736800,,,,,,,,,,,,,,,,,,,0.0001,62594.9,62623.6,4.142e-05,62598.1,0.0,,,,183294244405.26926,71925700747.55423,89.0,64.0,83.0,38.0,10.0,52.0,42.0,62.0,40.0,66.0,80.0,24.0,48.0,28,Fear,4061.51,,,,False,6,0,0,asia,,,
BTC,1785740400,1785740760.0,62613.5,62613.0,62636.4,-0.0003448474,1.25e-05,35412.39708,995049600.0153894,62626.0,62627.0,633278.02754,1374157.3473999999,-2061.31154,-129040941.996602,142985260.221198,24.0625,4.0,12.0,0.0001,62591.0,62621.1,4.142e-05,62591.5,0.0,,,,183294244405.26926,71925700747.55423,83.0,60.0,80.0,39.0,11.0,57.0,42.0,66.0,44.0,63.0,74.0,23.0,48.0,28,Fear,4058.76,-8.75e-05,-2.892e-05,-7.599999999998545,True,7,0,0,asia,,,
BTC,1785744000,,,,,,,,,,,,,,,,,,,6.364e-05,62512.4,62541.5,9.21e-06,62509.1,0.0,,,,183294244405.26926,71925700747.55423,81.0,59.0,71.0,43.0,0.0,65.0,41.0,67.0,30.0,59.0,72.0,14.0,50.0,28,Fear,4056.67,,,,False,8,0,0,europe,,,
BTC,1785747600,,,,,,,,,,,,,,,,,,,6.364e-05,62806.0,62837.4,9.21e-06,62798.5,0.0,,,,183294244405.26926,71925700747.55423,80.0,62.0,68.0,37.0,7.0,46.0,41.0,58.0,41.0,58.0,70.0,24.0,49.0,28,Fear,4053.55,,,,False,9,0,0,europe,,,
BTC,1785751200,,,,,,,,,,,,,,,,,,,6.364e-05,62708.8,62742.01,9.21e-06,62711.8,0.0,,,,183294244405.26926,71925700747.55423,80.0,69.0,100.0,36.0,15.0,47.0,42.0,69.0,33.0,62.0,95.0,17.0,50.0,28,Fear,4048.04,,,,False,10,0,0,europe,,,
BTC,1785754800,,,,,,,,,,,,,,,,,,,6.364e-05,62534.1,62560.01,9.21e-06,62533.9,0.0,,,,183294244405.26926,71925700747.55423,86.0,70.0,100.0,33.0,64.0,44.0,43.0,60.0,29.0,63.0,92.0,29.0,54.0,28,Fear,4059.93,,,,False,11,0,0,europe,,,
BTC,1785758400,,,,,,,,,,,,,,,,,,,6.364e-05,62669.9,62700.0,9.21e-06,62675.2,0.0,,,,183294244405.26926,71925700747.55423,84.0,71.0,82.0,33.0,13.0,38.0,44.0,55.0,39.0,68.0,80.0,22.0,54.0,28,Fear,4046.98,,,,False,12,0,0,europe,,,
BTC,1785762000,,,,,,,,,,,,,,,,,,,6.364e-05,63317.6,63351.09,9.21e-06,63323.6,0.0,,,,183294244405.26926,71925700747.55423,87.0,83.0,87.0,41.0,18.0,40.0,46.0,58.0,31.0,71.0,88.0,31.0,52.0,28,Fear,4033.07,,,,False,13,0,0,us,,,
BTC,1785765600,,,,,,,,,,,,,,,,,,,6.364e-05,63927.9,63967.19,9.21e-06,63935.2,0.0,,,,183294244405.26926,71925700747.55423,91.0,89.0,83.0,47.0,18.0,39.0,46.0,56.0,21.0,73.0,79.0,23.0,57.0,28,Fear,4037.53,,,,False,14,0,0,us,,,
BTC,1785769200,,,,,,,,,,,,,,,,,,,6.364e-05,63659.5,63694.91,9.21e-06,63661.8,0.0,,,,183294244405.26926,71925700747.55423,89.0,84.0,83.0,46.0,0.0,37.0,48.0,56.0,36.0,74.0,84.0,25.0,74.0,28,Fear,4037.27,,,,False,15,0,0,us,,,
BTC,1785772800,,,,,,,,,,,,,,,,,,,2.474e-05,63738.0,63776.46,4.861e-05,63737.1,0.0,,,,183294244405.26926,71925700747.55423,84.0,81.0,91.0,47.0,14.0,38.0,48.0,57.0,38.0,78.0,84.0,21.0,62.0,28,Fear,4038.04,,,,False,16,0,0,us,,,
BTC,1785776400,,,,,,,,,,,,,,,,,,,2.474e-05,63874.1,63906.0,4.861e-05,63877.6,0.0,,,,183294244405.26926,71925700747.55423,83.0,82.0,88.0,49.0,0.0,39.0,49.0,55.0,42.0,81.0,91.0,21.0,46.0,28,Fear,4032.23,,,,False,17,0,0,us,,,
BTC,1785780000,,,,,,,,,,,,,,,,,,,2.474e-05,63835.5,63870.87,4.861e-05,63833.8,0.0,,,,183294244405.26926,71925700747.55423,88.0,81.0,93.0,49.0,37.0,41.0,47.0,61.0,56.0,82.0,91.0,22.0,43.0,28,Fear,4044.55,,,,False,18,0,0,us,,,
BTC,1785783600,,,,,,,,,,,,,,,,,,,2.474e-05,63836.9,63869.38,4.861e-05,63838.2,0.0,,,,183294244405.26926,71925700747.55423,90.0,71.0,84.0,49.0,16.0,44.0,50.0,62.0,49.0,85.0,100.0,19.0,38.0,28,Fear,4051.35,,,,False,19,0,0,us,,,
BTC,1785787200,,,,,,,,,,,,,,,,,,,2.474e-05,63755.9,63775.43,4.861e-05,63754.6,0.0,,,,183294244405.26926,71925700747.55423,100.0,78.0,72.0,50.0,16.0,35.0,50.0,69.0,53.0,88.0,88.0,29.0,40.0,28,Fear,4054.16,,,,False,20,0,0,us,,,
BTC,1785790800,,,,,,,,,,,,,,,,,,,2.474e-05,63561.1,63590.15,4.861e-05,63560.3,0.0,,,,183294244405.26926,71925700747.55423,89.0,88.0,52.0,54.0,32.0,29.0,53.0,69.0,41.0,94.0,78.0,22.0,37.0,28,Fear,4052.76,,,,False,21,0,0,us,,,
BTC,1785794400,,,,,,,,,,,,,,,,,,,2.474e-05,63587.6,63618.0,4.861e-05,63588.3,0.0,,,,183294244405.26926,71925700747.55423,84.0,75.0,71.0,55.0,37.0,44.0,58.0,65.0,76.0,97.0,93.0,43.0,39.0,28,Fear,4052.19,,,,False,22,0,0,us,,,
BTC,1785798000,,,,,,,,,,,,,,,,,,,2.474e-05,63497.2,63520.0,4.861e-05,63504.0,0.0,,,,183294244405.26926,71925700747.55423,71.0,73.0,28.0,43.0,23.0,26.0,62.0,50.0,39.0,83.0,56.0,35.0,44.0,28,Fear,4052.2,,,,False,23,0,0,us,,,
BTC,1785801600,,,,,,,,,,,,,,,,,,,3.081e-05,63337.6,63361.99,4.654e-05,63337.6,0.0,,,,183257981671.08038,72085533591.37706,67.0,68.0,28.0,43.0,30.0,20.0,69.0,50.0,54.0,83.0,50.0,27.0,68.0,25,Extreme Fear,4046.38,,,,False,0,1,0,asia,,,
BTC,1785805200,,,,,,,,,,,,,,,,,,,3.081e-05,63816.1,63847.93,4.654e-05,63823.8,0.0,,,,183257981671.08038,72085533591.37706,62.0,65.0,24.0,44.0,54.0,17.0,69.0,44.0,37.0,82.0,50.0,26.0,97.0,25,Extreme Fear,4057.76,,,,False,1,1,0,asia,,,
BTC,1785808800,,,,,,,,,,,,,,,,,,,3.081e-05,63802.3,63822.44,4.654e-05,63797.9,0.0,,,,183257981671.08038,72085533591.37706,66.0,69.0,22.0,44.0,29.0,18.0,61.0,47.0,24.0,76.0,46.0,47.0,93.0,25,Extreme Fear,4055.75,,,,False,2,1,0,asia,,,
BTC,1785812400,,,,,,,,,,,,,,,,,,,3.081e-05,63771.0,63800.01,4.654e-05,63776.3,0.0,,,,183257981671.08038,72085533591.37706,67.0,61.0,26.0,40.0,66.0,18.0,58.0,48.0,22.0,73.0,43.0,100.0,78.0,25,Extreme Fear,4050.01,,,,False,3,1,0,asia,,,
BTC,1785816000,,,,,,,,,,,,,,,,,,,3.081e-05,64004.4,64029.0,4.654e-05,64010.2,0.0,,,,183257981671.08038,72085533591.37706,65.0,61.0,25.0,41.0,36.0,18.0,54.0,49.0,33.0,72.0,47.0,34.0,71.0,25,Extreme Fear,4060.54,,,,False,4,1,0,asia,,,
BTC,1785819600,,,,,,,,,,,,,,,,,,,3.081e-05,63783.7,63818.48,4.654e-05,63790.6,0.0,,,,183257981671.08038,72085533591.37706,69.0,62.0,34.0,38.0,27.0,15.0,48.0,54.0,33.0,68.0,42.0,19.0,57.0,25,Extreme Fear,4059.43,,,,False,5,1,0,asia,,,
BTC,1785823200,,,,,,,,,,,,,,,,,,,3.081e-05,63653.4,63670.0,4.654e-05,63654.6,0.0,,,,183257981671.08038,72085533591.37706,62.0,54.0,46.0,32.0,27.0,16.0,45.0,55.0,30.0,63.0,42.0,15.0,53.0,25,Extreme Fear,4059.11,,,,False,6,1,0,asia,,,
BTC,1785826800,,,,,,,,,,,,,,,,,,,3.081e-05,63666.5,63685.74,4.654e-05,63662.7,0.0,,,,183257981671.08038,72085533591.37706,60.0,48.0,34.0,31.0,24.0,14.0,42.0,50.0,24.0,59.0,35.0,20.0,49.0,25,Extreme Fear,4061.31,,,,False,7,1,0,asia,,,
BTC,1785830400,,,,,,,,,,,,,,,,,,,6.248e-05,63559.7,63588.94,0.0001,63558.3,0.0,,,,183257981671.08038,72085533591.37706,59.0,45.0,38.0,32.0,0.0,19.0,41.0,50.0,17.0,57.0,32.0,19.0,50.0,25,Extreme Fear,4052.84,,,,False,8,1,0,europe,,,
BTC,1785834000,,,,,,,,,,,,,,,,,,,6.248e-05,63576.4,63603.73,0.0001,63580.7,0.0,,,,183257981671.08038,72085533591.37706,60.0,46.0,28.0,32.0,26.0,17.0,39.0,45.0,32.0,57.0,30.0,15.0,47.0,25,Extreme Fear,4047.46,,,,False,9,1,0,europe,,,
BTC,1785837600,,,,,,,,,,,,,,,,,,,6.248e-05,63743.3,63764.0,0.0001,63737.6,0.0,,,,183257981671.08038,72085533591.37706,59.0,47.0,25.0,31.0,21.0,11.0,39.0,42.0,19.0,54.0,21.0,12.0,50.0,25,Extreme Fear,4052.21,,,,False,10,1,0,europe,,,
BTC,1785841200,,,,,,,,,,,,,,,,,,,6.248e-05,63900.2,63926.0,0.0001,63891.1,0.0,,,,183257981671.08038,72085533591.37706,60.0,49.0,20.0,31.0,0.0,14.0,41.0,42.0,18.0,60.0,32.0,21.0,50.0,25,Extreme Fear,4071.49,,,,False,11,1,0,europe,,,
BTC,1785844800,,,,,,,,,,,,,,,,,,,6.248e-05,63875.1,63906.41,0.0001,63876.1,0.0,,,,183257981671.08038,72085533591.37706,64.0,54.0,32.0,35.0,25.0,15.0,47.0,44.0,19.0,69.0,38.0,24.0,52.0,25,Extreme Fear,4066.95,,,,False,12,1,0,europe,,,
BTC,1785848400,,,,,,,,,,,,,,,,,,,6.248e-05,63663.7,63683.94,0.0001,63662.9,0.0,,,,183257981671.08038,72085533591.37706,64.0,61.0,26.0,41.0,23.0,15.0,46.0,44.0,18.0,72.0,35.0,21.0,48.0,25,Extreme Fear,4079.17,,,,False,13,1,0,us,,,
BTC,1785852000,,,,,,,,,,,,,,,,,,,6.248e-05,64100.0,64128.72,0.0001,64097.3,0.0,,,,183257981671.08038,72085533591.37706,65.0,60.0,27.0,45.0,20.0,16.0,44.0,44.0,21.0,72.0,36.0,22.0,55.0,25,Extreme Fear,4079.82,,,,False,14,1,0,us,,,
BTC,1785855600,,,,,,,,,,,,,,,,,,,6.248e-05,64088.4,64125.14,0.0001,64095.0,0.0,,,,183257981671.08038,72085533591.37706,66.0,57.0,29.0,49.0,0.0,20.0,47.0,43.0,34.0,75.0,37.0,23.0,75.0,25,Extreme Fear,4081.21,,,,False,15,1,0,us,,,
BTC,1785859200,,,,,,,,,,,,,,,,,,,7.684e-05,63928.9,63950.93,6.252e-05,63927.1,0.0,,,,183257981671.08038,72085533591.37706,66.0,58.0,27.0,59.0,16.0,46.0,50.0,48.0,30.0,76.0,36.0,17.0,56.0,25,Extreme Fear,4088.12,,,,False,16,1,0,us,,,
BTC,1785862800,,,,,,,,,,,,,,,,,,,7.684e-05,63936.1,63972.09,6.252e-05,63940.1,0.0,,,,183257981671.08038,72085533591.37706,67.0,57.0,29.0,69.0,24.0,53.0,50.0,49.0,27.0,76.0,36.0,26.0,47.0,25,Extreme Fear,4081.59,,,,False,17,1,0,us,,,
BTC,1785866400,1785869880.0,64267.5,64267.5,64300.4,-0.0004634497,-7.824e-07,33178.61706,1638977504.6597688,64267.0,64268.0,1411536.14684,296364.04424,-1399.20839,-89930501.44444299,132734744.687741,24.0625,7.0,9.0,7.684e-05,64270.7,64305.99,6.252e-05,64276.2,37.0,0.18591891891891893,0.4594594594594595,0.16216216216216217,183257981671.08038,72085533591.37706,72.0,57.0,43.0,70.0,61.0,64.0,50.0,53.0,32.0,74.0,46.0,28.0,41.0,25,Extreme Fear,4075.09,-7.76224e-05,-6.33024e-05,-38.48999999999796,True,18,1,0,us,,,
BTC,1785870000,1785873540.0,64259.5,64259.0,64286.9,-0.0004184367,2.7585e-06,33135.75908,1624588945.86297,64259.0,64260.0,1406992.99505,230859.05026,-1473.2421199999999,-94682405.916255,132227335.841295,24.0625,6.0,10.0,7.684e-05,64197.3,64233.36,6.252e-05,64206.0,27.0,0.06533333333333334,0.3333333333333333,0.2222222222222222,183257981671.08038,72085533591.37706,76.0,56.0,46.0,74.0,22.0,63.0,48.0,56.0,24.0,74.0,48.0,23.0,41.0,25,Extreme Fear,4073.08,-7.40815e-05,-5.976150000000001e-05,26.139999999999418,True,19,1,0,us,-0.000124479713696668,,0.25
BTC,1785873600,1785874860.0,64032.5,64029.0,64057.4,-0.0003809084,7.8241e-06,33057.601,1611712525.2103004,64032.0,64033.0,629783.25862,1332361.48639,-1499.82052,-96022416.24701,131125130.39840999,24.0625,6.0,10.0,7.684e-05,64316.3,64341.0,6.252e-05,64316.0,0.0,,,,183257981671.08038,72085533591.37706,79.0,67.0,46.0,90.0,24.0,82.0,53.0,63.0,27.0,83.0,49.0,24.0,42.0,25,Extreme Fear,4073.36,-6.90159e-05,-5.4695900000000006e-05,-308.5,True,20,1,0,us,-0.0035325516071553764,,0.75
BTC,1785877200,1785880740.0,64165.5,64165.0,64194.0,-0.0004361778,2.5437e-06,33025.46872,1639842489.1525671,64165.0,64166.0,1757513.5676,279764.86619000003,-1462.91038,-93858466.065795,129487763.45866501,24.0625,6.0,10.0,7.684e-05,64166.8,64194.0,6.252e-05,64165.1,0.0,,,,183257981671.08038,72085533591.37706,81.0,69.0,42.0,100.0,42.0,100.0,59.0,63.0,30.0,86.0,50.0,28.0,40.0,25,Extreme Fear,4078.04,-7.42963e-05,-5.9976300000000004e-05,-28.5,True,21,1,0,us,0.002077070237769929,,0.75
BTC,1785880800,1785884340.0,64245.5,64242.1,64270.4,-0.000379646,7.1723e-06,33071.2295,1621426294.0150764,64245.0,64246.0,266873.35048,1010774.15408,-1491.24137,-95784407.119082,129925937.946562,24.0625,6.0,10.0,7.684e-05,64238.0,64270.61,6.252e-05,64241.0,13.0,0.27674615384615386,0.5384615384615384,0.15384615384615385,183257981671.08038,72085533591.37706,79.0,64.0,43.0,87.0,46.0,96.0,57.0,63.0,28.0,87.0,52.0,27.0,39.0,25,Extreme Fear,4072.81,-6.96677e-05,-5.5347700000000005e-05,-25.110000000000582,True,22,1,0,us,0.0012467759154062286,,0.75
BTC,1785884400,1785887940.0,64072.5,64072.0,64108.0,-0.0005459537,-4.7507e-06,35383.53444,1765191587.5956757,64072.0,64073.0,258626.8338,2992141.1442699996,-1151.7944499999999,-73799424.96439001,144675438.85827,24.0625,7.0,9.0,7.684e-05,64075.5,64106.56,6.252e-05,64076.5,11.0,0.10171818181818182,0.45454545454545453,0.45454545454545453,183257981671.08038,72085533591.37706,75.0,65.0,56.0,92.0,90.0,91.0,65.0,59.0,49.0,89.0,69.0,21.0,41.0,25,Extreme Fear,4068.67,-8.15907e-05,-6.72707e-05,-34.05999999999767,True,23,1,0,us,-0.00269279560436142,,0.75
BTC,1785888000,1785891480.0,63989.5,63990.0,64021.0,-0.0004842161,-6.5599e-06,35755.03576,1828779846.5457308,63989.0,63990.0,1290824.5452999999,864574.38641,-1076.48179,-68878476.636002,147445340.638266,24.0625,7.0,9.0,1.674e-05,63970.9,63988.0,3.783e-05,63969.8,20.0,0.13548,0.3,0.1,183164524608.55377,72172098708.52711,77.0,71.0,63.0,44.0,33.0,30.0,70.0,58.0,29.0,88.0,70.0,24.0,65.0,27,Fear,4076.63,-2.3299899999999997e-05,-4.43899e-05,1.5,True,0,2,0,asia,-0.0012954075461391046,,1.0
BTC,1785891600,1785895140.0,64308.5,64309.9,64341.6,-0.0005051164,1.05233e-05,34824.29474,1814545059.4115505,64308.0,64309.0,2714388.8135300004,159218.6209,-1220.88961,-78485404.67081,141583576.37991,24.0625,6.0,10.0,1.674e-05,64306.3,64333.84,3.783e-05,64305.0,13.0,0.26023846153846153,0.46153846153846156,0.15384615384615385,183164524608.55377,72172098708.52711,69.0,65.0,57.0,43.0,34.0,29.0,66.0,50.0,44.0,79.0,66.0,21.0,93.0,27,Fear,4095.3,-6.216699999999999e-06,-2.73067e-05,-25.339999999996508,True,1,2,0,asia,0.004985192883207423,,0.25
BTC,1785895200,1785898740.0,64359.5,64355.1,64385.0,-0.0003882892,5.7502e-06,35266.56642,1833033470.516629,64359.0,64360.0,196718.14307000002,5417949.34393,-1218.97499,-78490576.104346,139498534.628126,24.0625,6.0,10.0,1.674e-05,64340.3,64368.26,3.783e-05,64341.1,8.0,0.071475,0.25,0.125,183164524608.55377,72172098708.52711,67.0,62.0,50.0,42.0,54.0,28.0,56.0,43.0,38.0,79.0,66.0,27.0,80.0,27,Fear,4122.37,-1.09898e-05,-3.2079800000000004e-05,-8.760000000002037,True,2,2,0,asia,0.000793052240372516,,0.5
BTC,1785898800,1785902340.0,64150.5,64149.0,64178.0,-0.0004207049,5.1867e-06,35118.2310999999,1846511742.8905094,64150.0,64151.0,1122799.5319200002,813832.08316,-1239.75158,-79518565.38238901,139251416.16881102,24.0625,6.0,10.0,1.674e-05,64145.6,64183.27,3.783e-05,64153.9,5.0,0.21997999999999998,0.4,0.4,183164524608.55377,72172098708.52711,66.0,62.0,46.0,44.0,41.0,28.0,53.0,45.0,32.0,75.0,60.0,26.0,70.0,27,Fear,4120.47,-1.15533e-05,-3.26433e-05,-32.7699999999968,True,3,2,0,asia,-0.0032473838361081198,,1.0
BTC,1785902400,1785905880.0,64146.5,64147.0,64177.0,-0.0004674572,7.5842e-06,34963.93322,1663886838.3817797,64146.0,64147.0,2203738.2046600003,128678.95234,-1256.80852,-80600740.388276,139294684.26081198,24.0625,6.0,10.0,1.674e-05,64141.5,64176.7,3.783e-05,64147.7,8.0,-0.034099999999999984,0.375,0.25,183164524608.55377,72172098708.52711,63.0,56.0,31.0,43.0,35.0,21.0,49.0,46.0,28.0,74.0,45.0,20.0,61.0,27,Fear,4129.23,-9.155799999999998e-06,-3.02458e-05,-30.19999999999709,True,4,2,0,asia,-6.235337214832715e-05,,0.5
BTC,1785906000,1785909540.0,64329.5,64330.0,64359.1,-0.0004521505,8.8928e-06,35090.69174,1651424186.1658392,64329.0,64330.0,1373067.13057,1159281.96711,-1287.50391,-82826533.20441,140270892.93849802,24.0625,6.0,10.0,1.674e-05,64307.7,64330.87,3.783e-05,64309.5,6.0,0.2125,0.5,0.16666666666666666,183164524608.55377,72172098708.52711,65.0,57.0,39.0,37.0,29.0,20.0,45.0,56.0,22.0,65.0,46.0,15.0,51.0,27,Fear,4153.25,-7.847199999999998e-06,-2.89372e-05,-1.3700000000026193,True,5,2,0,asia,0.0028528446602698043,,0.25
BTC,1785909600,1785913140.0,64227.5,64227.0,64257.2,-0.0004544238,3.8723e-06,34911.49184,1630136388.7326987,64227.0,64228.0,715123.4413,1886826.4221400002,-1269.10043,-81510513.7617,140043114.54365999,24.0625,6.0,10.0,1.674e-05,64226.0,64253.58,3.783e-05,64229.9,9.0,0.11050000000000001,0.3333333333333333,0.2222222222222222,183164524608.55377,72172098708.52711,65.0,51.0,51.0,37.0,47.0,20.0,43.0,52.0,18.0,66.0,43.0,21.0,50.0,27,Fear,4168.18,-1.2867699999999999e-05,-3.39577e-05,-26.080000000001746,True,6,2,0,asia,-0.0015855867059436646,,0.75
BTC,1785913200,1785916740.0,64123.5,64122.0,64148.0,-0.0003741348,4.8067e-06,34951.34532,1652212762.8515854,64123.0,64124.0,190123.26205,1258800.24678,-1235.76973,-79169496.63705,140441693.25917,24.0625,6.0,10.0,1.674e-05,64141.0,64163.99,3.783e-05,64141.4,11.0,0.05426363636363636,0.36363636363636365,0.18181818181818182,183164524608.55377,72172098708.52711,61.0,44.0,43.0,35.0,0.0,19.0,41.0,49.0,36.0,60.0,43.0,20.0,47.0,27,Fear,4162.61,-1.19333e-05,-3.30233e-05,-40.48999999999796,True,7,2,0,asia,-0.0016192440932621954,,0.25
BTC,1785916800,1785920340.0,64092.5,64092.0,64116.6,-0.0003680794,1.01208e-05,35178.37206,1677802985.2429533,64092.0,64093.0,142699.35053999998,3610041.5367599996,-1231.59913,-78958314.66295001,141489494.67315,24.0625,6.0,10.0,1.015e-05,64096.3,64120.81,5.918e-05,64100.1,11.0,-0.10615454545454545,0.18181818181818182,0.36363636363636365,183164524608.55377,72172098708.52711,58.0,45.0,42.0,35.0,34.0,29.0,39.0,50.0,24.0,59.0,44.0,17.0,44.0,27,Fear,4153.59,-2.9199999999999653e-08,-4.90592e-05,-28.30999999999767,True,8,2,0,europe,-0.0004834421078075968,,0.25
BTC,1785920400,1785923880.0,64135.5,64125.3,64151.0,-0.0002338233,1.25e-05,35184.21234,1645117481.786414,64135.0,64136.0,226008.53974,4569683.44317,-1242.8737099999998,-79722237.42700201,141562227.987642,24.0625,6.0,10.0,1.015e-05,64127.5,64155.05,5.918e-05,64128.1,14.0,0.3317571428571428,0.42857142857142855,0.07142857142857142,183164524608.55377,72172098708.52711,64.0,58.0,35.0,31.0,19.0,25.0,39.0,50.0,16.0,61.0,41.0,13.0,44.0,27,Fear,4150.51,2.3500000000000012e-06,-4.668e-05,-19.55000000000291,True,9,2,0,europe,0.000670905332137206,,0.75
BTC,1785924000,1785927540.0,64033.5,64035.0,64066.5,-0.0005072854,2.264e-07,35273.98808,1611732966.3424633,64033.0,64034.0,8120.647,3141503.3886700002,-1176.35195,-75325079.26618999,141844204.58894998,24.0625,7.0,9.0,1.015e-05,64033.0,64062.23,5.918e-05,64032.7,9.0,0.18495555555555557,0.5555555555555556,0.2222222222222222,183164524608.55377,72172098708.52711,62.0,50.0,52.0,32.0,24.0,21.0,39.0,45.0,16.0,61.0,43.0,17.0,49.0,27,Fear,4154.43,-9.9236e-06,-5.89536e-05,-28.7300000000032,True,10,2,0,europe,-0.0015903828612858772,,0.75
BTC,1785927600,1785931140.0,64041.5,64042.0,64076.0,-0.0005306199,1.0372e-06,34897.5444799999,1623603660.9822087,64041.0,64042.0,1763435.2451499999,297144.73429,-1168.68896,-74835590.345579,142335545.392007,24.0625,7.0,9.0,1.015e-05,64044.6,64075.28,5.918e-05,64045.0,12.0,0.16749166666666668,0.4166666666666667,0.08333333333333333,183164524608.55377,72172098708.52711,59.0,50.0,35.0,30.0,36.0,21.0,43.0,43.0,27.0,64.0,40.0,13.0,50.0,27,Fear,4181.23,-9.112799999999999e-06,-5.81428e-05,-33.779999999998836,True,11,2,0,europe,0.0001249346045428812,,0.75
BTC,1785931200,1785934740.0,64316.5,64317.0,64356.0,-0.0006060041,-6.7072e-06,35546.9016,1692573697.2661097,64316.0,64317.0,1431181.58287,256913.62141000002,-1006.12574,-64696494.91920599,153069097.535418,24.0625,7.0,9.0,1.015e-05,64295.4,64332.43,5.918e-05,64301.3,18.0,0.08181666666666666,0.2777777777777778,0.1111111111111111,183164524608.55377,72172098708.52711,60.0,56.0,37.0,32.0,0.0,19.0,43.0,40.0,15.0,64.0,40.0,11.0,51.0,27,Fear,4177.79,-1.68572e-05,-6.58872e-05,-15.930000000000291,True,12,2,0,europe,0.004294090550658547,,0.75
BTC,1785934800,1785938340.0,64343.5,64351.0,64382.0,-0.0005902271,2.9919e-06,34391.8660399999,1781081812.7709408,64343.0,64344.0,1237862.51994,705839.97518,-964.68939,-62008006.802763,147104385.00496298,24.0625,7.0,9.0,1.015e-05,64387.0,64407.99,5.918e-05,64380.0,24.0,0.20991666666666667,0.4166666666666667,0.20833333333333334,183164524608.55377,72172098708.52711,63.0,53.0,42.0,37.0,17.0,20.0,41.0,38.0,13.0,65.0,38.0,18.0,49.0,27,Fear,4200.39,-7.158099999999999e-06,-5.61881e-05,-64.48999999999796,True,13,2,0,us,0.000419798962941087,,0.5
BTC,1785938400,1785941940.0,64443.5,64445.9,64480.0,-0.0005583127,-4.6763e-06,35062.1967400001,1783599578.7944505,64443.0,64444.0,1264590.8756499998,587243.4044400001,-897.62202,-57850812.642052,150367485.79172802,24.0625,7.0,9.0,1.015e-05,64443.3,64476.39,5.918e-05,64441.2,0.0,,,,183164524608.55377,72172098708.52711,62.0,59.0,36.0,42.0,15.0,17.0,45.0,42.0,19.0,72.0,39.0,22.0,55.0,27,Fear,4236.33,-1.4826299999999999e-05,-6.38563e-05,-32.88999999999942,True,14,2,0,us,0.0015541585397127466,,0.75
BTC,1785942000,1785945540.0,64355.5,64355.0,64389.5,-0.0005202712,-5.2944e-06,34999.76922,1855799686.6935856,64351.0,64352.0,1273257.18924,869297.8165000001,-812.22268,-52306819.235580005,147176457.01854,24.0625,7.0,9.0,1.015e-05,64353.6,64388.01,5.918e-05,64352.0,19.0,0.07806315789473683,0.2631578947368421,0.21052631578947367,183164524608.55377,72172098708.52711,63.0,56.0,38.0,41.0,15.0,20.0,43.0,41.0,15.0,69.0,43.0,32.0,71.0,27,Fear,4226.03,-1.5444399999999997e-05,-6.44744e-05,-32.51000000000204,True,15,2,0,us,-0.0013655372535632537,,0.75
BTC,1785945600,1785949140.0,64653.5,64653.9,64684.1,-0.0004653385,1.3241e-06,35126.45926,1928378946.1907053,64653.0,64654.0,576199.1590999999,1600719.2859200002,-740.8375699999999,-47859006.915344,140755580.985996,24.0625,7.0,9.0,2.676e-05,64631.9,64661.99,3.528e-05,64632.8,10.0,0.16081,0.6,0.1,183164524608.55377,72172098708.52711,62.0,53.0,36.0,41.0,0.0,20.0,45.0,41.0,30.0,69.0,41.0,15.0,59.0,27,Fear,4236.27,-2.54359e-05,-3.39559e-05,-8.489999999997963,True,16,2,0,us,0.004630528859227212,,0.5
BTC,1785949200,1785952740.0,64742.5,64742.0,64784.0,-0.0006328723,-1.555e-06,35693.58906,1953153393.9589417,64742.0,64743.0,2242246.8937100004,775833.3412899999,-701.58915,-45421270.82087,138977291.63909,24.0625,7.0,9.0,2.676e-05,64733.6,64770.0,3.528e-05,64730.5,16.0,0.09295624999999999,0.375,0.3125,183164524608.55377,72172098708.52711,63.0,52.0,37.0,48.0,24.0,20.0,48.0,44.0,23.0,74.0,42.0,15.0,47.0,27,Fear,4244.67,-2.8315000000000002e-05,-3.6835e-05,-27.5,True,17,2,0,us,0.0013765689405833559,,0.25
BTC,1785952800,1785956280.0,64756.5,64756.0,64785.4,-0.0004383704,6.583e-06,35003.3984400001,1915806236.4701183,64756.0,64757.0,891330.8689899999,903970.16184,-587.8730400000001,-38068306.57823999,119416683.35832,24.0625,7.0,9.0,2.676e-05,64762.8,64799.1,3.528e-05,64764.1,15.0,-0.10489333333333332,0.26666666666666666,0.5333333333333333,183164524608.55377,72172098708.52711,61.0,53.0,35.0,48.0,25.0,20.0,47.0,49.0,37.0,81.0,47.0,22.0,41.0,27,Fear,4254.98,-2.0177e-05,-2.8697e-05,-42.599999999998545,True,18,2,0,us,0.00021624126346675432,,1.0
BTC,1785956400,1785959940.0,64864.5,64866.0,64904.0,-0.0006008875,4.1622e-06,35431.19506,1951413715.9521022,64864.0,64865.0,1029315.7669500001,1040988.74661,-657.37261,-42636137.99958,114453378.05138001,24.0625,7.0,9.0,2.676e-05,64805.7,64840.28,3.528e-05,64806.4,12.0,0.3016083333333333,0.5833333333333334,0.08333333333333333,183164524608.55377,72172098708.52711,67.0,59.0,37.0,56.0,0.0,20.0,48.0,54.0,21.0,73.0,45.0,18.0,41.0,27,Fear,4240.17,-2.2597800000000002e-05,-3.11178e-05,24.220000000001164,True,19,2,0,us,0.0016677862453962078,,1.0
BTC,1785960000,1785963480.0,64798.5,64804.0,64840.8,-0.0006446558,2.2702e-06,34970.9146,1974050439.3088331,64798.0,64799.0,4183219.60832,5039602.455449999,-639.48933,-41480292.485465005,115336740.16775301,24.0625,7.0,9.0,2.676e-05,64804.2,64822.89,3.528e-05,64800.0,15.0,0.39514,0.5333333333333333,0.06666666666666667,183164524608.55377,72172098708.52711,78.0,66.0,38.0,51.0,25.0,24.0,52.0,57.0,27.0,78.0,49.0,20.0,41.0,27,Fear,4243.44,-2.44898e-05,-3.3009800000000004e-05,-24.389999999999418,True,20,2,0,us,-0.0010175057234697027,,0.25
BTC,1785963600,1785967080.0,64702.5,64702.1,64736.1,-0.0003738254,-6.35e-08,34729.5035199999,1996767101.6224,64712.0,64713.0,1055309.7768199998,424176.97598999995,-572.0862199999999,-37017410.95132,118695141.22072,24.0625,7.0,9.0,2.676e-05,64710.1,64733.13,3.528e-05,64699.9,6.0,-0.31931666666666664,0.0,0.5,183164524608.55377,72172098708.52711,71.0,66.0,46.0,50.0,36.0,26.0,56.0,56.0,30.0,87.0,55.0,22.0,42.0,27,Fear,4243.1,-2.68235e-05,-3.53435e-05,-30.62999999999738,True,21,2,0,us,-0.0014815157758281128,,1.0
BTC,1785967200,1785970740.0,64604.5,64607.0,64642.6,-0.0005816598,-1.1769e-06,35105.45026,1991892732.494815,64604.0,64605.0,258046.68667,2166853.07122,-537.40886,-34726070.20661999,119717421.58344,24.0625,7.0,9.0,2.676e-05,64607.0,64636.0,3.528e-05,64602.0,13.0,0.024369230769230768,0.38461538461538464,0.3076923076923077,183164524608.55377,72172098708.52711,71.0,64.0,49.0,48.0,31.0,20.0,59.0,49.0,17.0,83.0,49.0,28.0,43.0,27,Fear,4243.6,-2.79369e-05,-3.64569e-05,-31.5,True,22,2,0,us,-0.0015146246281055875,,0.75
BTC,1785970800,1785974340.0,64624.5,64625.0,64660.4,-0.0005474757,-5.881e-07,35151.80662,1858371189.6515408,64624.0,64625.0,671075.0491,1623129.98557,-530.6677,-34298645.4541,118883299.29562,24.0625,7.0,9.0,2.676e-05,64633.9,64665.23,3.528e-05,64627.3,16.0,0.19775625000000002,0.375,0.0625,183164524608.55377,72172098708.52711,67.0,64.0,37.0,51.0,40.0,17.0,65.0,50.0,31.0,79.0,50.0,24.0,43.0,27,Fear,4272.06,-2.73481e-05,-3.58681e-05,-40.7300000000032,True,23,2,0,us,0.00030957595833114304,,0.75
BTC,1785974400,1785977880.0,64660.5,64660.0,64687.0,-0.0004019355,1.05061e-05,35126.05166,1794007740.1810195,64660.0,64661.0,663457.0872699999,1344368.1201,-565.74626,-36574364.21648,116540396.21312,24.0625,7.0,9.0,6.595e-05,64614.8,64644.99,-4.88e-06,64606.3,13.0,0.33789230769230766,0.5384615384615384,0.07692307692307693,183103910275.10278,71728840853.7331,68.0,60.0,47.0,43.0,0.0,23.0,66.0,45.0,29.0,79.0,55.0,15.0,69.0,25,Extreme Fear,4288.74,-5.5443900000000006e-05,1.5386099999999998e-05,15.510000000002037,True,0,3,0,asia,0.0005570642712902085,,0.5
BTC,1785978000,1785981480.0,64572.5,64572.0,64597.0,-0.0003715343,1.25e-05,34843.71224,1703226328.8694105,64572.0,64573.0,215064.65304,1830637.8857600002,-591.3665900000001,-38198325.513239995,114783421.66499999,24.0625,7.0,9.0,6.595e-05,64560.0,64580.07,-4.88e-06,64553.7,13.0,0.15674615384615384,0.46153846153846156,0.15384615384615385,183103910275.10278,71728840853.7331,64.0,62.0,63.0,41.0,39.0,26.0,65.0,43.0,30.0,79.0,67.0,24.0,98.0,25,Extreme Fear,4281.52,-5.3450000000000005e-05,1.738e-05,-7.569999999999709,True,1,3,0,asia,-0.0013609545240138576,,1.0
BTC,1785981600,1785985080.0,64543.5,64543.0,64570.0,-0.0003995664,9.9644e-06,34864.25762,1659218369.673999,64543.0,64544.0,2317180.5088399993,131728.91561999999,-602.0663,-38857084.524774,114001643.373266,24.0625,7.0,9.0,6.595e-05,64550.6,64579.36,-4.88e-06,64549.3,3.0,-0.3811333333333333,0.0,0.6666666666666666,183103910275.10278,71728840853.7331,59.0,58.0,57.0,44.0,34.0,22.0,56.0,39.0,46.0,72.0,60.0,31.0,87.0,25,Extreme Fear,4271.44,-5.59856e-05,1.48444e-05,-35.86000000000058,True,2,3,0,asia,-0.0004491075922412602,,1.0
BTC,1785985200,1785988680.0,64511.5,64507.0,64538.8,-0.0003749682,1.14565e-05,34861.33734,1638619419.8604712,64511.0,64512.0,1922029.79764,228517.83773,-615.68481,-39718192.93833,113072143.36113,24.0625,7.0,9.0,6.595e-05,64496.2,64531.03,-4.88e-06,64493.9,11.0,-0.03796363636363636,0.18181818181818182,0.09090909090909091,183103910275.10278,71728840853.7331,60.0,66.0,78.0,35.0,0.0,25.0,52.0,41.0,49.0,70.0,62.0,60.0,78.0,25,Extreme Fear,4260.71,-5.44935e-05,1.63365e-05,-19.529999999998836,True,3,3,0,asia,-0.0004957896612362012,,0.5
BTC,1785988800,1785992280.0,64685.5,64685.0,64713.1,-0.0004187715,1.25e-05,34881.8563,1644699477.4711084,64685.0,64686.0,1537092.50211,234415.46692999997,-654.7046700000001,-42346904.24724,110840376.00394,24.0625,7.0,9.0,6.595e-05,64695.9,64734.65,-4.88e-06,64697.9,8.0,-0.014662499999999988,0.125,0.25,183103910275.10278,71728840853.7331,66.0,58.0,94.0,37.0,46.0,30.0,50.0,53.0,70.0,70.0,68.0,73.0,66.0,25,Extreme Fear,4257.32,-5.3450000000000005e-05,1.738e-05,-49.150000000001455,True,4,3,0,asia,0.0026971935236352884,,0.5
BTC,1785992400,1785995940.0,64859.5,64860.0,64893.0,-0.0005085294,4.6485e-06,34966.01912,1658108297.636928,64859.0,64860.0,2291764.6161,213947.30721,-689.98071,-44730920.872055,115273263.51150501,24.0625,7.0,9.0,6.595e-05,64879.5,64908.09,-4.88e-06,64878.9,11.0,0.14271818181818183,0.36363636363636365,0.18181818181818182,183103910275.10278,71728840853.7331,68.0,57.0,79.0,36.0,0.0,35.0,45.0,63.0,37.0,66.0,68.0,36.0,51.0,25,Extreme Fear,4262.24,-6.130150000000001e-05,9.528499999999999e-06,-48.58999999999651,True,5,3,0,asia,0.002689938239636369,,0.5
BTC,1785996000,1785999540.0,64807.5,64812.0,64845.8,-0.0005443683,5.1665e-06,35087.38316,1651366765.8438303,64807.0,64808.0,3687652.9743500003,110867.35659,-676.76908,-43867895.150206,116115972.165314,24.0625,7.0,9.0,6.595e-05,64830.5,64860.0,-4.88e-06,64832.4,6.0,0.2944666666666667,0.5,0.16666666666666666,183103910275.10278,71728840853.7331,75.0,52.0,93.0,33.0,27.0,32.0,41.0,63.0,17.0,62.0,62.0,48.0,48.0,25,Extreme Fear,4250.71,-6.0783500000000005e-05,1.00465e-05,-52.5,True,6,3,0,asia,-0.0008017329766649706,,0.75
BTC,1785999600,1786003140.0,64783.5,64784.3,64824.0,-0.0006170554,-3.4838e-06,35872.42576,1636948686.2644894,64783.0,64784.0,1212365.34922,228881.51956999997,-643.49052,-41687230.768693,118199219.108653,24.0625,7.0,9.0,6.595e-05,64789.4,64809.7,-4.88e-06,64791.2,8.0,0.2624375,0.5,0.25,183103910275.10278,71728840853.7331,63.0,46.0,75.0,32.0,0.0,33.0,40.0,53.0,25.0,70.0,80.0,14.0,46.0,25,Extreme Fear,4258.0,-6.94338e-05,1.3961999999999999e-06,-26.19999999999709,True,7,3,0,asia,-0.00037032750839027795,,1.0
BTC,1786003200,1786006740.0,64911.5,64912.0,64946.0,-0.0005235118,-1.05769e-05,35975.58948,1605046055.7405083,64911.0,64912.0,1342945.5399099998,767137.67898,-602.82744,-39137484.08099,119006925.59385,24.0625,7.0,9.0,2.632e-05,64913.9,64941.99,2.016e-05,64915.0,10.0,0.32441,0.5,0.0,183103910275.10278,71728840853.7331,60.0,43.0,76.0,31.0,20.0,43.0,38.0,47.0,24.0,66.0,75.0,19.0,47.0,25,Extreme Fear,4273.68,-3.68969e-05,-3.07369e-05,-30.489999999997963,True,8,3,0,europe,0.0019758117421875276,,0.75
BTC,1786006800,1786010340.0,64653.5,64653.0,64688.1,-0.0005271449,-5.8685e-06,35841.22,1628144877.31755,64653.0,64654.0,1147094.2367899998,3650292.57806,-569.0036499999999,-36788786.524656,118440874.884584,24.0625,7.0,9.0,2.632e-05,64649.1,64683.62,2.016e-05,64650.3,0.0,,,,183103910275.10278,71728840853.7331,62.0,42.0,82.0,28.0,20.0,33.0,36.0,40.0,17.0,70.0,86.0,14.0,43.0,25,Extreme Fear,4269.65,-3.21885e-05,-2.60285e-05,-30.12000000000262,True,9,3,0,europe,-0.003974642397726158,,0.75
BTC,1786010400,1786013940.0,64576.5,64576.0,64612.0,-0.000541695,-8.9325e-06,35739.53714,1604937731.3780894,64576.0,64577.0,834812.0165399999,1574971.64066,-552.22461,-35661091.594720006,118919819.4356,24.0625,7.0,9.0,2.632e-05,64589.2,64615.95,2.016e-05,64590.1,7.0,-0.05387142857142857,0.2857142857142857,0.5714285714285714,183103910275.10278,71728840853.7331,60.0,49.0,64.0,29.0,19.0,33.0,39.0,46.0,16.0,74.0,89.0,14.0,48.0,25,Extreme Fear,4266.61,-3.52525e-05,-2.90925e-05,-39.44999999999709,True,10,3,0,europe,-0.0011909641396057324,,0.75
BTC,1786014000,1786017540.0,64597.5,64596.1,64626.0,-0.0004332622,1.5196e-06,35728.40106,1607038996.8906875,64597.0,64598.0,396619.10023,2057733.0350399998,-538.8585800000001,-34807894.899220005,116261019.56862,24.0625,7.0,9.0,2.632e-05,64590.1,64622.09,2.016e-05,64591.8,8.0,0.075725,0.625,0.125,183103910275.10278,71728840853.7331,71.0,53.0,66.0,32.0,24.0,31.0,43.0,49.0,18.0,75.0,77.0,37.0,53.0,25,Extreme Fear,4259.76,-2.4800399999999997e-05,-1.86404e-05,-24.589999999996508,True,11,3,0,europe,0.0003251956981253912,,0.5
BTC,1786017600,1786021140.0,64393.5,64400.0,64434.9,-0.0006347492,6.3833e-06,35730.88816,1534465723.3065372,64393.0,64394.0,2158499.20642,514177.53402,-541.89874,-34901291.30274001,113669694.73304,24.0625,7.0,9.0,2.632e-05,64392.4,64424.0,2.016e-05,64388.6,17.0,0.15553529411764708,0.47058823529411764,0.35294117647058826,183103910275.10278,71728840853.7331,66.0,55.0,63.0,40.0,51.0,30.0,46.0,47.0,19.0,82.0,87.0,15.0,51.0,25,Extreme Fear,4246.74,-1.99367e-05,-1.37767e-05,-30.5,True,12,3,0,europe,-0.0031580169511203904,,1.0
BTC,1786021200,1786024740.0,64472.5,64468.0,64496.0,-0.0002961424,1.23646e-05,35928.0704,1509046667.259537,64484.0,64485.0,610877.38002,276470.37674,-562.70143,-36288930.148544,111037500.61970401,24.666666666666668,7.0,8.0,2.632e-05,64404.8,64434.01,2.016e-05,64400.2,19.0,0.06522105263157894,0.21052631578947367,0.15789473684210525,183103910275.10278,71728840853.7331,65.0,58.0,63.0,40.0,54.0,30.0,47.0,46.0,18.0,76.0,71.0,18.0,49.0,25,Extreme Fear,4263.56,-1.3955399999999999e-05,-7.7954e-06,38.48999999999796,True,13,3,0,us,0.001226831900735359,,0.25
BTC,1786024800,1786028340.0,64772.5,64778.8,64812.6,-0.0006109923,2.8726e-06,35826.56748,1443756705.046661,64770.0,64771.0,678372.74556,1544211.92357,-534.22309,-34556526.670210004,113199735.34759,24.666666666666668,7.0,8.0,2.632e-05,64748.2,64778.0,2.016e-05,64743.7,18.0,0.1769611111111111,0.3333333333333333,0.05555555555555555,183103910275.10278,71728840853.7331,63.0,56.0,69.0,40.0,18.0,32.0,47.0,44.0,18.0,73.0,66.0,18.0,57.0,25,Extreme Fear,4266.82,-2.34474e-05,-1.72874e-05,-5.5,True,14,3,0,us,0.004653146690449361,,0.75
BTC,1786028400,1786031880.0,64629.5,64630.0,64664.8,-0.0005381599,7.483e-07,35417.73586,1403962179.5712724,64629.0,64630.0,2703380.19108,196302.07774,-538.14969,-34779078.442540005,112847867.73592,24.666666666666668,7.0,8.0,2.632e-05,64604.2,64631.87,2.016e-05,64600.7,12.0,0.25805,0.3333333333333333,0.0,183103910275.10278,71728840853.7331,61.0,55.0,66.0,44.0,25.0,30.0,45.0,41.0,19.0,73.0,63.0,21.0,73.0,25,Extreme Fear,4228.87,-2.5571699999999998e-05,-1.94117e-05,-2.3700000000026193,True,15,3,0,us,-0.002207727044656327,,0.5
BTC,1786032000,1786035480.0,64715.5,64716.0,64744.0,-0.0004324725,7.1979e-06,35198.22778,1335119594.3760188,64715.0,64716.0,386722.69838,1348223.22353,-576.9876499999999,-37326015.65823,110440932.54025,24.666666666666668,7.0,8.0,5.939e-05,64723.2,64757.99,2.237e-05,64722.0,20.0,0.25975000000000004,0.55,0.3,183103910275.10278,71728840853.7331,62.0,56.0,60.0,45.0,23.0,24.0,48.0,43.0,24.0,75.0,53.0,17.0,58.0,25,Extreme Fear,4239.42,-5.21921e-05,-1.51721e-05,-42.48999999999796,True,16,3,0,us,0.0013306616947368344,,0.5
BTC,1786035600,1786039140.0,64600.5,64606.6,64641.1,-0.0006203484,1.1984e-06,35323.54902,1297243272.0523803,64600.0,64601.0,151585.10538999998,1673038.18893,-576.4441099999999,-37239778.645071,110322441.167715,24.666666666666668,7.0,8.0,5.939e-05,64583.1,64621.69,2.237e-05,64585.6,4.0,-0.233025,0.0,0.5,183103910275.10278,71728840853.7331,62.0,57.0,60.0,41.0,17.0,28.0,49.0,41.0,20.0,77.0,58.0,21.0,50.0,25,Extreme Fear,4243.81,-5.81916e-05,-2.1171600000000002e-05,-21.19000000000233,True,17,3,0,us,-0.0017770085991763995,,0.5
BTC,1786039200,1786042740.0,64390.5,64390.0,64425.0,-0.0005277454,3.3893e-06,35102.7124199999,1296855604.259366,64390.0,64391.0,455137.11120000004,1792182.5487600002,-539.0958,-34712952.408920005,108602697.71972,24.666666666666668,8.0,7.0,5.939e-05,64388.8,64418.47,2.237e-05,64380.8,11.0,0.07024545454545454,0.2727272727272727,0.09090909090909091,183103910275.10278,71728840853.7331,65.0,54.0,60.0,46.0,46.0,28.0,50.0,43.0,30.0,73.0,61.0,17.0,43.0,25,Extreme Fear,4239.6,-5.60007e-05,-1.89807e-05,-27.970000000001164,True,18,3,0,us,-0.0032507488332134127,8.673617379884035e-19,1.0
BTC,1786042800,1786046280.0,64422.5,64418.0,64450.1,-0.0004204803,4.2577e-06,35464.9899199999,1227639799.7135391,64422.0,64423.0,91461.06177,3347393.6499499995,-547.21929,-35256195.791728996,108141585.428307,24.666666666666668,8.0,7.0,5.939e-05,64412.8,64446.0,2.237e-05,64412.4,20.0,0.20695000000000002,0.45,0.15,183103910275.10278,71728840853.7331,54.0,67.0,54.0,58.0,25.0,48.0,54.0,59.0,47.0,81.0,69.0,23.0,49.0,25,Extreme Fear,4245.99,-5.51323e-05,-1.81123e-05,-23.5,True,19,3,0,us,0.0004969677203934264,-1.0842021724855044e-19,0.25
BTC,1786046400,1786049940.0,64406.5,64409.0,64442.0,-0.000543124,8.3812e-06,35024.66958,1175788725.6807704,64406.0,64407.0,1706469.85592,2479.12658,-560.12113,-36075223.098312005,107267471.857988,24.666666666666668,8.0,7.0,5.939e-05,64403.7,64439.7,2.237e-05,64403.9,0.0,,,,183103910275.10278,71728840853.7331,56.0,70.0,54.0,62.0,24.0,51.0,100.0,63.0,42.0,91.0,70.0,27.0,46.0,25,Extreme Fear,4237.6,-5.10088e-05,-1.39888e-05,-33.19999999999709,True,20,3,0,us,-0.0002483604330785205,5.421010862427522e-20,0.75
BTC,1786050000,1786053540.0,64410.5,64410.0,64436.4,-0.0003941871,3.9717e-06,34951.6911,1142767596.5140994,64410.0,64411.0,169072.52029000001,4473499.97303,-554.68722,-35734588.400874,107646662.855222,26.071428571428573,7.0,7.0,5.939e-05,64411.8,64440.74,2.237e-05,64409.2,7.0,0.22245714285714288,0.42857142857142855,0.14285714285714285,183103910275.10278,71728840853.7331,55.0,71.0,53.0,54.0,0.0,51.0,66.0,60.0,62.0,92.0,63.0,49.0,46.0,25,Extreme Fear,4236.56,-5.54183e-05,-1.8398300000000003e-05,-30.239999999997963,True,21,3,0,us,6.210553282670617e-05,-1.3552527156068805e-20,0.5
BTC,1786053600,1786057140.0,64319.5,64320.0,64352.2,-0.0005003714,5.8556e-06,34984.73814,1132812198.8839507,64319.0,64320.0,1228278.35128,1524770.67453,-567.59008,-36510197.664184004,106652386.53348,26.071428571428573,7.0,7.0,5.939e-05,64317.8,64351.49,2.237e-05,64318.0,11.0,0.17594545454545454,0.36363636363636365,0.18181818181818182,183103910275.10278,71728840853.7331,58.0,75.0,59.0,60.0,23.0,61.0,65.0,63.0,32.0,91.0,69.0,41.0,46.0,25,Extreme Fear,4237.97,-5.35344e-05,-1.65144e-05,-31.989999999997963,True,22,3,0,us,-0.0014128131282943324,0.0,0.5
BTC,1786057200,1786060740.0,64285.5,64286.0,64313.2,-0.0004229303,6.6683e-06,35317.6507,1146046798.2370121,64285.0,64286.0,520248.7579000001,1307879.70224,-587.1910499999999,-37754601.841889,105327383.121301,26.071428571428573,7.0,7.0,5.939e-05,64300.0,64323.61,2.237e-05,64288.4,7.0,-0.2115857142857143,0.2857142857142857,0.42857142857142855,183103910275.10278,71728840853.7331,54.0,71.0,64.0,53.0,30.0,61.0,61.0,58.0,63.0,90.0,77.0,35.0,47.0,25,Extreme Fear,4248.73,-5.27217e-05,-1.57017e-05,-38.11000000000058,True,23,3,0,us,-0.0005286110744020522,1.0842021724855044e-19,0.75
BTC,1786060800,1786064340.0,64274.5,64275.0,64305.1,-0.0004680811,6.6803e-06,35348.07262,1136026981.4049315,64274.0,64275.0,454939.42773,1674337.9294699999,-605.3680199999999,-38917408.63359,104146192.37395,26.071428571428573,7.0,7.0,7.99e-06,64291.9,64317.99,-2.858e-05,64286.8,5.0,0.46731999999999996,0.6,0.0,183420562378.61417,71901809218.364,55.0,70.0,68.0,56.0,30.0,72.0,66.0,62.0,53.0,84.0,71.0,45.0,65.0,29,Fear,4228.45,-1.3096999999999995e-06,3.52603e-05,-43.48999999999796,True,0,4,0,asia,-0.00017111168148342681,-2.710505431213761e-20,1.0
BTC,1786064400,1786067880.0,64394.5,64397.0,64429.6,-0.0005370203,6.4343e-06,35275.94934,1112224929.1157088,64394.0,64395.0,2246286.45078,178303.89926,-618.1381399999999,-39800472.91957,103488114.635848,26.071428571428573,7.0,7.0,7.99e-06,64394.8,64422.55,-2.858e-05,64390.1,5.0,0.22222,0.4,0.2,183420562378.61417,71901809218.364,50.0,67.0,69.0,53.0,0.0,72.0,65.0,58.0,64.0,83.0,77.0,51.0,98.0,29,Fear,4252.15,-1.5556999999999994e-06,3.50143e-05,-28.05000000000291,True,1,4,0,asia,0.001866992353110497,0.0,1.0
BTC,1786068000,1786071540.0,64361.5,64362.0,64397.0,-0.0004860475,9.7628e-06,35178.57696,1119733275.9890208,64361.0,64362.0,1898153.15072,217316.50948,-649.9939299999999,-41850705.917688,102293266.572682,26.071428571428573,6.0,8.0,7.99e-06,64369.5,64399.87,-2.858e-05,64360.3,5.0,0.0988,0.4,0.2,183420562378.61417,71901809218.364,51.0,67.0,60.0,54.0,30.0,65.0,54.0,61.0,51.0,84.0,79.0,100.0,88.0,29,Fear,4246.07,1.772800000000001e-06,3.83428e-05,-38.37000000000262,True,2,4,0,asia,-0.0005124661267654762,1.0842021724855044e-19,0.5
BTC,1786071600,1786075080.0,64260.5,64264.0,64293.6,-0.0004370575,8.4731e-06,35001.44466,1131544745.458942,64260.0,64261.0,83026.55444,1740615.35907,-670.6563199999999,-43098138.332113996,101826871.37919399,26.071428571428573,6.0,8.0,7.99e-06,64264.0,64289.99,-2.858e-05,64257.1,4.0,0.167625,0.25,0.0,183420562378.61417,71901809218.364,48.0,66.0,63.0,44.0,41.0,64.0,47.0,54.0,45.0,74.0,78.0,52.0,76.0,29,Fear,4262.15,4.831000000000005e-07,3.70531e-05,-29.489999999997963,True,3,4,0,asia,-0.0015692611266051593,0.0,0.5
BTC,1786075200,1786078740.0,64221.5,64220.2,64249.0,-0.0003439742,1.25e-05,35181.45782,1141323720.1320357,64227.0,64228.0,1557196.3178100002,291444.94027,-694.9515799999999,-44603343.57806,101633825.66758001,26.071428571428573,6.0,8.0,7.99e-06,64225.8,64255.13,-2.858e-05,64224.2,6.0,0.2638333333333333,0.6666666666666666,0.16666666666666666,183420562378.61417,71901809218.364,50.0,65.0,64.0,42.0,32.0,76.0,49.0,54.0,67.0,73.0,72.0,28.0,65.0,29,Fear,4260.96,4.510000000000001e-06,4.108e-05,-33.62999999999738,True,4,4,0,asia,-0.0006069047081800338,-1.0842021724855044e-19,0.5
BTC,1786078800,1786082340.0,64321.5,64322.0,64352.0,-0.000466186,6.2202e-06,35064.4024,1111603263.4107301,64321.0,64322.0,1100989.62106,736499.1052,-692.97962,-44592053.36784,102178339.76068,26.071428571428573,6.0,8.0,7.99e-06,64310.6,64336.43,-2.858e-05,64301.0,0.0,,,,183420562378.61417,71901809218.364,51.0,59.0,90.0,39.0,30.0,71.0,42.0,60.0,71.0,70.0,71.0,19.0,51.0,29,Fear,4274.47,-1.7697999999999996e-06,3.48002e-05,-14.930000000000291,True,5,4,0,asia,0.0015571109363685665,2.168404344971009e-19,0.25
BTC,1786082400,1786085940.0,64301.5,64301.0,64336.7,-0.00053935,4.6616e-06,35134.77008,1116024923.4195888,64301.0,64302.0,1409363.11705,574145.85132,-682.25682,-43856075.947316006,102569923.408132,26.071428571428573,6.0,8.0,7.99e-06,64280.1,64304.12,-2.858e-05,64271.5,3.0,-0.19063333333333332,0.0,0.3333333333333333,183420562378.61417,71901809218.364,52.0,56.0,77.0,34.0,0.0,67.0,42.0,71.0,45.0,61.0,70.0,28.0,49.0,29,Fear,4291.5,-3.3283999999999993e-06,3.3241600000000004e-05,-2.6200000000026193,True,6,4,0,asia,-0.00031093802227866174,5.421010862427522e-20,0.5
BTC,1786086000,1786089540.0,64294.5,64294.7,64326.0,-0.0004819202,5.3801e-06,35140.06632,1079914622.4037817,64294.0,64295.0,168447.38538,2874046.02737,-646.5857199999999,-41600689.123848006,102097593.553338,26.071428571428573,6.0,8.0,7.99e-06,64288.9,64319.84,-2.858e-05,64288.8,13.0,0.2893,0.46153846153846156,0.0,183420562378.61417,71901809218.364,48.0,51.0,77.0,35.0,17.0,65.0,37.0,63.0,40.0,59.0,71.0,20.0,46.0,29,Fear,4286.81,-2.6098999999999994e-06,3.39601e-05,-25.339999999996508,True,7,4,0,asia,-0.00010886215718142189,2.710505431213761e-20,0.75
BTC,1786089600,1786093140.0,64555.5,64556.0,64587.0,-0.0004799727,4.7837e-06,35097.58584,1117285342.7907524,64555.0,64556.0,1677480.7888400003,186708.08412,-671.5640199999999,-43359123.866830006,102957209.55873,26.071428571428573,6.0,8.0,4.574e-05,64576.4,64600.0,-1.043e-05,64577.7,9.0,0.3015333333333333,0.5555555555555556,0.2222222222222222,183420562378.61417,71901809218.364,47.0,50.0,89.0,35.0,20.0,69.0,37.0,62.0,32.0,56.0,61.0,14.0,45.0,29,Fear,4302.05,-4.09563e-05,1.52137e-05,-44.5,True,8,4,0,europe,0.004059445209154688,-8.673617379884035e-19,0.75
BTC,1786093200,1786096740.0,64789.5,64789.6,64831.0,-0.0005275254,-4.4289e-06,35547.9271799999,1142844701.166909,64790.0,64791.0,4175645.7911300007,1463.06404,-643.1611499999999,-41672707.32443,107666292.38813,26.071428571428573,6.0,8.0,4.574e-05,64809.0,64839.32,-1.043e-05,64812.3,7.0,0.18114285714285713,0.42857142857142855,0.14285714285714285,183420562378.61417,71901809218.364,47.0,50.0,79.0,34.0,22.0,63.0,38.0,53.0,31.0,54.0,62.0,17.0,45.0,29,Fear,4311.29,-5.01689e-05,6.0011e-06,-49.81999999999971,True,9,4,0,europe,0.003624787973139476,0.0,0.5
BTC,1786096800,1786100340.0,64858.5,64859.0,64893.3,-0.00052856,-1.00632e-05,35766.12096,1153383586.7762237,64858.0,64859.0,785788.2904899999,1553067.23084,-542.3261699999999,-35175058.455731995,106039294.06694,26.071428571428573,7.0,7.0,4.574e-05,64867.3,64893.98,-1.043e-05,64869.2,9.0,0.2887111111111111,0.5555555555555556,0.1111111111111111,183420562378.61417,71901809218.364,47.0,50.0,55.0,33.0,25.0,59.0,39.0,51.0,32.0,58.0,57.0,20.0,51.0,29,Fear,4311.24,-5.58032e-05,3.667999999999996e-07,-35.4800000000032,True,10,4,0,europe,0.0010649873822146105,0.0,0.75
BTC,1786100400,1786103880.0,64989.5,64990.0,65018.3,-0.0004352621,6.378e-07,35455.0108199999,1234048143.1441095,64989.0,64990.0,230989.11936,2055449.6226700002,-569.72065,-37025701.57547,103740251.90382999,26.071428571428573,6.0,8.0,4.574e-05,64996.1,65029.98,-1.043e-05,65001.8,18.0,0.18405555555555556,0.4444444444444444,0.2222222222222222,183420562378.61417,71901809218.364,49.0,57.0,49.0,33.0,0.0,57.0,58.0,49.0,27.0,61.0,56.0,24.0,55.0,29,Fear,4316.28,-4.5102199999999997e-05,1.10678e-05,-40.4800000000032,True,11,4,0,europe,0.0020197815243954143,0.0,1.0
BTC,1786104000,1786107480.0,65239.5,65246.0,65282.0,-0.0006433626,-3.4616e-06,35525.8319,1345698220.8969686,65239.0,65240.0,232826.01833,9246321.914389998,-478.82025,-31242356.092820004,106302290.14897999,26.071428571428573,7.0,7.0,4.574e-05,65259.1,65292.32,-1.043e-05,65267.5,15.0,0.23947333333333334,0.4,0.2,183420562378.61417,71901809218.364,49.0,60.0,48.0,38.0,0.0,55.0,63.0,51.0,37.0,64.0,58.0,36.0,56.0,29,Fear,4351.79,-4.92016e-05,6.9684e-06,-52.81999999999971,True,12,4,0,europe,0.003846775248309342,0.0,0.75
BTC,1786107600,1786111080.0,65014.5,65014.0,65046.0,-0.0004765858,-7.8562e-06,35517.3063999999,1306057080.5555706,65017.0,65018.0,3183509.55335,504372.17926,-335.82406,-21868639.938619997,104264818.62872,26.071428571428573,7.0,7.0,4.574e-05,64984.8,65009.24,-1.043e-05,64984.2,6.0,-0.16149999999999998,0.16666666666666666,0.5,183420562378.61417,71901809218.364,53.0,67.0,49.0,43.0,14.0,53.0,59.0,54.0,38.0,68.0,60.0,25.0,53.0,29,Fear,4338.52,-5.35962e-05,2.5738000000000007e-06,5.260000000002037,True,13,4,0,us,-0.003448830846343065,-1.734723475976807e-18,0.75
BTC,1786111200,1786114740.0,64956.5,64956.0,64988.0,-0.0004770111,2.1644e-06,35743.96196,1372353996.5085485,64958.0,64959.0,1776636.03008,51950.088489999995,-225.62948,-14661362.250839002,100981186.715313,26.071428571428573,7.0,7.0,4.574e-05,64927.3,64957.98,-1.043e-05,64931.1,12.0,0.2803583333333333,0.5,0.08333333333333333,183420562378.61417,71901809218.364,52.0,62.0,54.0,49.0,14.0,57.0,60.0,51.0,37.0,69.0,60.0,34.0,60.0,29,Fear,4333.59,-4.35756e-05,1.25944e-05,-1.4800000000032014,True,14,4,0,us,-0.0008921086834475789,-2.168404344971009e-19,1.0
BTC,1786114800,1786118340.0,64903.5,64904.0,64936.8,-0.0005051065,4.8352e-06,35718.40068,1302414886.1401906,64901.0,64902.0,704045.7761899999,1425578.93873,-217.09470000000005,-14094537.855809994,100314253.52481,26.071428571428573,7.0,7.0,4.574e-05,64885.4,64912.72,-1.043e-05,64889.9,14.0,0.10837142857142858,0.2857142857142857,0.21428571428571427,183420562378.61417,71901809218.364,49.0,64.0,47.0,49.0,13.0,52.0,63.0,49.0,40.0,75.0,62.0,42.0,74.0,29,Fear,4334.27,-4.09048e-05,1.52652e-05,-9.220000000001164,True,15,4,0,us,-0.0008159306612887107,-2.168404344971009e-19,0.5
BTC,1786118400,1786121940.0,64805.5,64809.0,64843.9,-0.0005844806,2.9003e-06,35628.57862,1293454076.8025997,64805.0,64806.0,658325.93759,287669.27327,-225.37757,-14613907.137819994,98713689.808088,26.071428571428573,7.0,7.0,6.308e-05,64779.9,64814.0,7.867e-05,64779.6,13.0,0.10056153846153847,0.46153846153846156,0.38461538461538464,183420562378.61417,71901809218.364,48.0,63.0,47.0,47.0,14.0,52.0,62.0,47.0,33.0,76.0,59.0,31.0,60.0,29,Fear,4323.43,-6.01797e-05,-7.576970000000001e-05,-8.5,True,16,4,0,us,-0.0015099339789071964,-4.336808689942018e-19,1.0
BTC,1786122000,1786125540.0,64734.5,64730.0,64752.1,-0.0002640841,7.5198e-06,34974.5601,1364802122.5716987,64734.0,64735.0,919398.3650799999,2337254.72798,-244.07623999999998,-15779697.890691001,95305861.908401,26.071428571428573,6.0,8.0,6.308e-05,64740.3,64764.33,7.867e-05,64737.1,10.0,0.10527,0.2,0.2,183420562378.61417,71901809218.364,49.0,64.0,45.0,51.0,18.0,54.0,65.0,49.0,35.0,75.0,69.0,26.0,49.0,29,Fear,4333.53,-5.55602e-05,-7.115020000000001e-05,-29.830000000001746,True,17,4,0,us,-0.0010955860227912506,-2.168404344971009e-19,0.75
BTC,1786125600,1786129140.0,64679.5,64680.0,64710.1,-0.0004651515,1.7878e-06,35081.54108,1359161575.729458,64679.0,64680.0,1004701.68545,664427.76096,-192.63013999999993,-12453135.962194998,96570825.999745,26.071428571428573,7.0,7.0,6.308e-05,64712.1,64735.51,7.867e-05,64701.4,19.0,0.18577894736842104,0.5263157894736842,0.15789473684210525,183420562378.61417,71901809218.364,54.0,63.0,56.0,59.0,40.0,57.0,61.0,57.0,75.0,76.0,61.0,42.0,46.0,29,Fear,4329.11,-6.12922e-05,-7.68822e-05,-56.01000000000204,True,18,4,0,us,-0.0008496242343727367,-2.168404344971009e-19,0.75
BTC,1786129200,1786131540.0,64935.5,64935.0,64968.0,-0.0004925502,3.127e-06,35026.29694,1357487544.3006692,64935.0,64936.0,319942.55773999996,1251899.9816700001,-181.12426999999997,-11758774.003874,98066066.54407,26.071428571428573,7.0,7.0,6.308e-05,64932.9,64960.47,7.867e-05,64922.5,16.0,0.2313625,0.5,0.1875,183420562378.61417,71901809218.364,50.0,69.0,51.0,51.0,0.0,57.0,85.0,56.0,38.0,77.0,60.0,34.0,45.0,29,Fear,4337.34,-5.9953e-05,-7.5543e-05,-24.970000000001164,True,19,4,0,us,0.003957977411699121,8.673617379884035e-19,0.25
BTC,1786132800,1786136340.0,64940.5,64941.5,64972.6,-0.0004863589,-3.2503e-06,35175.96234,1337527716.0215743,64940.0,64941.0,769769.1791299998,1344258.8982799998,-106.17318999999998,-6894552.0940900035,100534740.51485,26.071428571428573,8.0,6.0,6.308e-05,64942.1,64972.0,7.867e-05,64937.8,0.0,,,,183420562378.61417,71901809218.364,58.0,70.0,28.0,57.0,65.0,36.0,68.0,70.0,47.0,82.0,46.0,43.0,46.0,29,Fear,4335.34,-6.63303e-05,-8.192030000000001e-05,-31.5,True,20,4,0,us,7.699948410344604e-05,-1.3552527156068805e-20,1.0
BTC,1786136400,1786139940.0,64894.5,64895.0,64938.0,-0.0006621701,-2.5755e-06,35065.06098,1341555141.3399112,64894.0,64895.0,1816405.44166,800372.2281300001,-77.43058999999994,-5025341.770370003,102242515.61967,26.071428571428573,8.0,6.0,6.308e-05,64895.3,64928.01,7.867e-05,64895.3,10.0,0.11979999999999999,0.4,0.2,183420562378.61417,71901809218.364,52.0,67.0,18.0,49.0,26.0,19.0,75.0,55.0,48.0,86.0,31.0,43.0,45.0,29,Fear,4338.28,-6.56555e-05,-8.12455e-05,-33.51000000000204,True,21,4,0,us,-0.0007083407118824159,0.0,0.75
BTC,1786140000,1786143540.0,64844.5,64845.0,64878.0,-0.000508647,-6.3512e-06,34990.23842,1338683825.3693092,64844.0,64845.0,438790.18052,2004976.21872,-64.82336000000004,-4203755.21441,102915011.88163,26.071428571428573,8.0,6.0,6.308e-05,64857.3,64888.0,7.867e-05,64845.3,9.0,0.3612777777777778,0.5555555555555556,0.1111111111111111,183420562378.61417,71901809218.364,54.0,70.0,19.0,55.0,35.0,22.0,77.0,59.0,53.0,90.0,37.0,37.0,51.0,29,Fear,4343.73,-6.94312e-05,-8.50212e-05,-43.5,True,22,4,0,us,-0.0007704813196803828,0.0,0.5
BTC,1786143600,1786147080.0,64882.5,64883.0,64915.0,-0.0004929523,-3.631e-06,34960.60992,1302958855.7644596,64882.0,64883.0,584634.4402300001,996647.60613,-68.53665999999998,-4447296.344141994,102677210.369858,26.071428571428573,8.0,6.0,6.308e-05,64885.4,64923.19,7.867e-05,64883.1,23.0,0.07764347826086956,0.391304347826087,0.2608695652173913,183420562378.61417,71901809218.364,54.0,74.0,18.0,55.0,0.0,26.0,85.0,59.0,64.0,93.0,38.0,57.0,50.0,29,Fear,4344.47,-6.6711e-05,-8.230100000000001e-05,-40.69000000000233,True,23,4,0,us,0.0005860173183538375,0.0,1.0
BTC,1786147200,1786150740.0,64881.5,64881.0,64915.0,-0.0005083571,-2.6419e-06,34844.8184799999,1299853816.2575426,64881.0,64882.0,506824.40553,862229.57394,-60.72911999999991,-3940557.4170590006,101833692.991281,26.071428571428573,8.0,6.0,5.557e-05,64890.3,64929.01,3.35e-06,64881.7,0.0,,,,183416069330.6819,72129802847.59998,55.0,74.0,19.0,52.0,0.0,28.0,93.0,55.0,51.0,83.0,42.0,34.0,74.0,30,Fear,4344.58,-5.82119e-05,-5.9919e-06,-47.51000000000204,True,0,5,1,asia,-1.54124763996899e-05,3.3881317890172014e-21,0.5
BTC,1786150800,1786154340.0,64885.5,64886.7,64919.6,-0.0005175633,-7.242e-07,34836.1107399999,1293538308.5444598,64885.0,64886.0,1151274.63147,816566.5081999999,-63.78892000000002,-4140444.7492400035,101551147.86282,26.071428571428573,8.0,6.0,5.557e-05,64880.6,64911.79,3.35e-06,64873.8,0.0,,,,183416069330.6819,72129802847.59998,45.0,68.0,16.0,44.0,0.0,24.0,91.0,49.0,50.0,74.0,30.0,35.0,100.0,30,Fear,4338.15,-5.62942e-05,-4.0742e-06,-26.290000000000873,True,1,5,1,asia,6.165085579090679e-05,0.0,0.5
BTC,1786154400,1786157940.0,64886.5,64887.0,64921.1,-0.000525253,-7.654e-07,34862.60574,1262274778.4129908,64886.0,64887.0,1000721.23663,718514.70989,-64.22900999999996,-4167435.0848399997,101367756.07452,26.071428571428573,8.0,6.0,5.557e-05,64889.5,64923.97,3.35e-06,64886.0,11.0,0.15474545454545455,0.45454545454545453,0.09090909090909091,183416069330.6819,72129802847.59998,44.0,62.0,15.0,40.0,36.0,24.0,75.0,51.0,49.0,76.0,29.0,39.0,100.0,30,Fear,4338.74,-5.6335399999999996e-05,-4.1154000000000004e-06,-37.470000000001164,True,2,5,1,asia,1.541176379937781e-05,0.0,1.0
BTC,1786158000,1786161540.0,64997.5,64997.0,65026.0,-0.0004198321,3.4985e-06,34834.74596,1248605442.682049,64997.0,64998.0,1492172.73162,455619.55577000004,-80.01484999999997,-5200459.539649997,100518932.45307,26.071428571428573,8.0,6.0,5.557e-05,65000.0,65033.0,3.35e-06,64998.7,5.0,-0.008520000000000017,0.2,0.4,183416069330.6819,72129802847.59998,44.0,66.0,13.0,46.0,33.0,23.0,69.0,54.0,64.0,77.0,37.0,0.0,92.0,30,Fear,4340.33,-5.20715e-05,1.4849999999999993e-07,-35.5,True,3,5,1,asia,0.0017106794171359851,0.0,0.25
BTC,1786161600,1786165140.0,64967.5,64968.0,65000.0,-0.0004923077,8.066e-06,34830.32754,1229430579.7698789,64967.0,64968.0,1197106.34077,1116719.61374,-126.52209999999997,-8220430.308109999,97460932.03117,26.071428571428573,8.0,6.0,5.557e-05,64976.5,65013.58,3.35e-06,64974.0,6.0,0.04803333333333332,0.3333333333333333,0.16666666666666666,183416069330.6819,72129802847.59998,42.0,61.0,11.0,34.0,28.0,20.0,59.0,49.0,35.0,71.0,30.0,33.0,74.0,30,Fear,4333.27,-4.7504e-05,4.716e-06,-46.080000000001746,True,4,5,1,asia,-0.00046155621370047584,0.0,1.0
BTC,1786165200,1786168740.0,64961.5,64961.0,64991.0,-0.0004462156,4.4023e-06,34817.63152,1216389490.7316287,64961.0,64962.0,726831.52064,981548.61209,-124.87362999999993,-8111107.399629999,97546339.78561,26.071428571428573,8.0,6.0,5.557e-05,64967.0,64995.39,3.35e-06,64968.5,8.0,0.1515,0.375,0.25,183416069330.6819,72129802847.59998,43.0,54.0,16.0,37.0,0.0,21.0,54.0,62.0,39.0,69.0,28.0,31.0,57.0,30,Fear,4336.92,-5.11677e-05,1.0523e-06,-33.88999999999942,True,5,5,1,asia,-9.235386924233424e-05,2.710505431213761e-20,0.5
BTC,1786168800,1786172340.0,64975.5,64976.0,65006.0,-0.0004614959,7.6262e-06,34787.70236,1201712529.8912873,64975.0,64976.0,479532.03731000004,1660967.7183400001,-128.3083799999999,-8336708.682119999,97343643.9612,26.071428571428573,8.0,6.0,5.557e-05,64978.2,65006.61,3.35e-06,64974.7,8.0,0.41168750000000004,0.75,0.125,183416069330.6819,72129802847.59998,47.0,56.0,47.0,33.0,0.0,20.0,51.0,81.0,26.0,74.0,27.0,39.0,57.0,30,Fear,4337.99,-4.79438e-05,4.2762e-06,-31.110000000000582,True,6,5,1,asia,0.00021551226495697406,-5.421010862427522e-20,0.75
BTC,1786172400,1786175880.0,64924.5,64925.0,64960.0,-0.0005387931,2.026e-06,34822.64574,1187874126.825658,64924.0,64925.0,2301901.4923900003,149353.23092,-117.88074999999998,-7652470.276659999,97941084.6274,26.071428571428573,8.0,6.0,5.557e-05,64936.3,64960.0,3.35e-06,64934.4,5.0,0.49326,0.8,0.2,183416069330.6819,72129802847.59998,43.0,50.0,25.0,33.0,0.0,21.0,50.0,71.0,30.0,67.0,26.0,37.0,55.0,30,Fear,4338.71,-5.3544e-05,-1.324e-06,-35.5,True,7,5,1,asia,-0.0007849112357735111,0.0,0.5
BTC,1786176000,1786179540.0,64960.5,64960.0,64989.0,-0.0004308421,7.2033e-06,34794.43504,1132774996.9564393,64960.0,64961.0,437958.70756000007,1835036.76748,-117.0156,-7601450.391599998,98057204.25566,26.071428571428573,8.0,6.0,5.417e-05,64963.2,64993.87,3.891e-05,64959.6,11.0,0.21943636363636365,0.5454545454545454,0.18181818181818182,183416069330.6819,72129802847.59998,40.0,49.0,20.0,30.0,0.0,19.0,45.0,60.0,30.0,59.0,25.0,25.0,56.0,30,Fear,4341.81,-4.69667e-05,-3.17067e-05,-33.37000000000262,True,8,5,1,europe,0.00055449021555809,0.0,0.5
BTC,1786179600,1786183080.0,64959.5,64960.0,64990.7,-0.0004723753,5.671e-06,34789.38502,1078135251.40376,64959.0,64960.0,528198.4156599999,1253868.57063,-120.28400999999997,-7813345.625085,97845214.745527,26.071428571428573,8.0,6.0,5.417e-05,64960.1,64994.31,3.891e-05,64955.6,11.0,0.012572727272727275,0.18181818181818182,0.18181818181818182,183416069330.6819,72129802847.59998,39.0,47.0,11.0,27.0,0.0,20.0,45.0,49.0,0.0,60.0,21.0,20.0,53.0,30,Fear,4342.75,-4.8499e-05,-3.3239e-05,-34.80999999999767,True,9,5,1,europe,-1.5393970181909467e-05,0.0,0.5
BTC,1786183200,1786186740.0,64984.5,64985.0,65012.0,-0.0004153079,7.2091e-06,34809.8165799999,1055053526.4654212,64984.0,64985.0,436252.65419000003,1503886.17031,-129.79525999999993,-8434537.298683997,97263885.754648,26.071428571428573,8.0,6.0,5.417e-05,64980.6,65005.87,3.891e-05,64975.3,9.0,-0.09861111111111111,0.1111111111111111,0.3333333333333333,183416069330.6819,72129802847.59998,41.0,56.0,16.0,31.0,34.0,26.0,47.0,55.0,28.0,60.0,27.0,30.0,55.0,30,Fear,4338.86,-4.69609e-05,-3.17009e-05,-21.37000000000262,True,10,5,1,europe,0.000384855178996224,-1.0842021724855044e-19,0.25
BTC,1786186800,1786190280.0,64935.5,64936.0,64965.0,-0.0004463942,1.5774e-06,34866.32116,937229125.6383201,64938.0,64939.0,2992529.5893,368086.6509,-110.5209999999999,-7176349.572000001,98434491.33504,26.071428571428573,8.0,6.0,5.417e-05,64938.5,64967.35,3.891e-05,64930.5,3.0,0.3932666666666667,0.6666666666666666,0.0,183416069330.6819,72129802847.59998,42.0,56.0,17.0,33.0,28.0,25.0,54.0,48.0,39.0,63.0,31.0,15.0,60.0,30,Fear,4340.24,-5.2592599999999995e-05,-3.7332599999999996e-05,-31.849999999998545,True,11,5,1,europe,-0.0007540259600365973,-2.168404344971009e-19,0.5
BTC,1786190400,1786193880.0,64973.5,64975.5,65009.1,-0.0005399244,2.29e-07,34947.49098,780533507.2089195,64973.0,64974.0,385608.56947,1714664.42705,-108.91197999999991,-7076664.812479999,98604674.47232,26.071428571428573,8.0,6.0,5.417e-05,64973.8,65008.34,3.891e-05,64968.0,17.0,0.051435294117647065,0.23529411764705882,0.17647058823529413,183416069330.6819,72129802847.59998,44.0,57.0,16.0,30.0,0.0,28.0,59.0,50.0,33.0,65.0,30.0,28.0,59.0,30,Fear,4341.24,-5.3941e-05,-3.8681e-05,-34.83999999999651,True,12,5,1,europe,0.0005851960791862787,0.0,1.0
BTC,1786194000,1786197480.0,64986.5,64985.0,65015.1,-0.0004322073,3.5345e-06,34945.80272,673314307.3600307,64986.0,64987.0,1101777.04143,910082.99899,-108.47893999999997,-7049547.307476003,98648661.214872,26.071428571428573,8.0,6.0,5.417e-05,64985.4,65015.27,3.891e-05,64989.6,14.0,-0.1475357142857143,0.21428571428571427,0.42857142857142855,183416069330.6819,72129802847.59998,45.0,54.0,22.0,30.0,0.0,28.0,58.0,45.0,43.0,71.0,34.0,16.0,62.0,30,Fear,4342.23,-5.06355e-05,-3.53755e-05,-28.7699999999968,True,13,5,1,us,0.00020008157171780283,0.0,0.5
BTC,1786197600,1786201140.0,65108.5,65104.4,65132.0,-0.000353129,1.0188e-05,34407.5655800002,588972483.7914984,65108.0,65109.0,115595.76828,3747173.4866400003,-194.39657999999997,-12661343.826269995,93558381.28781,26.071428571428573,7.0,7.0,5.417e-05,65100.0,65129.02,3.891e-05,65090.7,9.0,0.06016666666666665,0.3333333333333333,0.3333333333333333,183416069330.6819,72129802847.59998,42.0,57.0,19.0,36.0,0.0,25.0,58.0,47.0,42.0,77.0,28.0,35.0,63.0,30,Fear,4342.61,-4.3982e-05,-2.8722e-05,-20.5199999999968,True,14,5,1,us,0.0018773129803881794,6.505213034913027e-19,0.25
BTC,1786201200,1786204680.0,65070.5,65069.0,65094.0,-0.0003533352,1.15314e-05,34333.14382,581649173.2744703,65070.0,65071.0,898858.52479,1225753.07715,-212.61147,-13833436.439560004,93282668.44412,26.071428571428573,7.0,7.0,5.417e-05,65049.3,65080.82,3.891e-05,65043.1,16.0,0.33274375,0.625,0.125,183416069330.6819,72129802847.59998,45.0,55.0,25.0,41.0,0.0,20.0,61.0,48.0,14.0,74.0,26.0,20.0,83.0,30,Fear,4345.18,-4.2638599999999995e-05,-2.73786e-05,-10.319999999999709,True,15,5,1,us,-0.000583641152844816,-1.0842021724855044e-19,0.25
BTC,1786204800,1786208340.0,65060.5,65060.0,65084.9,-0.000354921,1.25e-05,34390.14856,570033347.3087618,65061.0,65062.0,1478356.95505,855589.39267,-253.4811699999999,-16491988.955120005,92329022.75996,26.071428571428573,7.0,7.0,5.801e-05,65056.1,65086.45,2.947e-05,65052.4,5.0,0.12332000000000001,0.2,0.0,183416069330.6819,72129802847.59998,47.0,54.0,44.0,37.0,0.0,23.0,62.0,53.0,10.0,80.0,28.0,30.0,66.0,30,Fear,4341.26,-4.551e-05,-1.6970000000000002e-05,-25.94999999999709,True,16,5,1,us,-0.00015367947072786325,-2.710505431213761e-20,0.75
BTC,1786208400,1786211940.0,65087.5,65088.0,65117.0,-0.0004453522,1.25e-05,34414.59948,490936607.8413199,65087.0,65088.0,931327.4196900001,814334.14099,-290.92232999999993,-18935412.04322,91009571.9073,26.071428571428573,7.0,7.0,5.801e-05,65086.2,65119.75,2.947e-05,65082.8,8.0,0.4247625,0.75,0.25,183416069330.6819,72129802847.59998,44.0,55.0,22.0,37.0,0.0,24.0,62.0,54.0,17.0,79.0,28.0,23.0,53.0,30,Fear,4341.65,-4.551e-05,-1.6970000000000002e-05,-32.25,True,17,5,1,us,0.000414998347691764,0.0,0.75
BTC,1786212000,1786215540.0,65013.5,65014.0,65046.9,-0.0005057889,8.0969e-06,34339.69214,437740815.49294037,65013.0,65014.0,293147.57637,1536395.9453099999,-264.1174099999999,-17171350.496609997,91282915.55021,26.071428571428573,7.0,7.0,5.801e-05,65015.3,65044.07,2.947e-05,65007.7,12.0,0.18500000000000003,0.5,0.08333333333333333,183416069330.6819,72129802847.59998,48.0,57.0,24.0,40.0,58.0,29.0,62.0,56.0,19.0,78.0,35.0,29.0,54.0,30,Fear,4343.12,-4.99131e-05,-2.13731e-05,-30.56999999999971,True,18,5,1,us,-0.0011369310543498656,0.0,1.0
BTC,1786215600,1786219140.0,65053.5,65053.0,65083.9,-0.000459407,5.342e-07,34545.24786,405642920.5181207,65049.0,65050.0,179877.90665,2886744.3419699995,-222.35634999999996,-14465477.695334997,91334107.711145,26.071428571428573,8.0,6.0,5.801e-05,65045.5,65075.41,2.947e-05,65036.9,17.0,0.0877235294117647,0.35294117647058826,0.23529411764705882,183416069330.6819,72129802847.59998,49.0,55.0,23.0,43.0,19.0,29.0,63.0,58.0,9.0,83.0,39.0,35.0,54.0,30,Fear,4342.28,-5.74758e-05,-2.8935800000000002e-05,-21.910000000003492,True,19,5,1,us,0.000615256831273614,1.0842021724855044e-19,0.5
BTC,1786219200,1786222740.0,65046.5,65046.0,65082.0,-0.0005377831,8.738e-07,34584.60702,409854728.34565955,65046.0,65047.0,611889.94743,5114401.23939,-203.76658999999995,-13254350.53004,92547232.96998,26.071428571428573,8.0,6.0,5.801e-05,65046.9,65082.41,2.947e-05,65043.0,9.0,0.3802333333333333,0.5555555555555556,0.0,183416069330.6819,72129802847.59998,53.0,62.0,27.0,47.0,31.0,30.0,63.0,64.0,13.0,79.0,47.0,23.0,52.0,30,Fear,4342.72,-5.7136200000000004e-05,-2.8596200000000002e-05,-35.91000000000349,True,20,5,1,us,-0.0001076037415358444,-2.710505431213761e-20,0.5
BTC,1786222800,1786226340.0,64982.5,64983.0,65011.4,-0.0004368465,9.807e-07,34597.06526,395145877.92153966,64982.0,64983.0,1096295.9656099998,1225692.9916,-156.98318999999998,-10204241.21884,93519326.7299,26.071428571428573,8.0,6.0,5.801e-05,64989.8,65012.96,2.947e-05,64987.9,16.0,0.024531249999999994,0.3125,0.3125,183416069330.6819,72129802847.59998,58.0,71.0,27.0,46.0,23.0,42.0,77.0,64.0,19.0,85.0,48.0,41.0,48.0,30,Fear,4342.97,-5.70293e-05,-2.8489300000000002e-05,-30.459999999999127,True,21,5,1,us,-0.000983911509458646,-2.168404344971009e-19,0.25
BTC,1786226400,1786229940.0,64918.5,64918.7,64952.0,-0.0005080675,-4.6455e-06,34650.07238,392158434.59304994,64918.0,64919.0,453319.94487,2192386.62747,-109.60366999999997,-7115338.739558,96478065.09702599,26.071428571428573,8.0,6.0,5.801e-05,64915.2,64950.61,2.947e-05,64911.1,10.0,0.06808,0.1,0.0,183416069330.6819,72129802847.59998,57.0,68.0,30.0,53.0,32.0,38.0,74.0,68.0,17.0,86.0,48.0,35.0,50.0,30,Fear,4342.98,-6.26555e-05,-3.41155e-05,-32.11000000000058,True,22,5,1,us,-0.00098488054476209,-4.336808689942018e-19,1.0
BTC,1786230000,1786233480.0,64932.5,64929.0,64957.0,-0.0003694752,5.5339e-06,34568.25216,398469818.66942036,64932.0,64933.0,332389.31764,3356748.6627599997,-131.44070999999997,-8534313.859590001,95078285.74173,26.071428571428573,8.0,6.0,5.801e-05,64928.5,64962.6,2.947e-05,64929.4,9.0,-0.026544444444444457,0.2222222222222222,0.2222222222222222,183416069330.6819,72129802847.59998,57.0,68.0,29.0,52.0,32.0,40.0,86.0,70.0,19.0,86.0,47.0,25.0,51.0,30,Fear,4347.04,-5.2476100000000004e-05,-2.3936100000000003e-05,-30.099999999998545,True,23,5,1,us,0.00021565501359388506,5.421010862427522e-20,0.5
BTC,1786233600,1786237140.0,64945.5,64946.0,64977.0,-0.0004770919,4.6462e-06,34543.36858,388411061.4989196,64945.0,64946.0,885157.8166699999,847943.37946,-132.87114999999994,-8628482.39054,94994896.721578,26.071428571428573,8.0,6.0,4.423e-05,64952.9,64973.65,-6.48e-06,64943.6,7.0,0.2637285714285714,0.42857142857142855,0.2857142857142857,183135442645.17242,72152411817.81174,55.0,72.0,33.0,55.0,53.0,33.0,92.0,73.0,18.0,86.0,50.0,30.0,69.0,31,Fear,4345.9,-3.9583800000000005e-05,1.1126199999999999e-05,-28.150000000001455,True,0,6,1,asia,0.00020020790821240197,5.421010862427522e-20,0.5
BTC,1786237200,1786240740.0,64842.5,64843.0,64872.4,-0.0004531974,7.7317e-06,34552.46168,400365128.9649999,64842.0,64843.0,225936.71895,1361575.4758100002,-137.70039999999995,-8928940.783649996,94547802.62869,26.071428571428573,8.0,6.0,4.423e-05,64838.4,64861.46,-6.48e-06,64843.5,6.0,0.01608333333333334,0.16666666666666666,0.16666666666666666,183135442645.17242,72152411817.81174,53.0,77.0,37.0,58.0,69.0,39.0,88.0,72.0,22.0,87.0,52.0,36.0,100.0,31,Fear,4344.33,-3.64983e-05,1.4211699999999998e-05,-18.959999999999127,True,1,6,1,asia,-0.0015859451386162071,-4.336808689942018e-19,0.25
BTC,1786240800,1786244280.0,64791.5,64791.0,64819.4,-0.000422713,5.9743e-06,34509.54118,400910727.2956903,64791.0,64792.0,762404.2961,1834336.30556,-136.79899999999998,-8863645.429764997,94528019.338525,26.071428571428573,8.0,6.0,4.423e-05,64798.0,64820.01,-6.48e-06,64786.7,4.0,0.10577500000000001,0.5,0.25,183135442645.17242,72152411817.81174,53.0,75.0,62.0,57.0,50.0,39.0,76.0,62.0,21.0,85.0,57.0,33.0,96.0,31,Fear,4347.27,-3.82557e-05,1.24543e-05,-28.510000000002037,True,2,6,1,asia,-0.0007865211859505727,-2.168404344971009e-19,0.75
BTC,1786244400,1786247940.0,64759.5,64759.0,64788.4,-0.0004383501,6.9878e-06,34502.63278,404798900.4040596,64759.0,64760.0,483650.7179500001,1709365.5997300001,-140.20358,-9079303.433640003,94259131.16712,26.071428571428573,8.0,6.0,4.423e-05,64759.0,64788.8,-6.48e-06,64758.4,3.0,0.25256666666666666,0.3333333333333333,0.0,183135442645.17242,72152411817.81174,52.0,71.0,39.0,53.0,52.0,36.0,61.0,61.0,14.0,79.0,43.0,35.0,91.0,31,Fear,4343.83,-3.72422e-05,1.34678e-05,-29.30000000000291,True,3,6,1,asia,-0.0004938919457027069,-1.0842021724855044e-19,0.5
BTC,1786248000,1786251540.0,64756.5,64757.0,64785.0,-0.0004321988,7.5777e-06,34491.0679799999,395867446.7416808,64756.0,64757.0,1201019.14022,1233267.48905,-142.49469,-9227528.640329998,94108287.03661,26.071428571428573,8.0,6.0,4.423e-05,64759.8,64785.0,-6.48e-06,64756.6,8.0,0.0920625,0.25,0.125,183135442645.17242,72152411817.81174,52.0,69.0,30.0,51.0,24.0,42.0,57.0,63.0,14.0,80.0,46.0,34.0,78.0,31,Fear,4345.52,-3.66523e-05,1.40577e-05,-28.5,True,4,6,1,asia,-4.6325249577261474e-05,-2.0328790734103208e-20,0.75
BTC,1786251600,1786255140.0,64765.5,64766.0,64791.1,-0.0003873989,8.0328e-06,34494.41936,390392117.31888,64765.0,64766.0,1120611.07745,1196692.9366900001,-145.54531999999995,-9425660.468519997,93916485.09408,26.071428571428573,8.0,6.0,4.423e-05,64777.9,64801.58,-6.48e-06,64776.6,5.0,0.07379999999999998,0.4,0.4,183135442645.17242,72152411817.81174,53.0,57.0,38.0,45.0,28.0,36.0,52.0,66.0,14.0,73.0,38.0,24.0,63.0,31,Fear,4346.5,-3.61972e-05,1.4512800000000001e-05,-36.080000000001746,True,5,6,1,asia,0.00013898218711627663,2.710505431213761e-20,0.5
BTC,1786255200,1786258740.0,64827.5,64825.0,64858.0,-0.000462549,6.4235e-06,34473.51818,387634884.17765975,64827.0,64828.0,762093.74445,1984496.2970499997,-158.30063999999993,-10262216.447999999,93181441.4165,26.071428571428573,8.0,6.0,4.423e-05,64822.9,64849.99,-6.48e-06,64813.5,4.0,0.10972500000000002,0.5,0.25,183135442645.17242,72152411817.81174,53.0,68.0,16.0,39.0,49.0,31.0,47.0,24.0,9.0,75.0,35.0,31.0,64.0,31,Fear,4346.62,-3.7806500000000005e-05,1.29035e-05,-22.489999999997963,True,6,6,1,asia,0.0009572997969597985,2.168404344971009e-19,0.25
BTC,1786258800,1786262280.0,64796.5,64796.0,64826.1,-0.0004488933,3.75e-06,34493.10722,384685349.71623987,64796.0,64797.0,532694.51344,1702246.08647,-154.84029999999996,-10033032.078799997,93367183.22984,26.071428571428573,8.0,6.0,4.423e-05,64793.6,64826.14,-6.48e-06,64792.4,10.0,0.20118,0.5,0.2,183135442645.17242,72152411817.81174,50.0,58.0,11.0,39.0,25.0,31.0,44.0,20.0,11.0,67.0,29.0,38.0,63.0,31,Fear,4354.53,-4.048e-05,1.023e-05,-29.639999999999418,True,7,6,1,asia,-0.00047819212525546106,-1.0842021724855044e-19,0.75
BTC,1786262400,1786265940.0,64789.5,64790.0,64822.0,-0.0004936596,4.5768e-06,34396.41862,395166478.36716014,64789.0,64790.0,2050252.7128599999,579661.41682,-167.91109999999992,-10877641.461280003,92501948.82962,26.071428571428573,8.0,6.0,6.667e-05,64792.5,64824.16,9.66e-06,64797.2,10.0,0.16663,0.3,0.2,183135442645.17242,72152411817.81174,44.0,51.0,8.0,35.0,0.0,28.0,44.0,19.0,0.0,60.0,31.0,15.0,59.0,31,Fear,4350.73,-6.20932e-05,-5.083200000000001e-06,-34.66000000000349,True,8,6,1,europe,-0.00010803052634011934,0.0,1.0
BTC,1786266000,1786269540.0,64832.5,64833.0,64852.4,-0.0002991408,1.25e-05,34374.48382,404993947.0249599,64832.0,64833.0,1057075.7324100002,1396053.19168,-222.34474999999998,-14415499.521500003,89955052.98318,26.071428571428573,7.0,7.0,6.667e-05,64850.9,64877.85,9.66e-06,64853.9,6.0,0.28063333333333335,0.6666666666666666,0.0,183135442645.17242,72152411817.81174,44.0,48.0,8.0,36.0,26.0,29.0,41.0,20.0,8.0,63.0,29.0,20.0,54.0,31,Fear,4347.52,-5.417e-05,2.84e-06,-45.349999999998545,True,9,6,1,europe,0.0006636877889163451,0.0,0.5
BTC,1786269600,1786273080.0,64933.5,64934.0,64967.3,-0.0005125656,7.7841e-06,34396.65342,414566637.43679976,64933.0,64934.0,1793591.36327,774178.95961,-234.35400000000004,-15217281.288840003,88562565.00274399,26.071428571428573,7.0,7.0,6.667e-05,64927.4,64959.86,9.66e-06,64926.9,4.0,0.504475,0.75,0.0,183135442645.17242,72152411817.81174,45.0,51.0,7.0,32.0,0.0,34.0,44.0,18.0,9.0,58.0,28.0,24.0,57.0,31,Fear,4348.59,-5.88859e-05,-1.8759000000000001e-06,-26.360000000000582,True,10,6,1,europe,0.0015578606408823692,0.0,1.0
BTC,1786273200,1786276740.0,64933.5,64933.0,64963.0,-0.000446408,1.23717e-05,34370.32726,413834373.98585993,64933.0,64934.0,1438355.01355,1043523.1809200001,-238.74500999999998,-15503120.926419996,88623818.23226,26.071428571428573,7.0,7.0,6.667e-05,64921.8,64950.0,9.66e-06,64921.7,7.0,0.07875714285714286,0.2857142857142857,0.14285714285714285,183135442645.17242,72152411817.81174,47.0,61.0,6.0,37.0,0.0,25.0,53.0,17.0,5.0,62.0,28.0,34.0,62.0,31,Fear,4351.05,-5.4298299999999995e-05,2.7117e-06,-16.5,True,11,6,1,europe,0.0,0.0,0.75
BTC,1786276800,1786280340.0,64917.5,64919.0,64955.0,-0.0005696251,3.0953e-06,34395.3528799999,409382843.53209007,64917.0,64918.0,4014324.81996,306199.90267000004,-223.87970999999993,-14533466.81509,89069340.45329,26.071428571428573,8.0,6.0,6.667e-05,64928.5,64960.11,9.66e-06,64927.2,0.0,,,,183135442645.17242,72152411817.81174,45.0,64.0,18.0,36.0,24.0,29.0,55.0,54.0,8.0,65.0,33.0,15.0,65.0,31,Fear,4353.99,-6.357469999999999e-05,-6.564700000000001e-06,-42.61000000000058,True,12,6,1,europe,-0.00024640593838309854,5.421010862427522e-20,1.0
BTC,1786280400,1786283880.0,65191.5,65191.0,65220.0,-0.0004293162,8.7299e-06,34257.2151,467572556.1986308,65191.0,65192.0,944861.7045799999,1023596.4866299999,-259.10465,-16890257.60988,87446692.54752,26.071428571428573,7.0,7.0,6.667e-05,65194.9,65219.78,9.66e-06,65199.6,11.0,-0.08142727272727274,0.2727272727272727,0.36363636363636365,183135442645.17242,72152411817.81174,46.0,61.0,19.0,37.0,28.0,23.0,58.0,52.0,11.0,71.0,27.0,20.0,61.0,31,Fear,4354.53,-5.79401e-05,-9.301000000000015e-07,-28.279999999998836,True,13,6,1,us,0.004220741710632803,0.0,0.75
BTC,1786284000,1786287540.0,65259.5,65260.0,65290.0,-0.0004594884,5.1566e-06,34349.4396,457785194.29209083,65259.0,65260.0,1499313.71687,676987.30291,-208.56522999999999,-13591554.061609998,90424217.92829001,26.071428571428573,8.0,6.0,6.667e-05,65237.3,65260.01,9.66e-06,65241.8,17.0,0.0695764705882353,0.35294117647058826,0.17647058823529413,183135442645.17242,72152411817.81174,43.0,61.0,17.0,37.0,28.0,25.0,53.0,47.0,9.0,72.0,28.0,18.0,68.0,31,Fear,4355.47,-6.151339999999999e-05,-4.503400000000001e-06,-0.5100000000020373,True,14,6,1,us,0.001043080769732141,0.0,0.25
BTC,1786287600,1786291080.0,65197.5,65197.0,65229.0,-0.0004752487,-1.7319e-06,34427.98638,460343122.9078707,65197.0,65198.0,1880348.72218,2338852.74509,-185.06462999999997,-12065411.054412,91983375.713548,26.071428571428573,8.0,6.0,6.667e-05,65207.7,65228.68,9.66e-06,65203.0,11.0,0.08628181818181818,0.36363636363636365,0.09090909090909091,183135442645.17242,72152411817.81174,44.0,60.0,18.0,36.0,21.0,24.0,58.0,50.0,9.0,71.0,30.0,23.0,84.0,31,Fear,4358.0,-6.840189999999999e-05,-1.13919e-05,-31.18000000000029,True,15,6,1,us,-0.000950053248952254,-1.0842021724855044e-19,0.25
BTC,1786291200,1786294740.0,65199.5,65202.0,65235.0,-0.0005365218,5.8754e-06,34618.07382,472709576.9324991,65199.0,65200.0,3077708.1206199997,6501793.53285,-202.40117999999995,-13197267.028760005,90859164.2044,26.071428571428573,8.0,6.0,7.054e-05,65204.6,65232.14,7.877e-05,65206.0,3.0,-0.3223333333333333,0.0,0.3333333333333333,183135442645.17242,72152411817.81174,45.0,62.0,20.0,41.0,27.0,23.0,60.0,52.0,9.0,75.0,30.0,22.0,67.0,31,Fear,4356.58,-6.46646e-05,-7.289460000000001e-05,-32.63999999999942,True,16,6,1,us,3.067602285367066e-05,6.776263578034403e-21,1.0
BTC,1786294800,1786298280.0,65161.5,65164.0,65198.9,-0.0005659605,-1.8374e-06,34591.17846,467202005.2937306,65161.0,65162.0,1067385.2846300001,828918.9304899999,-177.82892999999996,-11587866.565590002,92403962.72583,26.071428571428573,8.0,6.0,7.054e-05,65170.0,65198.68,7.877e-05,65173.9,8.0,-0.011637500000000009,0.125,0.25,183135442645.17242,72152411817.81174,46.0,62.0,18.0,39.0,18.0,26.0,63.0,51.0,12.0,80.0,28.0,25.0,56.0,31,Fear,4353.78,-7.23774e-05,-8.060740000000001e-05,-37.18000000000029,True,17,6,1,us,-0.0005828265554184142,0.0,0.75
BTC,1786298400,1786301880.0,65161.5,65164.7,65197.0,-0.0005368345,-3.468e-06,34690.89934,462847778.58993024,65161.0,65162.0,1404655.36523,803326.46126,-158.59290999999996,-10335081.166820005,93666686.19694,26.071428571428573,8.0,6.0,7.054e-05,65167.1,65199.68,7.877e-05,65171.4,6.0,-0.0899,0.16666666666666666,0.16666666666666666,183135442645.17242,72152411817.81174,53.0,67.0,22.0,48.0,72.0,31.0,66.0,63.0,16.0,82.0,31.0,26.0,55.0,31,Fear,4353.96,-7.4008e-05,-8.223800000000001e-05,-38.18000000000029,True,18,6,1,us,0.0,0.0,0.75
BTC,1786302000,1786305480.0,65158.5,65159.0,65189.0,-0.0004602003,7.2701e-06,34722.41566,459036509.67562026,65158.0,65159.0,1141950.24155,891414.1783400001,-150.41606999999993,-9800879.21658,94185867.84834,26.071428571428573,8.0,6.0,7.054e-05,65153.2,65180.66,7.877e-05,65154.1,5.0,-0.22523999999999997,0.0,0.4,183135442645.17242,72152411817.81174,50.0,64.0,20.0,43.0,21.0,26.0,67.0,61.0,12.0,78.0,29.0,23.0,57.0,31,Fear,4357.03,-6.32699e-05,-7.149990000000001e-05,-22.160000000003492,True,19,6,1,us,-4.60394558136068e-05,0.0,0.25
BTC,1786305600,1786309140.0,65105.5,65106.0,65138.3,-0.000495868,1.26e-06,34849.74486,473552950.65887946,65105.0,65106.0,1745266.80369,842376.9561300001,-113.55592999999999,-7393447.515099999,96512448.64406,26.071428571428573,8.0,6.0,7.054e-05,65114.1,65137.96,7.877e-05,65117.1,6.0,0.16908333333333334,0.16666666666666666,0.0,183135442645.17242,72152411817.81174,55.0,72.0,23.0,52.0,30.0,31.0,72.0,67.0,17.0,85.0,34.0,28.0,55.0,31,Fear,4359.1,-6.928e-05,-7.751000000000001e-05,-32.45999999999913,True,20,6,1,us,-0.0008134011679212794,-1.0842021724855044e-19,0.25
BTC,1786309200,1786312740.0,65173.5,65174.6,65202.6,-0.0004386328,8.899e-06,34526.94764,495971833.23711956,65173.0,65174.0,1040163.56643,764857.75801,-143.21693999999997,-9333393.95124,94686731.6334,26.071428571428573,8.0,6.0,7.054e-05,65165.0,65192.99,7.877e-05,65172.4,10.0,0.19906,0.3,0.1,183135442645.17242,72152411817.81174,55.0,75.0,19.0,53.0,23.0,34.0,73.0,52.0,7.0,88.0,35.0,36.0,52.0,31,Fear,4347.29,-6.1641e-05,-6.987100000000001e-05,-19.489999999997963,True,21,6,1,us,0.001044458609487764,0.0,0.5
BTC,1786312800,1786316340.0,65054.5,65056.0,65086.7,-0.0004870427,8.3399e-06,34208.90754,600196056.8350387,65054.0,65055.0,329259.28026,2599506.0223000003,-191.72058999999996,-12472498.230656002,91361289.41672,26.071428571428573,8.0,6.0,7.054e-05,65046.3,65077.13,7.877e-05,65041.3,7.0,-0.24475714285714287,0.14285714285714285,0.42857142857142855,183135442645.17242,72152411817.81174,62.0,79.0,19.0,56.0,39.0,42.0,81.0,73.0,17.0,92.0,42.0,46.0,50.0,31,Fear,4338.32,-6.22001e-05,-7.043010000000001e-05,-22.62999999999738,True,22,6,1,us,-0.0018258954943343175,0.0,1.0
BTC,1786316400,1786319880.0,64851.5,64852.0,64883.0,-0.0004777831,4.4765e-06,34547.42358,644200217.5541998,64851.0,64852.0,383178.349,1831191.0258899997,-84.54760999999996,-5482672.202539999,91518469.1657,26.071428571428573,8.0,6.0,7.054e-05,64867.8,64901.59,7.877e-05,64863.5,6.0,-0.11695,0.16666666666666666,0.16666666666666666,183135442645.17242,72152411817.81174,66.0,86.0,33.0,59.0,61.0,42.0,87.0,68.0,19.0,93.0,49.0,29.0,49.0,31,Fear,4330.07,-6.60635e-05,-7.429350000000001e-05,-50.08999999999651,True,23,6,1,us,-0.0031204605369343774,0.0,1.0
BTC,1786320000,1786323480.0,64965.5,64966.0,64999.0,-0.0005077001,6.2399e-06,33982.29808,782873011.7297707,64965.0,64966.0,349158.11371000006,948226.13195,-86.10130000000004,-5594328.317199998,91617332.25512,26.071428571428573,8.0,6.0,7.497e-05,64945.3,64968.01,9.822e-05,64943.8,7.0,0.04181428571428571,0.42857142857142855,0.2857142857142857,183137749619.77078,72178217059.14728,60.0,78.0,32.0,67.0,70.0,53.0,100.0,87.0,20.0,86.0,53.0,38.0,75.0,30,Fear,4328.0,-6.87301e-05,-9.19801e-05,-2.5100000000020373,True,0,0,0,asia,0.0017578621928560079,4.336808689942018e-19,0.25
BTC,1786323600,1786327140.0,65167.5,65171.0,65195.8,-0.0004264078,8.487e-06,34182.90544,825324682.9748604,65167.0,65168.0,145204.01225,2395622.2227300005,-101.65970999999996,-6624676.988270003,90870085.28501001,26.071428571428573,8.0,6.0,7.497e-05,65172.9,65189.99,9.822e-05,65172.6,12.0,0.17770833333333333,0.5833333333333334,0.25,183137749619.77078,72178217059.14728,54.0,83.0,32.0,63.0,49.0,45.0,94.0,77.0,21.0,83.0,58.0,26.0,97.0,30,Fear,4319.39,-6.6483e-05,-8.9733e-05,-22.489999999997963,True,1,0,0,asia,0.0031093426510995226,8.673617379884035e-19,0.25
BTC,1786327200,1786330740.0,65076.5,65075.0,65101.4,-0.0003747999,1.00536e-05,33931.1491,854608256.0634103,65076.0,65077.0,449461.99913,1269351.1691100001,-120.65757999999994,-7851834.963094998,89507709.990545,26.071428571428573,8.0,6.0,7.497e-05,65077.7,65099.99,9.822e-05,65074.9,6.0,0.06696666666666666,0.3333333333333333,0.16666666666666666,183137749619.77078,72178217059.14728,52.0,76.0,29.0,58.0,38.0,47.0,79.0,70.0,15.0,80.0,57.0,24.0,90.0,30,Fear,4314.79,-6.49164e-05,-8.816640000000001e-05,-23.489999999997963,True,2,0,0,asia,-0.001396401580542439,0.0,0.25
BTC,1786330800,1786334340.0,64941.5,64941.9,64969.9,-0.0004294296,9.3208e-06,34070.0833,877459813.9822,64941.0,64942.0,292400.3629,1555216.73986,-117.25191999999993,-7616856.415769998,89573681.74627,26.071428571428573,8.0,6.0,7.497e-05,64946.4,64982.01,9.822e-05,64948.7,5.0,0.4255,0.6,0.0,183137749619.77078,72178217059.14728,57.0,75.0,27.0,55.0,88.0,48.0,72.0,83.0,12.0,92.0,53.0,39.0,78.0,30,Fear,4321.71,-6.56492e-05,-8.88992e-05,-40.51000000000204,True,3,0,0,asia,-0.0020744815716886578,0.0,1.0
BTC,1786334400,1786337940.0,64969.5,64969.0,64992.0,-0.0003385032,1.25e-05,34274.10756,894647668.0984715,64969.0,64970.0,1622769.2119200001,679910.45027,-144.30004999999994,-9378541.845710002,87859328.931838,26.071428571428573,8.0,6.0,7.497e-05,64980.6,65006.73,9.822e-05,64978.9,9.0,-0.0059666666666666635,0.2222222222222222,0.4444444444444444,183137749619.77078,72178217059.14728,56.0,73.0,36.0,47.0,100.0,50.0,64.0,81.0,12.0,72.0,55.0,23.0,72.0,30,Fear,4332.3,-6.246999999999999e-05,-8.572e-05,-37.2300000000032,True,4,0,0,asia,0.0004311572723143531,5.421010862427522e-20,1.0
BTC,1786338000,1786341480.0,65104.5,65106.0,65138.9,-0.0005204264,1.25e-05,34730.43112,917518467.9502108,65104.0,65105.0,1232490.5957099998,1545513.5158100002,-125.71471999999994,-8185723.846030001,89243646.86242,26.071428571428573,8.0,6.0,7.497e-05,65117.1,65134.0,9.822e-05,65110.0,14.0,0.16584285714285715,0.35714285714285715,0.07142857142857142,183137749619.77078,72178217059.14728,50.0,71.0,35.0,47.0,40.0,45.0,60.0,74.0,14.0,71.0,51.0,31.0,59.0,30,Fear,4341.88,-6.246999999999999e-05,-8.572e-05,-29.5,True,5,0,0,asia,0.002077898090642627,-4.336808689942018e-19,0.25
BTC,1786341600,1786345140.0,65263.5,65263.0,65297.0,-0.0005053831,5.437e-06,34641.46018,926305863.6988701,65263.0,65264.0,818514.52555,2806754.4216,-121.47334000000001,-7928828.239878997,89714608.925789,26.071428571428573,8.0,6.0,7.497e-05,65273.2,65299.4,9.822e-05,65274.3,10.0,0.22134,0.5,0.2,183137749619.77078,72178217059.14728,60.0,62.0,51.0,50.0,35.0,51.0,59.0,91.0,10.0,68.0,44.0,33.0,59.0,30,Fear,4352.09,-6.9533e-05,-9.278300000000001e-05,-35.900000000001455,True,6,0,0,asia,0.002442227495795146,0.0,0.75
BTC,1786345200,1786348680.0,65177.5,65177.0,65203.6,-0.0003926164,1.14316e-05,34339.57754,957757859.2889501,65177.0,65178.0,195306.61593000003,2158164.83393,-164.01387,-10690389.47148,86836214.7401,26.071428571428573,8.0,6.0,7.497e-05,65183.0,65202.73,9.822e-05,65183.8,9.0,0.22707777777777782,0.4444444444444444,0.1111111111111111,183137749619.77078,72178217059.14728,57.0,57.0,40.0,44.0,47.0,47.0,50.0,79.0,15.0,68.0,44.0,26.0,53.0,30,Fear,4349.01,-6.35384e-05,-8.67884e-05,-25.2300000000032,True,7,0,0,asia,-0.0013177350280019207,2.168404344971009e-19,0.5
BTC,1786348800,1786352280.0,65231.5,65232.0,65258.4,-0.0004045456,9.5465e-06,34388.7938,956540055.618609,65231.0,65232.0,1243542.16185,574517.1270999999,-164.00100999999995,-10695241.00293,86884532.09629,26.071428571428573,8.0,6.0,7.908e-05,65220.6,65245.58,5.639e-05,65216.9,9.0,-0.006755555555555558,0.2222222222222222,0.1111111111111111,183137749619.77078,72178217059.14728,49.0,53.0,31.0,47.0,33.0,48.0,51.0,73.0,13.0,67.0,44.0,14.0,49.0,30,Fear,4340.81,-6.95335e-05,-4.68435e-05,-14.080000000001746,True,8,0,0,europe,0.0008285067699742577,0.0,0.75
BTC,1786352400,1786355940.0,64945.5,64945.0,64971.7,-0.0003955568,1.25e-05,34408.1948,959502775.5706811,64945.0,64946.0,757789.2614499999,1237361.3638899997,-181.96104999999994,-11819036.721749999,85582334.43625,26.071428571428573,7.0,7.0,7.908e-05,64941.1,64967.24,5.639e-05,64940.3,8.0,-0.003724999999999992,0.25,0.25,183137749619.77078,72178217059.14728,48.0,54.0,37.0,43.0,17.0,44.0,49.0,64.0,9.0,64.0,43.0,25.0,51.0,30,Fear,4335.24,-6.657999999999999e-05,-4.389e-05,-21.739999999997963,True,9,0,0,europe,-0.004384384844745237,0.0,0.75
BTC,1786356000,1786359540.0,64985.5,64986.0,65013.0,-0.0004153016,1.25e-05,34453.469,964200036.4928088,64985.0,64986.0,1260057.72561,415384.38914000004,-212.93881,-13842341.23917,84942234.16605,26.071428571428573,7.0,7.0,7.908e-05,64988.7,65013.06,5.639e-05,64989.3,12.0,0.015750000000000004,0.25,0.25,183137749619.77078,72178217059.14728,49.0,57.0,37.0,37.0,27.0,50.0,53.0,65.0,11.0,67.0,55.0,21.0,56.0,30,Fear,4331.09,-6.657999999999999e-05,-4.389e-05,-27.55999999999767,True,10,0,0,europe,0.0006159010247053232,0.0,0.75
BTC,1786359600,1786363140.0,65106.5,65105.7,65127.0,-0.0003070923,1.25e-05,34479.95604,974460392.3254611,65106.0,65107.0,1030040.8044299999,1094454.79304,-273.45698999999996,-17795734.284755,83283582.71143499,26.071428571428573,7.0,7.0,7.908e-05,65097.6,65125.98,5.639e-05,65100.3,11.0,0.020045454545454536,0.2727272727272727,0.2727272727272727,183137749619.77078,72178217059.14728,53.0,59.0,41.0,39.0,46.0,43.0,57.0,61.0,7.0,68.0,47.0,39.0,60.0,30,Fear,4329.23,-6.657999999999999e-05,-4.389e-05,-19.4800000000032,True,11,0,0,europe,0.00186195382046761,0.0,0.5
BTC,1786363200,1786366740.0,64872.5,64870.3,64890.1,-0.0002635225,1.25e-05,34282.8300199999,1027975839.9675422,64872.0,64873.0,150157.39965,4416647.58469,-291.33212999999995,-18901560.585817005,81898856.078511,26.071428571428573,7.0,7.0,7.908e-05,64838.3,64870.75,5.639e-05,64841.7,6.0,-0.15306666666666666,0.3333333333333333,0.5,183137749619.77078,72178217059.14728,49.0,70.0,37.0,43.0,17.0,44.0,62.0,75.0,7.0,74.0,50.0,21.0,58.0,30,Fear,4326.9,-6.657999999999999e-05,-4.389e-05,1.75,True,12,0,0,europe,-0.0035941111870551046,0.0,0.75
BTC,1786366800,1786370340.0,64576.5,64577.0,64600.0,-0.0003560372,1.25e-05,34488.1168,1089699703.8348095,64570.0,64571.0,148131.98424,3004474.76839,-307.50300999999996,-19844726.25079,79630170.80245,26.071428571428573,7.0,7.0,7.908e-05,64533.7,64561.98,5.639e-05,64533.1,17.0,-0.004935294117647064,0.17647058823529413,0.29411764705882354,183137749619.77078,72178217059.14728,51.0,77.0,36.0,51.0,33.0,44.0,59.0,54.0,9.0,78.0,49.0,20.0,59.0,30,Fear,4313.83,-6.657999999999999e-05,-4.389e-05,14.519999999996799,True,13,0,0,us,-0.004562796254190871,-8.673617379884035e-19,0.25
BTC,1786370400,1786373940.0,64599.5,64597.0,64619.4,-0.0003002194,1.25e-05,34292.87308,1156674680.6342223,64599.0,64600.0,404948.29618999996,979592.4663399998,-445.90505999999993,-28808678.23066,74498394.94758,26.071428571428573,7.0,7.0,7.908e-05,64594.5,64625.77,5.639e-05,64589.7,8.0,-0.16972500000000001,0.0,0.375,183137749619.77078,72178217059.14728,50.0,76.0,33.0,67.0,20.0,39.0,61.0,53.0,9.0,79.0,44.0,23.0,64.0,30,Fear,4339.3,-6.657999999999999e-05,-4.389e-05,-26.2699999999968,True,14,0,0,us,0.00035616671699467695,5.421010862427522e-20,1.0
BTC,1786374000,1786377540.0,64263.5,64261.0,64283.0,-0.000295568,1.25e-05,36007.3306599999,1370868808.186602,64263.0,64264.0,2658629.1200699997,795011.97762,-470.13972,-30211008.140776,73402984.151176,26.071428571428573,7.0,7.0,7.908e-05,64268.8,64299.99,5.639e-05,64256.0,14.0,0.1977357142857143,0.2857142857142857,0.14285714285714285,183137749619.77078,72178217059.14728,54.0,83.0,39.0,70.0,25.0,42.0,64.0,63.0,9.0,82.0,53.0,24.0,78.0,30,Fear,4353.05,-6.657999999999999e-05,-4.389e-05,-36.48999999999796,True,15,0,0,us,-0.005201278647667507,-8.673617379884035e-19,0.5
BTC,1786377600,1786381080.0,63829.5,63829.0,63852.0,-0.0003445468,1.25e-05,36971.9081999999,1546306219.549243,63829.0,63830.0,831640.92512,1767237.86668,-499.06656999999996,-31843340.91939,71768517.10621,26.071428571428573,7.0,7.0,5.057e-05,63888.6,63904.65,3.57e-05,63878.1,13.0,0.20755384615384614,0.38461538461538464,0.15384615384615385,183137749619.77078,72178217059.14728,56.0,85.0,46.0,71.0,26.0,46.0,66.0,63.0,10.0,83.0,49.0,44.0,67.0,30,Fear,4348.17,-3.807e-05,-2.32e-05,-75.15000000000146,True,16,0,0,us,-0.006753444801481434,1.734723475976807e-18,0.25
BTC,1786381200,1786384680.0,63916.5,63915.0,63935.0,-0.0002815359,1.25e-05,37542.99442,1648744722.7158613,63916.0,63917.0,342544.1721,2162506.08851,-535.3288699999999,-34219925.10334,70174990.97782,26.071428571428573,7.0,7.0,5.057e-05,63932.7,63953.04,3.57e-05,63925.0,14.0,0.17035714285714285,0.2857142857142857,0.0,183137749619.77078,72178217059.14728,56.0,84.0,41.0,89.0,27.0,55.0,64.0,68.0,14.0,88.0,55.0,37.0,58.0,30,Fear,4351.37,-3.807e-05,-2.32e-05,-36.54000000000087,True,17,0,0,us,0.0013630061335276888,0.0,0.5
BTC,1786384800,1786388340.0,63893.5,63893.0,63913.0,-0.0002972791,1.25e-05,37772.14092,1689860855.4266522,63883.0,63892.0,6890.72426,7878099.07048,-535.2294499999999,-34191664.528280005,70339091.7548,26.071428571428573,7.0,7.0,5.057e-05,63866.4,63889.39,3.57e-05,63857.3,17.0,0.2781470588235294,0.4117647058823529,0.0,183137749619.77078,72178217059.14728,61.0,84.0,46.0,100.0,63.0,53.0,70.0,71.0,18.0,88.0,56.0,35.0,56.0,30,Fear,4373.43,-3.807e-05,-2.32e-05,4.110000000000582,True,18,0,0,us,-0.00035984448460102403,0.0,0.75
BTC,1786388400,1786391880.0,64012.5,64012.0,64026.0,-0.0002030425,1.25e-05,39387.86558,1771054253.171054,64012.0,64013.0,1473382.26572,419323.35075,-646.45151,-41381292.68241,65718646.08337,26.071428571428573,6.0,8.0,5.057e-05,64017.2,64045.7,3.57e-05,64020.0,11.0,0.06323636363636363,0.2727272727272727,0.18181818181818182,183137749619.77078,72178217059.14728,60.0,86.0,42.0,98.0,21.0,48.0,68.0,67.0,15.0,89.0,52.0,24.0,56.0,30,Fear,4381.13,-3.807e-05,-2.32e-05,-33.19999999999709,True,19,0,0,us,0.001862474273595982,0.0,0.25
BTC,1786392000,1786395540.0,64148.5,64148.0,64161.0,-0.0001870295,1.25e-05,39650.3152799999,1788197335.8050535,64148.0,64149.0,1411113.6341999997,119471.91536000001,-748.45196,-48008996.48618,71933028.5113,26.071428571428573,6.0,8.0,5.057e-05,64129.6,64158.5,3.57e-05,64131.2,10.0,0.15339,0.5,0.1,183137749619.77078,72178217059.14728,61.0,87.0,45.0,99.0,43.0,54.0,71.0,71.0,16.0,91.0,59.0,44.0,56.0,30,Fear,4383.85,-3.807e-05,-2.32e-05,-10.0,True,20,0,0,us,0.002124585041983984,0.0,0.75
BTC,1786395600,1786399140.0,63982.5,63983.0,64004.0,-0.0003281045,1.25e-05,38955.43626,1790579526.192482,63983.0,63984.0,2376737.7533400003,475561.37544,-724.71432,-46368567.203820005,70342463.92846,26.071428571428573,6.0,8.0,5.057e-05,63949.0,63987.0,3.57e-05,63950.8,21.0,0.00023333333333333935,0.23809523809523808,0.14285714285714285,183137749619.77078,72178217059.14728,61.0,91.0,44.0,93.0,61.0,59.0,74.0,77.0,24.0,97.0,65.0,30.0,53.0,30,Fear,4384.05,-3.807e-05,-2.32e-05,-4.5,True,21,0,0,us,-0.0025877456214876693,0.0,0.75
BTC,1786399200,1786402740.0,63990.5,63989.0,64006.0,-0.000234353,1.25e-05,38901.49274,1699038130.0807698,63990.0,63991.0,1268361.8543300002,720366.2588800001,-720.68733,-46113899.497379996,69391299.89194,26.071428571428573,6.0,8.0,5.057e-05,63987.5,64016.0,3.57e-05,63991.0,12.0,0.0418,0.25,0.25,183137749619.77078,72178217059.14728,65.0,95.0,52.0,67.0,63.0,67.0,83.0,80.0,16.0,100.0,72.0,61.0,51.0,30,Fear,4393.39,-3.807e-05,-2.32e-05,-25.5,True,22,0,0,us,0.0001250341890359774,-2.710505431213761e-20,0.75
BTC,1786402800,1786406340.0,63951.5,63951.0,63974.0,-0.0003438897,1.25e-05,38738.0975,1662344045.203302,63951.0,63952.0,1656532.1950800002,612797.19172,-724.8403599999999,-46354265.86236,68198321.01324,26.071428571428573,6.0,8.0,5.057e-05,63939.3,63970.01,3.57e-05,63946.8,8.0,0.1555625,0.375,0.125,183137749619.77078,72178217059.14728,65.0,99.0,47.0,72.0,90.0,61.0,87.0,85.0,25.0,100.0,68.0,41.0,48.0,30,Fear,4397.13,-3.807e-05,-2.32e-05,-18.510000000002037,True,23,0,0,us,-0.000609465467530379,1.0842021724855044e-19,1.0
BTC,1786406400,1786409880.0,64030.5,64025.0,64043.0,-0.0001873741,1.25e-05,38920.01518,1536038762.61759,64030.0,64031.0,670999.0883500001,663625.19901,-737.85564,-47233041.46723,67750992.26477,26.071428571428573,6.0,8.0,2.301e-05,64006.1,64040.0,4.12e-05,64006.3,9.0,0.05574444444444445,0.2222222222222222,0.2222222222222222,183095396895.77423,72231795398.6715,68.0,99.0,49.0,90.0,75.0,72.0,96.0,100.0,20.0,99.0,78.0,52.0,73.0,29,Fear,4406.35,-1.0510000000000001e-05,-2.87e-05,-9.5,True,0,1,0,asia,0.0012353111342189305,-2.168404344971009e-19,1.0
BTC,1786410000,1786413540.0,64060.5,64055.0,64073.3,-0.0001919676,1.25e-05,38929.81896,1511342219.881959,64060.0,64061.0,1225517.77805,1026259.9708799999,-739.28235,-47355060.873950005,67865234.26315,26.071428571428573,6.0,8.0,2.301e-05,64026.6,64060.8,4.12e-05,64022.3,7.0,0.14787142857142857,0.5714285714285714,0.14285714285714285,183095396895.77423,72231795398.6715,65.0,100.0,52.0,74.0,66.0,71.0,86.0,84.0,25.0,94.0,71.0,34.0,99.0,29,Fear,4424.79,-1.0510000000000001e-05,-2.87e-05,-0.3000000000029104,True,1,1,0,asia,0.0004685267177360064,0.0,0.25
BTC,1786413600,1786417140.0,64025.5,64025.0,64048.0,-0.0003434924,1.25e-05,38784.3966,1484555570.41434,64025.0,64026.0,1594369.4769000001,753961.39479,-722.8796299999999,-46282945.923613995,66802962.56196199,26.071428571428573,6.0,8.0,2.301e-05,64012.9,64044.59,4.12e-05,64009.8,6.0,-0.062266666666666665,0.0,0.16666666666666666,183095396895.77423,72231795398.6715,61.0,94.0,56.0,74.0,100.0,77.0,79.0,82.0,22.0,93.0,77.0,76.0,94.0,29,Fear,4406.57,-1.0510000000000001e-05,-2.87e-05,-19.089999999996508,True,2,1,0,asia,-0.0005463585204611432,0.0,0.5
BTC,1786417200,1786420740.0,64120.5,64121.0,64142.9,-0.000327394,1.25e-05,38786.70328,1460626007.97445,64120.0,64121.0,2921783.3338699997,198060.19822999998,-738.5461399999999,-47355832.71218,67952975.26002,26.071428571428573,6.0,8.0,2.301e-05,64110.7,64155.01,4.12e-05,64112.5,10.0,-0.27431,0.1,0.5,183095396895.77423,72231795398.6715,63.0,93.0,52.0,65.0,52.0,72.0,77.0,86.0,15.0,94.0,79.0,36.0,88.0,29,Fear,4412.43,-1.0510000000000001e-05,-2.87e-05,-34.51000000000204,True,3,1,0,asia,0.0014837838048902263,-4.336808689942018e-19,0.75
BTC,1786420800,1786424340.0,64022.5,64022.0,64038.0,-0.0002342359,1.25e-05,38798.9645599999,1458327785.4132302,64022.0,64023.0,557809.98937,1346428.7401100001,-732.8553999999999,-46917427.933341995,66936475.905058,26.071428571428573,6.0,8.0,2.301e-05,63997.0,64023.51,4.12e-05,63996.0,7.0,0.04721428571428571,0.14285714285714285,0.14285714285714285,183095396895.77423,72231795398.6715,59.0,88.0,48.0,63.0,56.0,78.0,68.0,77.0,20.0,82.0,80.0,37.0,82.0,29,Fear,4404.78,-1.0510000000000001e-05,-2.87e-05,-1.0100000000020373,True,4,1,0,asia,-0.0015283723614132327,4.336808689942018e-19,0.5
BTC,1786424400,1786427940.0,63994.5,63995.0,64008.0,-0.0002030996,1.25e-05,38843.45506,1459190614.7809777,63994.0,63995.0,284585.09512,2097181.34578,-783.44003,-50139183.881715,68243604.248145,26.071428571428573,6.0,8.0,2.301e-05,63965.0,64000.0,4.12e-05,63965.6,5.0,-0.047679999999999986,0.2,0.6,183095396895.77423,72231795398.6715,60.0,78.0,54.0,56.0,42.0,76.0,62.0,87.0,14.0,80.0,81.0,36.0,67.0,29,Fear,4373.22,-1.0510000000000001e-05,-2.87e-05,-5.5,True,5,1,0,asia,-0.0004373462454605459,0.0,1.0
BTC,1786428000,1786431480.0,63926.5,63926.0,63945.0,-0.0002814919,1.25e-05,38847.35298,1465545827.9034202,63926.0,63927.0,1516491.9280200002,1126749.82354,-779.13253,-49820270.521400005,67279128.94672,26.071428571428573,6.0,8.0,2.301e-05,63940.0,63969.28,4.12e-05,63941.7,5.0,0.4753,0.6,0.0,183095396895.77423,72231795398.6715,77.0,84.0,78.0,48.0,45.0,87.0,59.0,92.0,12.0,78.0,85.0,38.0,60.0,29,Fear,4365.57,-1.0510000000000001e-05,-2.87e-05,-42.779999999998836,True,6,1,0,asia,-0.0010625913164412637,2.168404344971009e-19,0.5
BTC,1786431600,1786435140.0,64032.5,64033.0,64052.0,-0.000296634,1.25e-05,38849.90984,1456232578.1460712,64032.0,64033.0,2840985.3663500003,319079.87252,-803.93966,-51483795.38821,68683413.55511001,26.071428571428573,5.0,9.0,2.301e-05,64031.7,64065.99,4.12e-05,64034.9,8.0,0.20713749999999997,0.375,0.125,183095396895.77423,72231795398.6715,100.0,73.0,70.0,51.0,42.0,83.0,57.0,95.0,9.0,75.0,83.0,29.0,55.0,29,Fear,4357.23,-1.0510000000000001e-05,-2.87e-05,-33.48999999999796,True,7,1,0,asia,0.0016581542865634624,0.0,0.75
BTC,1786435200,1786438740.0,64117.5,64114.0,64136.4,-0.0002868886,1.25e-05,38438.29976,1471985327.2740405,64117.0,64118.0,184533.34124,2769976.6722600004,-784.21106,-50281148.75144,67507969.66574,26.071428571428573,5.0,9.0,1.962e-05,64109.8,64136.41,2.938e-05,64107.9,12.0,-0.0005250000000000116,0.3333333333333333,0.5,183095396895.77423,72231795398.6715,89.0,68.0,63.0,50.0,28.0,77.0,53.0,79.0,11.0,69.0,79.0,25.0,52.0,29,Fear,4370.05,-7.119999999999998e-06,-1.688e-05,-18.910000000003492,True,8,1,0,europe,0.0013274509038379012,-2.168404344971009e-19,0.5
BTC,1786438800,1786442340.0,64259.5,64256.0,64285.9,-0.0004028877,1.25e-05,38292.4748,1478275066.012903,64259.0,64260.0,5949111.79921,231562.65043,-766.8875,-49271087.20032,66534170.665759996,26.071428571428573,5.0,9.0,1.962e-05,64281.0,64300.0,2.938e-05,64274.9,11.0,0.24763636363636365,0.45454545454545453,0.09090909090909091,183095396895.77423,72231795398.6715,85.0,68.0,62.0,50.0,48.0,75.0,53.0,81.0,14.0,71.0,79.0,29.0,50.0,29,Fear,4374.28,-7.119999999999998e-06,-1.688e-05,-40.5,True,9,1,0,europe,0.002214683978633003,-4.336808689942018e-19,0.75
BTC,1786442400,1786445880.0,64209.5,64209.0,64235.6,-0.0003985329,9.0252e-06,37480.6653,1510233841.3776412,64209.0,64210.0,761244.6331,1592176.62887,-672.20814,-43168533.67479,66744213.51261,26.071428571428573,6.0,8.0,1.962e-05,64205.3,64233.23,2.938e-05,64193.2,11.0,0.10109999999999998,0.2727272727272727,0.09090909090909091,183095396895.77423,72231795398.6715,83.0,69.0,63.0,45.0,32.0,78.0,55.0,72.0,12.0,70.0,74.0,18.0,58.0,29,Fear,4381.25,-1.0594799999999999e-05,-2.03548e-05,-23.7300000000032,True,10,1,0,europe,-0.00077809506765536,-2.168404344971009e-19,0.5
BTC,1786446000,1786449540.0,64372.5,64372.0,64398.0,-0.0003882108,7.5122e-06,37595.6376,1520152337.5583577,64372.0,64373.0,672798.22775,1791363.66208,-653.6966299999999,-42078724.20755,66814481.18599,26.071428571428573,6.0,8.0,1.962e-05,64358.3,64389.57,2.938e-05,64350.0,9.0,-0.012388888888888882,0.3333333333333333,0.3333333333333333,183095396895.77423,72231795398.6715,55.0,68.0,63.0,47.0,42.0,75.0,62.0,71.0,9.0,76.0,80.0,31.0,63.0,29,Fear,4385.96,-1.21078e-05,-2.18678e-05,-17.06999999999971,True,11,1,0,europe,0.0025385651655907004,0.0,0.25
BTC,1786449600,1786453140.0,64298.5,64298.0,64330.4,-0.0004881052,1.1595e-06,37174.18818,1517063481.189381,64298.0,64299.0,1906673.1628599998,824089.7450600001,-522.66692,-33606556.594809994,67828740.65567,25.333333333333332,7.0,8.0,1.962e-05,64303.2,64330.01,2.938e-05,64292.1,13.0,0.11203846153846155,0.23076923076923078,0.07692307692307693,183095396895.77423,72231795398.6715,54.0,73.0,50.0,49.0,27.0,61.0,63.0,69.0,12.0,72.0,65.0,21.0,62.0,29,Fear,4390.97,-1.8460499999999997e-05,-2.82205e-05,-31.510000000002037,True,12,1,0,europe,-0.0011495592061827598,-4.336808689942018e-19,1.0
BTC,1786453200,1786456740.0,64141.5,64141.0,64167.1,-0.0003911662,4.7123e-06,37188.8296,1464415512.5874667,64146.0,64147.0,741980.50722,758245.14472,-427.99857999999995,-27458052.720774002,70060722.080734,25.333333333333332,8.0,7.0,1.962e-05,64174.4,64200.28,2.938e-05,64177.2,10.0,0.25949999999999995,0.7,0.1,183095396895.77423,72231795398.6715,54.0,70.0,38.0,52.0,37.0,50.0,62.0,66.0,8.0,76.0,53.0,17.0,58.0,29,Fear,4386.1,-1.49077e-05,-2.46677e-05,-58.779999999998836,True,13,1,0,us,-0.002441736587945331,-4.336808689942018e-19,0.5
BTC,1786456800,1786460340.0,63712.5,63713.0,63738.9,-0.0004063453,1.25e-05,37203.37898,1484552996.6470368,63712.0,63713.0,901483.3782799998,1128657.0776499999,-461.38522,-29389009.501620002,70717607.73306,25.333333333333332,8.0,7.0,1.962e-05,63747.0,63770.03,2.938e-05,63743.9,15.0,0.14442000000000002,0.4,0.2,183095396895.77423,72231795398.6715,51.0,80.0,38.0,52.0,22.0,44.0,62.0,56.0,9.0,72.0,49.0,22.0,66.0,29,Fear,4391.59,-7.119999999999998e-06,-1.688e-05,-57.529999999998836,True,14,1,0,us,-0.006688337503800157,-8.673617379884035e-19,0.75
BTC,1786460400,1786463940.0,63594.5,63594.4,63620.0,-0.0003929582,1.12151e-05,38170.2630399999,1420753586.914837,63594.0,63595.0,607450.62598,1727172.0753800003,-384.54706,-24455076.22529,74402806.57475,25.333333333333332,8.0,7.0,1.962e-05,63585.3,63609.87,2.938e-05,63580.7,27.0,0.060925925925925925,0.2222222222222222,0.25925925925925924,183095396895.77423,72231795398.6715,56.0,86.0,37.0,55.0,35.0,43.0,64.0,64.0,9.0,81.0,49.0,30.0,82.0,29,Fear,4381.34,-8.404899999999998e-06,-1.81649e-05,-15.37000000000262,True,15,1,0,us,-0.001852069845006854,0.0,1.0
BTC,1786464000,1786467480.0,63487.5,63488.0,63514.0,-0.0004093586,9.8275e-06,38907.8241599999,1277782570.7663646,63487.0,63488.0,701158.3309,1301578.4448,-325.18600999999995,-20645084.216870002,77369163.28536999,25.333333333333332,8.0,7.0,8.282e-05,63488.5,63512.59,3.597e-05,63480.9,0.0,,,,183095396895.77423,72231795398.6715,53.0,79.0,28.0,56.0,29.0,39.0,63.0,60.0,10.0,77.0,41.0,22.0,68.0,29,Fear,4380.62,-7.29925e-05,-2.6142500000000003e-05,-25.089999999996508,True,16,1,0,us,-0.0016825354393854575,-2.168404344971009e-19,0.25
BTC,1786467600,1786467600.0,63487.5,63488.0,63512.0,-0.0003778813,9.8951e-06,38927.7959199998,1280138941.1732697,63468.0,63477.0,764421.49297,121844.66845,-318.58389999999997,-20233323.4929,77372694.19725999,25.333333333333332,8.0,7.0,8.282e-05,63580.1,63607.88,3.597e-05,63576.6,0.0,,,,183095396895.77423,72231795398.6715,52.0,75.0,28.0,55.0,36.0,34.0,68.0,63.0,11.0,84.0,41.0,32.0,54.0,29,Fear,4367.85,-7.292489999999999e-05,-2.6074900000000003e-05,-120.37999999999738,True,17,1,0,us,0.0,0.0,0.75
BTC,1786471200,1786474740.0,63344.5,63345.0,63373.1,-0.0004434058,6.8689e-06,39211.95764,1251349984.0927627,63344.0,63345.0,455372.93354999996,2460168.71608,-214.22852,-13563031.181960002,81214904.35388,25.333333333333332,9.0,6.0,8.282e-05,63352.5,63373.07,3.597e-05,63348.8,12.0,0.29373333333333335,0.5833333333333334,0.0,183095396895.77423,72231795398.6715,55.0,73.0,35.0,54.0,55.0,41.0,64.0,64.0,16.0,82.0,49.0,29.0,54.0,29,Fear,4370.19,-7.59511e-05,-2.91011e-05,-28.56999999999971,True,18,1,0,us,-0.0022524118921047886,0.0,0.25
BTC,1786474800,1786478340.0,63499.5,63500.0,63529.0,-0.0004564844,2.8588e-06,39155.0163,1213250500.4617536,63503.0,63504.0,1713942.1826400002,368922.77540000004,-176.30575999999996,-11195083.197552,83868367.750356,25.333333333333332,9.0,6.0,8.282e-05,63508.5,63536.0,3.597e-05,63503.3,5.0,0.24855999999999998,0.4,0.0,183095396895.77423,72231795398.6715,55.0,74.0,32.0,59.0,28.0,36.0,65.0,73.0,8.0,80.0,42.0,32.0,58.0,29,Fear,4368.75,-7.99612e-05,-3.31112e-05,-36.5,True,19,1,0,us,0.0024469369874258184,4.336808689942018e-19,0.25
BTC,1786478400,1786481940.0,63703.5,63704.0,63734.1,-0.0004722747,3.7583e-06,39171.54508,1224434844.751021,63703.0,63704.0,6461728.18546,684465.4935000001,-180.38896,-11494241.030278001,83889265.419434,25.333333333333332,9.0,6.0,8.282e-05,63720.8,63740.0,3.597e-05,63706.9,11.0,0.022654545454545472,0.36363636363636365,0.2727272727272727,183095396895.77423,72231795398.6715,56.0,76.0,33.0,59.0,36.0,37.0,68.0,58.0,11.0,86.0,48.0,31.0,54.0,29,Fear,4368.72,-7.90617e-05,-3.22117e-05,-36.5,True,20,1,0,us,0.0032126237214467057,0.0,0.75
BTC,1786482000,1786485540.0,63642.5,63643.0,63679.5,-0.0005731829,-2.395e-07,39480.309,1225120031.3330407,63642.0,63643.0,1623633.00583,621570.6639100001,-131.53565999999995,-8371497.928769998,86909408.56341,25.333333333333332,9.0,6.0,8.282e-05,63641.5,63672.73,3.597e-05,63636.8,7.0,0.10644285714285714,0.42857142857142855,0.14285714285714285,183095396895.77423,72231795398.6715,52.0,80.0,31.0,54.0,23.0,35.0,73.0,58.0,14.0,88.0,45.0,28.0,49.0,29,Fear,4373.46,-8.30595e-05,-3.62095e-05,-30.2300000000032,True,21,1,0,us,-0.0009575612015038093,2.168404344971009e-19,0.25
BTC,1786485600,1786489140.0,63636.5,63636.0,63668.1,-0.0004884707,9.864e-07,39368.38172,1229894005.525985,63636.0,63637.0,107192.23625,2618882.5168400006,-113.94196999999997,-7252772.674480002,88025374.05676,25.333333333333332,9.0,6.0,8.282e-05,63641.6,63668.49,3.597e-05,63631.0,7.0,-0.06718571428571429,0.14285714285714285,0.2857142857142857,183095396895.77423,72231795398.6715,53.0,93.0,33.0,66.0,28.0,40.0,83.0,63.0,8.0,92.0,47.0,31.0,49.0,29,Fear,4366.55,-8.18336e-05,-3.49836e-05,-31.989999999997963,True,22,1,0,us,-9.427662332561759e-05,-2.710505431213761e-20,1.0
BTC,1786489200,1786492740.0,63569.5,63570.0,63604.0,-0.0005345576,1.8679e-06,39456.5390399999,1230206583.6692793,63569.0,63570.0,502813.81703,2616104.90695,-76.55036000000001,-4865938.083080001,90264317.69372,25.333333333333332,9.0,6.0,8.282e-05,63572.0,63600.0,3.597e-05,63560.5,13.0,0.18137692307692307,0.3076923076923077,0.15384615384615385,183095396895.77423,72231795398.6715,49.0,84.0,31.0,50.0,38.0,46.0,86.0,49.0,13.0,95.0,48.0,29.0,47.0,29,Fear,4369.65,-8.09521e-05,-3.41021e-05,-30.5,True,23,1,0,us,-0.0010528548867395626,-4.336808689942018e-19,0.5
BTC,1786492800,1786496340.0,63714.5,63717.0,63742.0,-0.000411032,9.641e-06,39624.22108,1252132244.6856565,63714.0,63715.0,1692871.17059,221091.59913999998,-147.98569999999995,-9428908.875500001,85923608.7155,25.333333333333332,9.0,6.0,0.0001,63717.2,63742.07,2.343e-05,63719.7,4.0,0.11105,0.25,0.25,183075804840.06546,72136441601.04942,88.0,84.0,36.0,59.0,75.0,61.0,93.0,62.0,15.0,88.0,55.0,40.0,66.0,27,Fear,4380.73,-9.035900000000001e-05,-1.3789000000000001e-05,-27.56999999999971,True,0,2,0,asia,0.0022809680743123284,8.673617379884035e-19,1.0
BTC,1786496400,1786499940.0,63781.5,63780.4,63811.0,-0.0004544671,1.25e-05,39678.7704799999,1252138532.8388932,63781.0,63782.0,504402.77117,1727021.84186,-193.81797,-12366004.030220002,83116209.38614,25.333333333333332,9.0,6.0,0.0001,63796.0,63813.8,2.343e-05,63799.3,4.0,0.300725,0.5,0.25,183075804840.06546,72136441601.04942,90.0,91.0,37.0,61.0,82.0,50.0,91.0,67.0,13.0,91.0,56.0,35.0,91.0,27,Fear,4395.13,-8.75e-05,-1.093e-05,-32.30000000000291,True,1,2,0,asia,0.0010515659700696123,2.168404344971009e-19,0.5
BTC,1786500000,1786501500.0,63776.5,63777.0,63805.4,-0.000430998,1.0583e-05,39656.67018,1254538491.96757,63776.0,63777.0,2366432.98335,311051.15576,-197.04620999999997,-12565888.743488003,82879781.502072,25.333333333333332,9.0,6.0,0.0001,63722.6,63749.76,2.343e-05,63723.9,19.0,0.10592631578947369,0.42105263157894735,0.21052631578947367,183075804840.06546,72136441601.04942,96.0,85.0,35.0,54.0,72.0,53.0,78.0,66.0,18.0,86.0,57.0,35.0,87.0,27,Fear,4409.6,-8.9417e-05,-1.2847e-05,26.739999999997963,True,2,2,0,asia,-7.839263736353352e-05,-1.3552527156068805e-20,0.5
BTC,1786503600,,,,,,,,,,,,,,,,,,,0.0001,63800.1,63835.59,2.343e-05,63800.0,0.0,,,,183075804840.06546,72136441601.04942,91.0,84.0,34.0,52.0,51.0,50.0,72.0,63.0,13.0,84.0,54.0,35.0,85.0,27,Fear,4399.26,,,,False,3,2,0,asia,,,
BTC,1786507200,,,,,,,,,,,,,,,,,,,0.0001,63747.2,63769.58,2.343e-05,63753.2,0.0,,,,183075804840.06546,72136441601.04942,88.0,80.0,28.0,51.0,59.0,54.0,64.0,60.0,13.0,84.0,61.0,29.0,77.0,27,Fear,4398.94,,,,False,4,2,0,asia,,,
BTC,1786510800,,,,,,,,,,,,,,,,,,,0.0001,63811.4,63849.94,2.343e-05,63815.6,0.0,,,,183075804840.06546,72136441601.04942,73.0,72.0,42.0,44.0,34.0,51.0,58.0,70.0,11.0,90.0,68.0,25.0,59.0,27,Fear,4391.47,,,,False,5,2,0,asia,,,
BTC,1786514400,,,,,,,,,,,,,,,,,,,0.0001,63688.0,63711.97,2.343e-05,63689.3,0.0,,,,183075804840.06546,72136441601.04942,53.0,74.0,36.0,40.0,36.0,51.0,55.0,71.0,7.0,87.0,64.0,28.0,55.0,27,Fear,4402.99,,,,False,6,2,0,asia,,,
BTC,1786518000,,,,,,,,,,,,,,,,,,,0.0001,63804.8,63837.99,2.343e-05,63800.3,0.0,,,,183075804840.06546,72136441601.04942,65.0,61.0,45.0,41.0,27.0,74.0,54.0,69.0,11.0,83.0,65.0,38.0,53.0,27,Fear,4404.48,,,,False,7,2,0,asia,,,
BTC,1786521600,1786525080.0,63759.5,63760.0,63792.3,-0.0005063307,3.0772e-06,38762.91668,1321310016.955586,63759.0,63760.0,2560056.49428,739163.2181,-116.20970999999997,-7408930.3880320005,84001621.982588,25.333333333333332,9.0,6.0,8.568e-05,63769.9,63794.94,7.473e-05,63763.7,13.0,0.015461538461538459,0.3076923076923077,0.3076923076923077,183075804840.06546,72136441601.04942,48.0,63.0,35.0,40.0,0.0,45.0,52.0,63.0,7.0,79.0,61.0,27.0,49.0,27,Fear,4400.18,-8.260280000000001e-05,-7.16528e-05,-35.44000000000233,True,8,2,0,europe,,,
BTC,1786525200,1786528740.0,64072.5,64070.0,64099.0,-0.0004056226,5.7955e-06,39270.52754,1416849859.9524615,64072.0,64073.0,3348926.39131,487987.75874,-185.37994999999995,-11877364.714170996,79991971.836713,25.333333333333332,9.0,6.0,8.568e-05,64077.0,64108.81,7.473e-05,64079.8,5.0,-0.1407,0.2,0.2,183075804840.06546,72136441601.04942,48.0,60.0,35.0,39.0,25.0,46.0,52.0,63.0,4.0,77.0,56.0,23.0,49.0,27,Fear,4413.47,-7.98845e-05,-6.89345e-05,-36.30999999999767,True,9,2,0,europe,0.004909072373528556,,0.25
BTC,1786528800,1786532340.0,64120.5,64117.0,64143.4,-0.0003492175,1.25e-05,38510.1161999999,1445094651.2427468,64120.0,64121.0,568042.37078,1723273.29092,-277.22742999999997,-17776747.291772,74175810.058276,25.333333333333332,8.0,7.0,8.568e-05,64111.4,64143.36,7.473e-05,64107.0,13.0,0.18446153846153848,0.3076923076923077,0.0,183075804840.06546,72136441601.04942,48.0,66.0,36.0,41.0,23.0,61.0,54.0,63.0,8.0,78.0,60.0,24.0,56.0,27,Fear,4411.18,-7.318e-05,-6.222999999999999e-05,-22.860000000000582,True,10,2,0,europe,0.0007491513519841675,,0.5
BTC,1786532400,1786535880.0,64205.5,64203.0,64231.4,-0.0003954452,9.8613e-06,38271.91354,1440290838.073268,64205.0,64206.0,1040423.40759,2271789.1942999996,-283.21115999999995,-18182559.077620003,73872022.42221999,25.333333333333332,9.0,6.0,8.568e-05,64207.3,64240.04,7.473e-05,64209.8,6.0,0.3490166666666667,0.8333333333333334,0.0,183075804840.06546,72136441601.04942,50.0,72.0,30.0,37.0,33.0,45.0,61.0,58.0,7.0,82.0,50.0,19.0,58.0,27,Fear,4412.23,-7.58187e-05,-6.48687e-05,-34.54000000000087,True,11,2,0,europe,0.0013256290889809286,,0.5
BTC,1786536000,1786539480.0,64095.5,64093.8,64118.4,-0.0003493537,1.12366e-05,38528.4396599999,1684140635.9885292,64095.0,64096.0,1785798.5460999997,387214.21390000003,-388.27158999999995,-24882244.75188,70261690.62384,25.333333333333332,8.0,7.0,8.568e-05,64090.0,64119.71,7.473e-05,64099.4,14.0,0.16347142857142855,0.35714285714285715,0.14285714285714285,183075804840.06546,72136441601.04942,49.0,70.0,38.0,36.0,0.0,44.0,64.0,53.0,6.0,82.0,56.0,26.0,56.0,27,Fear,4433.96,-7.44434e-05,-6.34934e-05,-24.209999999999127,True,12,2,0,europe,-0.001713248864972594,,0.75
BTC,1786539600,1786543140.0,63876.5,63878.0,63900.0,-0.0003599374,1.25e-05,38568.38818,1747270130.1784132,63876.0,63877.0,912315.92392,839773.28152,-503.3578799999999,-32166833.65173,66981507.54811,25.333333333333332,7.0,8.0,8.568e-05,63805.9,63840.0,7.473e-05,63802.9,19.0,0.13779473684210528,0.3684210526315789,0.2631578947368421,183075804840.06546,72136441601.04942,61.0,71.0,37.0,45.0,0.0,44.0,63.0,52.0,9.0,78.0,48.0,21.0,61.0,27,Fear,4421.51,-7.318e-05,-6.222999999999999e-05,36.5,True,13,2,0,us,-0.0034167765287734797,,0.75
BTC,1786543200,1786546740.0,63369.5,63372.0,63400.0,-0.0004731861,1.25e-05,38937.6371999999,1853744195.6954062,63367.0,63368.0,388869.80912,1399200.69041,-505.26481999999993,-32061100.01883,67218279.60573,25.333333333333332,7.0,8.0,8.568e-05,63344.4,63363.39,7.473e-05,63339.5,9.0,-0.015066666666666685,0.3333333333333333,0.4444444444444444,183075804840.06546,72136441601.04942,74.0,74.0,33.0,57.0,37.0,58.0,59.0,51.0,8.0,72.0,42.0,22.0,68.0,27,Fear,4416.15,-7.318e-05,-6.222999999999999e-05,6.110000000000582,True,14,2,0,us,-0.007937191298834523,,0.75
BTC,1786546800,1786550340.0,63408.5,63409.0,63421.0,-0.0001892118,1.25e-05,39428.5899999999,1784577553.972744,63408.0,63409.0,1758495.49011,49102.34675,-551.26738,-35001187.74044199,68553838.589434,25.333333333333332,6.0,9.0,8.568e-05,63421.4,63441.47,7.473e-05,63413.0,12.0,0.07523333333333333,0.25,0.08333333333333333,183075804840.06546,72136441601.04942,79.0,69.0,35.0,52.0,41.0,48.0,66.0,53.0,9.0,74.0,42.0,27.0,81.0,27,Fear,4415.91,-7.318e-05,-6.222999999999999e-05,-32.970000000001164,True,15,2,0,us,0.0006154380261798043,,0.25
BTC,1786550400,1786553940.0,63471.5,63471.0,63492.0,-0.0003150003,1.25e-05,39748.28486,1773790763.208056,63471.0,63472.0,619592.30384,1186201.70193,-591.42803,-37550854.942444,68977457.994756,25.333333333333332,6.0,9.0,6.601e-05,63462.3,63492.12,4.054e-05,63457.5,12.0,0.12208333333333332,0.25,0.08333333333333333,183075804840.06546,72136441601.04942,77.0,69.0,31.0,50.0,38.0,50.0,62.0,49.0,9.0,71.0,43.0,24.0,68.0,27,Fear,4397.13,-5.351e-05,-2.8040000000000003e-05,-20.62000000000262,True,16,2,0,us,0.0009935576460569084,,0.75
BTC,1786554000,1786557480.0,63469.5,63467.0,63484.1,-0.0002221029,1.25e-05,39726.46102,1740574388.3046305,63469.0,63470.0,764575.7895900001,1101668.12242,-573.69154,-36409334.63879,67538283.57785,25.333333333333332,6.0,9.0,6.601e-05,63519.4,63546.0,4.054e-05,63513.5,27.0,0.08961481481481481,0.25925925925925924,0.14814814814814814,183075804840.06546,72136441601.04942,82.0,60.0,32.0,45.0,0.0,39.0,60.0,44.0,10.0,71.0,40.0,22.0,51.0,27,Fear,4398.43,-5.351e-05,-2.8040000000000003e-05,-76.5,True,17,2,0,us,-3.151020536773519e-05,,0.5
BTC,1786557600,1786557960.0,63459.5,63459.0,63478.6,-0.0002930121,1.25e-05,39733.40286,1739402619.6757696,63459.0,63460.0,4466266.19808,170278.9925,-573.7201699999999,-36398528.74531,67496719.03435001,25.333333333333332,8.0,7.0,6.601e-05,,,4.054e-05,,0.0,,,,183075804840.06546,72136441601.04942,48.0,65.0,33.0,49.0,38.0,48.0,65.0,47.0,11.0,74.0,42.0,18.0,52.0,27,Fear,,-5.351e-05,-2.8040000000000003e-05,,True,18,2,0,us,-0.0001575559914605007,,0.5
BTC,1786561200,,,,,,,,,,,,,,,,,,,6.601e-05,,,4.054e-05,,0.0,,,,183075804840.06546,72136441601.04942,45.0,66.0,28.0,50.0,37.0,40.0,68.0,48.0,12.0,68.0,39.0,19.0,53.0,27,Fear,,,,,False,19,2,0,us,,,
BTC,1786564800,,,,,,,,,,,,,,,,,,,6.601e-05,63573.5,63599.99,4.054e-05,63578.7,0.0,,,,183075804840.06546,72136441601.04942,48.0,71.0,29.0,49.0,33.0,39.0,67.0,55.0,10.0,75.0,42.0,26.0,51.0,27,Fear,4403.02,,,,False,20,2,0,us,,,
BTC,1786568400,,,,,,,,,,,,,,,,,,,6.601e-05,63441.4,63469.83,4.054e-05,63436.8,0.0,,,,183075804840.06546,72136441601.04942,48.0,78.0,29.0,51.0,39.0,41.0,72.0,49.0,12.0,85.0,44.0,30.0,47.0,27,Fear,4401.21,,,,False,21,2,0,us,,,
BTC,1786572000,,,,,,,,,,,,,,,,,,,6.601e-05,63405.9,63432.28,4.054e-05,63402.3,0.0,,,,183075804840.06546,72136441601.04942,47.0,76.0,25.0,59.0,32.0,49.0,77.0,54.0,18.0,87.0,46.0,26.0,46.0,27,Fear,4397.03,,,,False,22,2,0,us,,,
BTC,1786575600,,,,,,,,,,,,,,,,,,,6.601e-05,63454.7,63479.99,4.054e-05,63450.8,0.0,,,,183075804840.06546,72136441601.04942,50.0,78.0,33.0,59.0,41.0,45.0,81.0,47.0,12.0,85.0,48.0,29.0,49.0,27,Fear,4409.58,,,,False,23,2,0,us,,,
BTC,1786579200,,,,,,,,,,,,,,,,,,,6.576e-05,63530.1,63556.92,1.93e-05,63526.4,0.0,,,,183016228206.96475,72018588892.5412,49.0,73.0,31.0,52.0,46.0,41.0,94.0,50.0,14.0,86.0,43.0,41.0,67.0,29,Fear,4422.38,,,,False,0,3,0,asia,,,
BTC,1786582800,,,,,,,,,,,,,,,,,,,6.576e-05,63428.8,63456.11,1.93e-05,63423.9,0.0,,,,183016228206.96475,72018588892.5412,47.0,75.0,38.0,49.0,29.0,41.0,90.0,56.0,16.0,82.0,48.0,42.0,92.0,29,Fear,4404.14,,,,False,1,3,0,asia,,,
BTC,1786586400,,,,,,,,,,,,,,,,,,,6.576e-05,63522.4,63550.01,1.93e-05,63520.5,0.0,,,,183016228206.96475,72018588892.5412,46.0,81.0,31.0,51.0,0.0,51.0,77.0,55.0,18.0,78.0,47.0,31.0,90.0,29,Fear,4403.26,,,,False,2,3,0,asia,,,
BTC,1786590000,,,,,,,,,,,,,,,,,,,6.576e-05,63623.5,63646.99,1.93e-05,63622.1,0.0,,,,183016228206.96475,72018588892.5412,45.0,68.0,24.0,54.0,51.0,44.0,71.0,52.0,13.0,78.0,48.0,25.0,82.0,29,Fear,4395.98,,,,False,3,3,0,asia,,,
BTC,1786593600,,,,,,,,,,,,,,,,,,,6.576e-05,63672.9,63693.74,1.93e-05,63662.0,0.0,,,,183016228206.96475,72018588892.5412,46.0,73.0,25.0,44.0,0.0,48.0,70.0,59.0,8.0,78.0,44.0,34.0,71.0,29,Fear,4394.79,,,,False,4,3,0,asia,,,
BTC,1786597200,,,,,,,,,,,,,,,,,,,6.576e-05,63844.4,63878.0,1.93e-05,63845.6,0.0,,,,183016228206.96475,72018588892.5412,50.0,63.0,34.0,40.0,32.0,44.0,62.0,65.0,11.0,71.0,42.0,20.0,59.0,29,Fear,4380.67,,,,False,5,3,0,asia,,,
BTC,1786600800,,,,,,,,,,,,,,,,,,,6.576e-05,63914.5,63942.35,1.93e-05,63920.8,0.0,,,,183016228206.96475,72018588892.5412,46.0,59.0,40.0,33.0,37.0,41.0,56.0,57.0,6.0,62.0,38.0,27.0,55.0,29,Fear,4377.32,,,,False,6,3,0,asia,,,
BTC,1786604400,1786607880.0,63824.5,63824.9,63859.4,-0.0005386834,4.698e-07,40327.46284,1816066008.1156018,63824.0,63825.0,989689.19954,968630.56742,-367.50086999999996,-23455762.237230003,70375222.80751,25.333333333333332,8.0,7.0,6.576e-05,63833.0,63865.84,1.93e-05,63838.0,4.0,0.296375,0.5,0.25,183016228206.96475,72018588892.5412,44.0,55.0,32.0,40.0,24.0,43.0,54.0,57.0,8.0,60.0,35.0,26.0,52.0,29,Fear,4368.0,-6.52902e-05,-1.88302e-05,-41.33999999999651,True,7,3,0,asia,,,
BTC,1786608000,1786611540.0,63728.5,63729.0,63760.0,-0.0004861982,8.514e-07,40572.0676999999,1830527130.303429,63728.0,63729.0,1478148.6977600001,1340040.6082000001,-349.94510999999994,-22302587.33797,70072494.95233,25.333333333333332,8.0,7.0,7.218e-05,63743.8,63766.8,6.966e-05,63747.6,7.0,0.18235714285714286,0.5714285714285714,0.14285714285714285,183016228206.96475,72018588892.5412,43.0,54.0,30.0,36.0,22.0,43.0,53.0,52.0,8.0,66.0,37.0,23.0,57.0,29,Fear,4375.29,-7.132860000000001e-05,-6.88086e-05,-38.30000000000291,True,8,3,0,europe,-0.0015041245916537216,,1.0
BTC,1786611600,1786615080.0,63749.5,63751.9,63780.7,-0.0004813368,3.8846e-06,40702.9431599999,1730689195.3633416,63749.0,63750.0,2637600.56186,334618.16718000005,-308.85378,-19685351.285156,71562782.100904,25.333333333333332,9.0,6.0,7.218e-05,63757.0,63782.64,6.966e-05,63755.1,8.0,0.203675,0.375,0.0,183016228206.96475,72018588892.5412,42.0,53.0,29.0,34.0,0.0,33.0,53.0,51.0,7.0,68.0,36.0,14.0,54.0,29,Fear,4383.36,-6.829540000000001e-05,-6.577539999999999e-05,-33.13999999999942,True,9,3,0,europe,0.00032952289791854383,,0.5
BTC,1786615200,1786618740.0,63623.5,63624.0,63651.0,-0.0004241882,9.7945e-06,40689.42932,1673399367.3614109,63623.0,63624.0,2401909.46905,361142.08021999995,-345.5795599999999,-21987608.193233002,69198828.126663,25.333333333333332,8.0,7.0,7.218e-05,63628.9,63651.19,6.966e-05,63628.4,7.0,0.08524285714285715,0.42857142857142855,0.14285714285714285,183016228206.96475,72018588892.5412,43.0,58.0,30.0,37.0,0.0,36.0,53.0,52.0,8.0,70.0,41.0,11.0,56.0,29,Fear,4390.45,-6.23855e-05,-5.986549999999999e-05,-27.69000000000233,True,10,3,0,europe,-0.0019764860900869374,,1.0
BTC,1786618800,1786622340.0,63439.5,63439.0,63470.1,-0.0004742391,8.113e-06,40507.60542,1739271861.82004,63442.0,63443.0,924808.80364,1574754.70924,-320.90583999999996,-20356916.27066,70458580.62568,25.333333333333332,9.0,6.0,7.218e-05,63458.5,63484.3,6.966e-05,63459.7,9.0,-0.03986666666666667,0.3333333333333333,0.2222222222222222,183016228206.96475,72018588892.5412,47.0,58.0,34.0,36.0,0.0,32.0,59.0,47.0,8.0,73.0,38.0,54.0,56.0,29,Fear,4386.04,-6.406700000000001e-05,-6.1547e-05,-44.80000000000291,True,11,3,0,europe,-0.002892013171233887,,0.5
BTC,1786622400,1786625940.0,63679.5,63680.0,63701.9,-0.0003437888,1.25e-05,40894.59462,1531517792.5958204,63679.0,63680.0,842288.7528899999,719841.41102,-472.6132799999999,-30099722.065928,67493712.354868,25.333333333333332,7.0,8.0,7.218e-05,63669.2,63697.76,6.966e-05,63669.6,10.0,0.29552,0.5,0.2,183016228206.96475,72018588892.5412,44.0,67.0,34.0,33.0,26.0,31.0,65.0,45.0,8.0,76.0,35.0,18.0,60.0,29,Fear,4399.14,-5.9680000000000005e-05,-5.7159999999999995e-05,-18.260000000002037,True,12,3,0,europe,0.0037831319603716107,,0.25
BTC,1786626000,1786629540.0,63700.5,63700.0,63728.8,-0.0004362235,1.18902e-05,40435.9532599999,1534735130.692991,63700.0,63701.0,992504.2842999999,1079694.3891,-457.90144999999995,-29173170.855144,66374142.150996,25.333333333333332,7.0,8.0,7.218e-05,63699.9,63724.0,6.966e-05,63691.2,15.0,0.05943333333333333,0.2,0.13333333333333333,183016228206.96475,72018588892.5412,44.0,67.0,27.0,40.0,0.0,33.0,62.0,46.0,9.0,77.0,41.0,18.0,59.0,29,Fear,4372.41,-6.028980000000001e-05,-5.77698e-05,-23.5,True,13,3,0,us,0.00032977645867204863,,0.75
BTC,1786629600,1786633080.0,63851.5,63852.0,63882.0,-0.0004696159,1.25e-05,40397.7141799999,1400595869.2117708,63856.0,63857.0,725350.58053,1095480.50085,-446.78743999999995,-28531257.334355,68327834.870425,25.333333333333332,8.0,7.0,7.218e-05,63835.6,63859.45,6.966e-05,63838.6,28.0,0.2649892857142857,0.5,0.10714285714285714,183016228206.96475,72018588892.5412,50.0,72.0,26.0,44.0,0.0,32.0,63.0,52.0,9.0,86.0,44.0,22.0,66.0,29,Fear,4383.52,-5.9680000000000005e-05,-5.7159999999999995e-05,-7.94999999999709,True,14,3,0,us,0.002370468049701424,,0.5
BTC,1786633200,1786636740.0,63450.5,63451.0,63476.4,-0.0004001487,1.25e-05,40261.1935599999,1364839833.276699,63450.0,63451.0,38801.9331,3312801.64686,-436.20169999999996,-27742833.09227,69255745.84455,25.333333333333332,8.0,7.0,7.218e-05,63385.0,63420.01,6.966e-05,63386.0,9.0,-0.22285555555555556,0.1111111111111111,0.4444444444444444,183016228206.96475,72018588892.5412,47.0,68.0,25.0,46.0,18.0,32.0,62.0,50.0,6.0,83.0,42.0,17.0,85.0,29,Fear,4365.37,-5.9680000000000005e-05,-5.7159999999999995e-05,30.489999999997963,True,15,3,0,us,-0.006280197019647105,,0.75
BTC,1786636800,1786640280.0,63061.5,63059.4,63088.1,-0.0004137072,1.25e-05,39586.4060399999,1635294923.0748093,63061.0,63062.0,872002.86874,1629976.6266199998,-350.12665999999996,-22080241.606777,71679431.570071,25.333333333333332,8.0,7.0,7.841e-05,63139.0,63160.13,5.862e-05,63130.0,14.0,0.04412142857142858,0.42857142857142855,0.14285714285714285,183016228206.96475,72018588892.5412,47.0,70.0,25.0,50.0,17.0,33.0,66.0,50.0,9.0,88.0,42.0,27.0,73.0,29,Fear,4366.79,-6.591e-05,-4.612e-05,-98.62999999999738,True,16,3,0,us,-0.0061307633509586346,,0.25
BTC,1786640400,1786643940.0,63149.5,63150.0,63167.0,-0.0002691279,1.25e-05,39911.35354,1768417236.542525,63149.0,63150.0,1139513.57383,1374680.2404899998,-651.6811499999999,-41177837.07537,73098153.45849,25.333333333333332,7.0,8.0,7.841e-05,63121.4,63144.38,5.862e-05,63110.2,18.0,0.0339888888888889,0.3333333333333333,0.3333333333333333,183016228206.96475,72018588892.5412,49.0,67.0,33.0,47.0,0.0,40.0,64.0,56.0,9.0,85.0,45.0,27.0,58.0,29,Fear,4356.84,-6.591e-05,-4.612e-05,5.120000000002619,True,17,3,0,us,0.0013954631589796485,,0.5
BTC,1786644000,1786647240.0,63320.5,63321.0,63331.1,-0.0001594793,1.25e-05,39006.0331399999,1871406464.954115,63321.0,63322.0,7642019.407140001,69793.46124,-813.5460699999999,-51436381.290773004,81454264.022849,25.333333333333332,7.0,8.0,7.841e-05,63284.7,63310.0,5.862e-05,63276.7,0.0,,,,183016228206.96475,72018588892.5412,48.0,68.0,32.0,50.0,43.0,39.0,63.0,47.0,10.0,85.0,44.0,28.0,51.0,29,Fear,4357.76,-6.591e-05,-4.612e-05,10.5,True,18,3,0,us,0.0027078599197143394,,0.25
BTC,1786647600,1786651140.0,63394.5,63390.2,63400.0,-7.88644e-05,1.25e-05,39449.4805,1884045149.198,63394.0,63395.0,539906.69968,965622.0003499999,-950.08019,-60233943.842084005,83874714.766228,25.333333333333332,7.0,8.0,7.841e-05,63387.4,63407.99,5.862e-05,63388.5,9.0,0.2479555555555556,0.6666666666666666,0.2222222222222222,183016228206.96475,72018588892.5412,52.0,74.0,50.0,56.0,50.0,58.0,66.0,55.0,7.0,94.0,64.0,25.0,56.0,29,Fear,4349.48,-6.591e-05,-4.612e-05,-13.489999999997963,True,19,3,0,us,0.001168657859618838,,0.5
BTC,1786651200,1786654740.0,63398.5,63398.0,63410.0,-0.0001182779,1.25e-05,39596.75256,1853856185.9006867,63398.0,63399.0,4343723.16524,28808.21108,-942.33388,-59728411.19659001,83167974.23047,25.333333333333332,7.0,8.0,7.841e-05,63385.6,63415.55,5.862e-05,63383.3,14.0,0.06729285714285714,0.2857142857142857,0.21428571428571427,183016228206.96475,72018588892.5412,54.0,77.0,39.0,61.0,37.0,45.0,70.0,59.0,13.0,97.0,57.0,17.0,54.0,29,Fear,4350.63,-6.591e-05,-4.612e-05,-17.05000000000291,True,20,3,0,us,6.309695636064205e-05,,0.75
BTC,1786654800,1786656540.0,63422.5,63421.3,63426.4,-5.36054e-05,1.25e-05,39645.1974599999,1833242084.2098076,63422.0,63423.0,1379598.1902199998,1120011.00516,-943.01983,-59828007.07469,83286746.58453,25.333333333333332,7.0,8.0,7.841e-05,63444.7,63474.0,5.862e-05,63448.1,21.0,-0.19496666666666665,0.2857142857142857,0.42857142857142855,183016228206.96475,72018588892.5412,54.0,84.0,41.0,59.0,34.0,54.0,79.0,59.0,14.0,93.0,58.0,34.0,53.0,29,Fear,4353.09,-6.591e-05,-4.612e-05,-51.5,True,21,3,0,us,0.00037855785231522,,0.5
BTC,1786658400,,,,,,,,,,,,,,,,,,,7.841e-05,63497.7,63530.01,5.862e-05,63498.0,0.0,,,,183016228206.96475,72018588892.5412,53.0,81.0,39.0,69.0,31.0,57.0,81.0,65.0,15.0,98.0,71.0,41.0,51.0,29,Fear,4353.5,,,,False,22,3,0,us,,,
BTC,1786662000,,,,,,,,,,,,,,,,,,,7.841e-05,63456.7,63490.86,5.862e-05,63461.9,0.0,,,,183016228206.96475,72018588892.5412,53.0,78.0,50.0,62.0,53.0,63.0,78.0,64.0,19.0,94.0,79.0,33.0,49.0,29,Fear,4356.83,,,,False,23,3,0,us,,,
BTC,1786665600,,,,,,,,,,,,,,,,,,,8.545e-05,63517.6,63541.45,5.514e-05,63517.8,0.0,,,,183028276596.99738,71948109765.81747,53.0,77.0,50.0,62.0,36.0,65.0,90.0,67.0,13.0,93.0,76.0,47.0,73.0,29,Fear,4343.87,,,,False,0,4,0,asia,,,
BTC,1786669200,,,,,,,,,,,,,,,,,,,8.545e-05,63545.5,63575.86,5.514e-05,63549.2,0.0,,,,183028276596.99738,71948109765.81747,49.0,74.0,56.0,60.0,55.0,69.0,90.0,60.0,16.0,93.0,79.0,25.0,100.0,29,Fear,4323.13,,,,False,1,4,0,asia,,,
BTC,1786672800,,,,,,,,,,,,,,,,,,,8.545e-05,63437.1,63465.39,5.514e-05,63437.3,0.0,,,,183028276596.99738,71948109765.81747,51.0,73.0,60.0,61.0,48.0,77.0,81.0,59.0,19.0,93.0,84.0,76.0,99.0,29,Fear,4320.79,,,,False,2,4,0,asia,,,
BTC,1786676400,,,,,,,,,,,,,,,,,,,8.545e-05,63288.1,63310.0,5.514e-05,63288.2,0.0,,,,183028276596.99738,71948109765.81747,51.0,74.0,67.0,55.0,52.0,99.0,70.0,59.0,14.0,82.0,93.0,73.0,85.0,29,Fear,4329.5,,,,False,3,4,0,asia,,,
BTC,1786680000,,,,,,,,,,,,,,,,,,,8.545e-05,63349.9,63372.56,5.514e-05,63348.5,0.0,,,,183028276596.99738,71948109765.81747,55.0,74.0,61.0,58.0,42.0,92.0,66.0,70.0,18.0,84.0,87.0,25.0,73.0,29,Fear,4332.01,,,,False,4,4,0,asia,,,
BTC,1786683600,,,,,,,,,,,,,,,,,,,8.545e-05,63357.8,63379.83,5.514e-05,63354.1,0.0,,,,183028276596.99738,71948109765.81747,57.0,70.0,88.0,53.0,55.0,86.0,59.0,75.0,19.0,76.0,89.0,45.0,62.0,29,Fear,4338.56,,,,False,5,4,0,asia,,,
BTC,1786687200,,,,,,,,,,,,,,,,,,,8.545e-05,62944.6,62974.14,5.514e-05,62935.9,0.0,,,,183028276596.99738,71948109765.81747,56.0,67.0,100.0,45.0,52.0,100.0,55.0,77.0,20.0,73.0,100.0,62.0,58.0,29,Fear,4341.58,,,,False,6,4,0,asia,,,
BTC,1786690800,,,,,,,,,,,,,,,,,,,8.545e-05,62888.1,62920.78,5.514e-05,62870.2,0.0,,,,183028276596.99738,71948109765.81747,53.0,59.0,88.0,39.0,33.0,91.0,54.0,67.0,12.0,72.0,98.0,41.0,56.0,29,Fear,4350.46,,,,False,7,4,0,asia,,,
BTC,1786694400,1786697880.0,62897.5,62897.0,62912.0,-0.0002129959,1.25e-05,40853.12166,1767875275.7924614,62897.0,62898.0,1670985.98467,87988.56994,-1167.70769,-73451561.80337,91599310.43061,24.0625,5.0,11.0,5.999e-05,62904.9,62940.01,7.34e-06,62903.6,10.0,0.16402999999999998,0.3,0.0,183028276596.99738,71948109765.81747,50.0,59.0,45.0,34.0,0.0,41.0,51.0,61.0,14.0,66.0,44.0,34.0,53.0,29,Fear,4352.28,-4.749e-05,5.1600000000000006e-06,-42.51000000000204,True,8,4,0,europe,,,
BTC,1786698000,1786701540.0,62783.5,62783.0,62800.0,-0.0002547771,1.25e-05,40947.50194,1763638827.6464295,62783.0,62784.0,916577.2047300001,1287825.17538,-1187.78117,-74565922.09108001,92677511.7588,24.0625,5.0,11.0,5.999e-05,62763.9,62792.75,7.34e-06,62750.0,7.0,0.06495714285714285,0.14285714285714285,0.14285714285714285,183028276596.99738,71948109765.81747,52.0,60.0,40.0,45.0,35.0,58.0,52.0,70.0,10.0,62.0,50.0,21.0,53.0,29,Fear,4361.44,-4.749e-05,5.1600000000000006e-06,-9.25,True,9,4,0,europe,-0.0018124726737946961,,0.75
BTC,1786701600,1786705080.0,62810.5,62810.0,62823.0,-0.0001862375,1.25e-05,41529.8034,1784525292.0353208,62810.0,62811.0,6844805.229,28310.87334,-1321.3448799999999,-82987611.19312,101107528.11034,24.0625,5.0,11.0,5.999e-05,62787.7,62814.14,7.34e-06,62785.1,11.0,0.21953636363636367,0.45454545454545453,0.18181818181818182,183028276596.99738,71948109765.81747,50.0,61.0,30.0,40.0,40.0,35.0,50.0,51.0,7.0,66.0,36.0,27.0,56.0,29,Fear,4351.75,-4.749e-05,5.1600000000000006e-06,-3.639999999999418,True,10,4,0,europe,0.00043004929639156586,,0.5
BTC,1786705200,1786708740.0,62860.5,62861.0,62872.9,-0.0001892707,1.25e-05,41825.88202,1710751269.1471834,62860.0,62861.0,380503.68537,1177842.6771399998,-1452.87998,-91408119.69749801,109558458.562698,24.0625,5.0,11.0,5.999e-05,62837.4,62868.83,7.34e-06,62834.7,12.0,-0.01035833333333334,0.08333333333333333,0.25,183028276596.99738,71948109765.81747,45.0,67.0,33.0,36.0,0.0,30.0,59.0,49.0,4.0,67.0,41.0,17.0,61.0,29,Fear,4369.61,-4.749e-05,5.1600000000000006e-06,-8.330000000001746,True,11,4,0,europe,0.000796045247211774,,0.75
BTC,1786708800,1786712340.0,62717.5,62717.0,62734.4,-0.0002614196,1.25e-05,41918.9445399999,1650186865.351272,62717.0,62718.0,1480623.4944900002,1061937.31977,-1451.4359299999999,-91097423.452105,112971496.390789,24.0625,5.0,11.0,5.999e-05,62706.0,62741.69,7.34e-06,62704.0,30.0,-0.004659999999999996,0.2,0.23333333333333334,183028276596.99738,71948109765.81747,48.0,67.0,21.0,38.0,34.0,28.0,68.0,47.0,8.0,76.0,37.0,25.0,58.0,29,Fear,4372.96,-4.749e-05,5.1600000000000006e-06,-24.19000000000233,True,12,4,0,europe,-0.0022748785008073202,,0.5
BTC,1786712400,1786715940.0,62586.5,62586.0,62612.0,-0.0003992845,1.25e-05,42822.0110999999,1668090664.4681435,62586.0,62587.0,3459870.49719,111802.16512000002,-1588.41445,-99453388.26014501,118326279.525675,24.0625,5.0,11.0,5.999e-05,62639.6,62668.0,7.34e-06,62638.7,0.0,,,,183028276596.99738,71948109765.81747,53.0,77.0,28.0,47.0,19.0,31.0,64.0,53.0,9.0,79.0,42.0,27.0,56.0,29,Fear,4381.67,-4.749e-05,5.1600000000000006e-06,-81.5,True,13,4,0,us,-0.002088731215370565,,0.5
BTC,1786716000,1786719480.0,62599.5,62597.6,62618.0,-0.0002874573,1.25e-05,43069.4369799999,1653056712.166048,62599.0,62600.0,2150607.70739,160670.58901999996,-1655.11862,-103607769.681015,122355834.087395,24.0625,4.0,12.0,5.999e-05,62581.0,62620.01,7.34e-06,62583.1,0.0,,,,183028276596.99738,71948109765.81747,50.0,76.0,22.0,46.0,0.0,29.0,64.0,47.0,11.0,79.0,36.0,25.0,65.0,29,Fear,4377.28,-4.749e-05,5.1600000000000006e-06,-20.510000000002037,True,14,4,0,us,0.00020771252586415656,,1.0
BTC,1786719600,1786723080.0,62998.5,63003.0,63025.0,-0.0004125347,1.25e-05,43613.73872,1687132666.0950303,62998.0,62999.0,676908.52263,1403709.3818800002,-1933.8990199999998,-121861743.36804,137588129.87028,24.0625,4.0,12.0,5.999e-05,62956.0,62990.95,7.34e-06,62952.3,15.0,0.10197333333333332,0.4666666666666667,0.2,183028276596.99738,71948109765.81747,52.0,71.0,25.0,48.0,20.0,31.0,69.0,50.0,10.0,83.0,39.0,23.0,76.0,29,Fear,4388.09,-4.749e-05,5.1600000000000006e-06,7.55000000000291,True,15,4,0,us,0.00637385282630043,,0.75
BTC,1786723200,1786726740.0,63121.5,63123.0,63144.2,-0.0003515762,1.25e-05,43489.6218799999,1456782650.1835816,63121.0,63122.0,508468.49101999996,1323916.2709499998,-1957.99469,-123532433.58561,139279510.04397,24.0625,4.0,12.0,6.29e-06,63105.8,63133.48,2.82e-06,63108.2,8.0,0.2300625,0.375,0.0,183028276596.99738,71948109765.81747,50.0,71.0,24.0,48.0,32.0,31.0,62.0,47.0,10.0,81.0,39.0,25.0,64.0,29,Fear,4382.21,6.210000000000001e-06,9.68e-06,-11.980000000003201,True,16,4,0,us,0.0019524274387485718,,0.75
BTC,1786726800,1786730280.0,62994.5,62999.6,63021.0,-0.0004125609,1.25e-05,43350.5262199999,1390133769.3681595,62994.0,62995.0,533479.85693,1730668.43849,-2028.9445600000001,-127773034.13479,143496402.32389,24.0625,4.0,12.0,6.29e-06,62988.4,63013.69,2.82e-06,62985.8,17.0,0.20131176470588236,0.47058823529411764,0.11764705882352941,183028276596.99738,71948109765.81747,46.0,62.0,22.0,46.0,0.0,29.0,67.0,46.0,11.0,86.0,38.0,23.0,53.0,29,Fear,4373.89,6.210000000000001e-06,9.68e-06,-19.19000000000233,True,17,4,0,us,-0.0020119927441522023,,1.0
BTC,1786730400,1786733940.0,62904.5,62900.9,62920.9,-0.0002526982,1.25e-05,43256.77956,1302891176.7552087,62904.0,62905.0,1252534.2722500002,912094.2378799999,-2133.45397,-134210845.026017,146766822.11987698,24.666666666666668,3.0,12.0,6.29e-06,62900.0,62930.01,2.82e-06,62901.8,5.0,0.14148,0.4,0.2,183028276596.99738,71948109765.81747,50.0,66.0,26.0,50.0,30.0,32.0,68.0,50.0,15.0,84.0,40.0,19.0,54.0,29,Fear,4371.08,6.210000000000001e-06,9.68e-06,-25.510000000002037,True,18,4,0,us,-0.001428696156013598,,0.5
BTC,1786734000,1786737540.0,62932.5,62932.0,62944.6,-0.000184289,1.25e-05,43443.09318,1285945808.576231,62932.0,62933.0,906777.29862,750394.89784,-2257.71711,-142147580.07060498,154711645.31814498,24.666666666666668,3.0,12.0,6.29e-06,62936.3,62968.05,2.82e-06,62935.4,13.0,-0.049946153846153855,0.23076923076923078,0.38461538461538464,183028276596.99738,71948109765.81747,60.0,70.0,27.0,51.0,26.0,32.0,68.0,49.0,6.0,86.0,45.0,26.0,52.0,29,Fear,4372.21,6.210000000000001e-06,9.68e-06,-35.55000000000291,True,19,4,0,us,0.00044511918861123156,,0.25
BTC,1786737600,1786741140.0,62890.5,62889.9,62906.3,-0.0002432189,1.25e-05,43406.8270599999,1300332376.9006975,62890.0,62891.0,677448.8760899999,1044887.02196,-2302.27693,-144771777.91226,157321700.81734002,24.666666666666668,3.0,12.0,6.29e-06,62878.5,62907.59,2.82e-06,62877.9,10.0,0.3538,0.6,0.0,183028276596.99738,71948109765.81747,69.0,76.0,29.0,52.0,31.0,29.0,69.0,53.0,12.0,87.0,41.0,31.0,53.0,29,Fear,4373.17,6.210000000000001e-06,9.68e-06,-17.089999999996508,True,20,4,0,us,-0.0006673817185078867,,0.5
BTC,1786741200,1786744740.0,62917.5,62910.0,62920.4,-3.81434e-05,1.25e-05,43482.88518,1276806404.9404986,62917.0,62918.0,667301.37796,887391.4038300001,-2329.49889,-146464954.42762,159013238.3578,24.666666666666668,3.0,12.0,6.29e-06,62897.6,62928.49,2.82e-06,62904.0,6.0,-0.34709999999999996,0.0,0.6666666666666666,183028276596.99738,71948109765.81747,67.0,85.0,26.0,55.0,53.0,31.0,77.0,61.0,14.0,96.0,48.0,31.0,51.0,29,Fear,4377.25,6.210000000000001e-06,9.68e-06,-10.989999999997963,True,21,4,0,us,0.0004293176234884122,,0.75
BTC,1786744800,1786748280.0,62859.5,62866.0,62890.0,-0.0004770234,1.25e-05,43067.87552,1279450762.5926983,62859.0,62860.0,3693247.47894,5016839.95518,-2297.59865,-144393603.58014,156938289.12879997,24.666666666666668,3.0,12.0,6.29e-06,62856.8,62886.88,2.82e-06,62854.0,5.0,0.07775999999999998,0.4,0.4,183028276596.99738,71948109765.81747,59.0,79.0,29.0,56.0,0.0,36.0,79.0,59.0,9.0,96.0,58.0,40.0,50.0,29,Fear,4376.27,6.210000000000001e-06,9.68e-06,-27.37999999999738,True,22,4,0,us,-0.0009218420948067241,,0.25
BTC,1786748400,1786751940.0,63028.5,63028.5,63042.9,-0.0002204848,1.25e-05,43119.62558,1274324653.090155,63028.0,63029.0,1067924.78263,424579.74273,-2277.9456600000003,-143572040.90339,156152252.766468,24.666666666666668,3.0,12.0,6.29e-06,63015.0,63043.56,2.82e-06,63018.5,7.0,0.007014285714285703,0.2857142857142857,0.2857142857142857,183028276596.99738,71948109765.81747,52.0,78.0,25.0,51.0,50.0,36.0,88.0,51.0,17.0,93.0,47.0,25.0,53.0,29,Fear,4380.4,6.210000000000001e-06,9.68e-06,-15.059999999997672,True,23,4,0,us,0.0026885355435535274,,1.0
BTC,1786752000,1786755480.0,63006.5,63006.0,63020.6,-0.0002158025,1.25e-05,43267.60704,1270129114.9375286,63006.0,63007.0,1408214.9900400003,341757.31268,-2274.7128199999997,-143309773.58027,155884024.60443002,24.666666666666668,3.0,12.0,6.801e-05,62991.7,63019.88,6.855e-05,62993.3,10.0,0.008190000000000008,0.2,0.3,183029020989.35953,71883021338.37572,53.0,73.0,32.0,54.0,0.0,38.0,95.0,57.0,19.0,89.0,48.0,50.0,71.0,34,Fear,4377.49,-5.5509999999999995e-05,-5.605e-05,-13.37999999999738,True,0,5,1,asia,-0.000349048446337763,,0.5
BTC,1786755600,1786759140.0,63019.5,63015.0,63023.6,-7.9335e-06,1.25e-05,43264.35156,1263868778.11278,63019.0,63020.0,2442582.6758,176551.28464,-2304.8968,-145242569.63782,157819023.69412,24.666666666666668,3.0,12.0,6.801e-05,63010.7,63045.13,6.855e-05,63013.7,10.0,-0.09766000000000001,0.2,0.4,183029020989.35953,71883021338.37572,52.0,77.0,32.0,51.0,34.0,40.0,97.0,59.0,14.0,86.0,50.0,39.0,92.0,34,Fear,4375.29,-5.5509999999999995e-05,-5.605e-05,-25.62999999999738,True,1,5,1,asia,0.00020632791854802157,,0.5
BTC,1786759200,1786762680.0,63126.5,63123.0,63134.4,-0.0001172103,1.25e-05,43309.76066,1249625903.0300105,63126.0,63127.0,1143418.4628899998,452231.03608000005,-2318.78711,-146364600.640205,158962073.48982102,24.666666666666668,3.0,12.0,6.801e-05,63113.6,63134.41,6.855e-05,63109.9,7.0,0.19031428571428569,0.42857142857142855,0.0,183029020989.35953,71883021338.37572,50.0,79.0,26.0,52.0,79.0,44.0,79.0,58.0,14.0,87.0,53.0,29.0,84.0,34,Fear,4377.32,-5.5509999999999995e-05,-5.605e-05,-7.9100000000034925,True,2,5,1,asia,0.0016978871619102165,,0.5
BTC,1786762800,1786766340.0,63063.5,63062.1,63075.0,-0.0001743956,1.25e-05,43287.4635599999,1214490264.335901,63063.0,63064.0,461049.45377,1684642.7997400002,-2311.7524599999997,-145783733.63252002,158369288.13911998,24.666666666666668,3.0,12.0,6.801e-05,63030.3,63051.25,6.855e-05,63026.1,3.0,-0.12976666666666667,0.3333333333333333,0.3333333333333333,183029020989.35953,71883021338.37572,46.0,72.0,25.0,46.0,62.0,39.0,70.0,53.0,14.0,79.0,50.0,38.0,79.0,34,Fear,4379.3,-5.5509999999999995e-05,-5.605e-05,12.25,True,3,5,1,asia,-0.0009979960872217308,,0.5
BTC,1786766400,1786769940.0,63105.5,63105.0,63122.0,-0.0002534774,1.25e-05,43325.83652,1202552446.386322,63105.0,63106.0,799623.23474,507991.80882000003,-2327.00059,-146847774.23439,159441602.48349,24.666666666666668,3.0,12.0,6.801e-05,63092.5,63122.0,6.855e-05,63088.8,7.0,0.16892857142857146,0.42857142857142855,0.14285714285714285,183029020989.35953,71883021338.37572,51.0,70.0,30.0,46.0,46.0,47.0,62.0,55.0,12.0,80.0,51.0,38.0,70.0,34,Fear,4379.23,-5.5509999999999995e-05,-5.605e-05,-16.5,True,4,5,1,asia,0.0006659953856034129,,0.75
BTC,1786770000,1786773540.0,63068.5,63068.1,63082.0,-0.000206081,1.25e-05,43344.6852999999,1193409299.6264822,63068.0,63069.0,1171312.0571899998,859748.57644,-2318.89905,-146249538.63636,158834183.09904,24.666666666666668,3.0,12.0,6.801e-05,63055.4,63089.0,6.855e-05,63053.5,5.0,0.39597999999999994,0.8,0.2,183029020989.35953,71883021338.37572,58.0,70.0,76.0,41.0,36.0,64.0,56.0,71.0,7.0,75.0,65.0,24.0,59.0,34,Fear,4377.09,-5.5509999999999995e-05,-5.605e-05,-20.5,True,5,5,1,asia,-0.0005863197344130322,,0.75
BTC,1786773600,1786777140.0,63089.5,63090.0,63112.3,-0.0003533384,1.25e-05,43406.7078999999,1141907331.244921,63089.0,63090.0,1803159.8647699999,215304.74987,-2356.3719499999997,-148690763.482852,161283303.50882798,24.666666666666668,3.0,12.0,6.801e-05,63087.3,63114.68,6.855e-05,63081.4,2.0,0.46685,1.0,0.0,183029020989.35953,71883021338.37572,53.0,67.0,53.0,33.0,38.0,57.0,48.0,65.0,8.0,69.0,54.0,30.0,58.0,34,Fear,4375.76,-5.5509999999999995e-05,-5.605e-05,-25.18000000000029,True,6,5,1,asia,0.000332971293117712,,0.25
BTC,1786777200,1786780680.0,63050.5,63051.0,63075.8,-0.0003440305,1.25e-05,43458.0624,1094950726.52052,63050.0,63051.0,1662546.2045500001,22187.176339999998,-2383.01581,-150247921.56975,162832079.89675,24.666666666666668,3.0,12.0,6.801e-05,63049.8,63075.43,6.855e-05,63047.1,9.0,0.1141888888888889,0.5555555555555556,0.3333333333333333,183029020989.35953,71883021338.37572,60.0,59.0,85.0,40.0,68.0,75.0,46.0,67.0,100.0,65.0,52.0,100.0,57.0,34,Fear,4379.17,-5.5509999999999995e-05,-5.605e-05,-24.93000000000029,True,7,5,1,asia,-0.0006181694259742576,,0.75
BTC,1786780800,1786784340.0,62932.5,62930.0,62956.0,-0.0003653345,1.25e-05,43475.17508,1011204352.1038312,62932.0,62933.0,524373.34379,784296.4347000001,-2386.70313,-150224469.447629,162788046.944293,24.666666666666668,3.0,12.0,6.523e-05,62908.5,62935.72,4.737e-05,62906.3,6.0,-0.0022166666666666632,0.16666666666666666,0.16666666666666666,183029020989.35953,71883021338.37572,49.0,53.0,71.0,38.0,0.0,47.0,47.0,55.0,8.0,64.0,46.0,16.0,54.0,34,Fear,4377.63,-5.273e-05,-3.487e-05,-3.220000000001164,True,8,5,1,europe,-0.0018715156898042595,,0.75
BTC,1786784400,1786787940.0,63019.5,63018.0,63038.1,-0.0002871279,1.25e-05,43584.72614,1005095035.8624202,63019.0,63020.0,225420.64459,1269572.67145,-2458.0638,-154915697.16876,167491354.31974,24.666666666666668,3.0,12.0,6.523e-05,62999.1,63030.38,4.737e-05,63004.1,11.0,0.39759999999999995,0.5454545454545454,0.0,183029020989.35953,71883021338.37572,47.0,54.0,29.0,37.0,34.0,44.0,47.0,52.0,7.0,61.0,47.0,19.0,52.0,34,Fear,4377.21,-5.273e-05,-3.487e-05,-10.87999999999738,True,9,5,1,europe,0.0013824335597665272,,0.5
BTC,1786788000,1786791540.0,63009.5,63009.0,63030.7,-0.0003284114,1.25e-05,43636.05658,968330944.8839117,63009.0,63010.0,1562865.13157,68412.36632999999,-2456.96386,-154818008.67133,167394009.16381,24.666666666666668,3.0,12.0,6.523e-05,63015.6,63046.1,4.737e-05,63008.7,10.0,-0.022130000000000004,0.1,0.2,183029020989.35953,71883021338.37572,49.0,60.0,35.0,36.0,0.0,37.0,50.0,56.0,9.0,66.0,39.0,19.0,54.0,34,Fear,4377.13,-5.273e-05,-3.487e-05,-36.599999999998545,True,10,5,1,europe,-0.0001586810431691843,,0.5
BTC,1786791600,1786795140.0,62999.5,62996.1,63019.1,-0.0003030827,1.25e-05,43663.9943999999,947118609.4767394,62999.0,63000.0,438726.43542,1364575.20477,-2471.56027,-155704702.460466,168277599.17629,24.666666666666668,3.0,12.0,6.523e-05,62993.1,63022.01,4.737e-05,62989.9,9.0,0.11954444444444445,0.3333333333333333,0.1111111111111111,183029020989.35953,71883021338.37572,45.0,54.0,27.0,34.0,26.0,36.0,59.0,46.0,8.0,67.0,40.0,25.0,56.0,34,Fear,4376.01,-5.273e-05,-3.487e-05,-22.510000000002037,True,11,5,1,europe,-0.00015870622683877844,,0.75
BTC,1786795200,1786798740.0,63009.5,63009.0,63030.8,-0.0002221136,1.25e-05,43658.001,918531745.5654087,63009.0,63010.0,4018760.67036,5090.05761,-2458.06067,-154926900.03161198,167503642.71150398,24.666666666666668,3.0,12.0,6.523e-05,63028.8,63050.13,4.737e-05,63028.8,3.0,0.10313333333333334,0.3333333333333333,0.0,183029020989.35953,71883021338.37572,45.0,59.0,27.0,34.0,26.0,37.0,66.0,49.0,5.0,74.0,44.0,24.0,59.0,34,Fear,4376.83,-5.273e-05,-3.487e-05,-40.62999999999738,True,12,5,1,europe,0.00015873141850342165,,0.25
BTC,1786798800,1786802340.0,63020.5,63021.0,63055.0,-0.0005392118,1.25e-05,43664.32398,771678019.195135,63020.0,63021.0,4687389.50669,145838.20749,-2445.67055,-154135345.84426,166712291.2362,24.666666666666668,3.0,12.0,6.523e-05,63031.3,63060.35,4.737e-05,63026.1,11.0,0.2520272727272727,0.45454545454545453,0.09090909090909091,183029020989.35953,71883021338.37572,45.0,59.0,28.0,38.0,0.0,34.0,63.0,48.0,6.0,77.0,42.0,16.0,58.0,34,Fear,4378.26,-5.273e-05,-3.487e-05,-39.849999999998545,True,13,5,1,us,0.0001745768495227118,,0.5
BTC,1786802400,1786805940.0,63016.5,63016.0,63040.0,-0.0003648477,1.25e-05,43673.9484799999,689876743.9551677,63016.0,63017.0,344820.98175000004,1128253.34577,-2442.96304,-153960852.00388998,166535927.86729,24.666666666666668,3.0,12.0,6.523e-05,63011.7,63040.0,4.737e-05,63008.8,7.0,0.5175285714285714,0.7142857142857143,0.0,183029020989.35953,71883021338.37572,43.0,59.0,28.0,43.0,0.0,33.0,63.0,45.0,12.0,78.0,35.0,19.0,62.0,34,Fear,4376.74,-5.273e-05,-3.487e-05,-23.5,True,14,5,1,us,-6.347141009666046e-05,,0.75
BTC,1786806000,1786809540.0,63074.5,63074.0,63100.0,-0.0003961965,1.25e-05,43865.5698999999,594142329.3481199,63074.0,63075.0,477661.90132,670651.30892,-2517.47673,-158788973.87211,171370962.92317,24.666666666666668,3.0,12.0,6.523e-05,63068.0,63100.55,4.737e-05,63065.7,8.0,0.054512500000000005,0.25,0.125,183029020989.35953,71883021338.37572,40.0,57.0,25.0,40.0,23.0,33.0,67.0,45.0,8.0,84.0,34.0,21.0,78.0,34,Fear,4376.6,-5.273e-05,-3.487e-05,-26.05000000000291,True,15,5,1,us,0.0009203938650987897,,0.75
BTC,1786809600,1786813140.0,63082.5,63082.0,63096.0,-0.0002060352,1.25e-05,44073.66784,531172478.6616999,63082.0,63083.0,737165.48107,2276440.7483800002,-2614.03621,-164898632.19922,177484882.78814,24.666666666666668,3.0,12.0,5.311e-05,63066.3,63096.63,4.403e-05,63064.1,25.0,0.03672799999999999,0.4,0.24,183029020989.35953,71883021338.37572,44.0,56.0,28.0,43.0,27.0,38.0,66.0,48.0,11.0,85.0,38.0,19.0,65.0,34,Fear,4376.74,-4.061e-05,-3.153e-05,-14.12999999999738,True,16,5,1,us,0.00012683414057979014,,0.75
BTC,1786813200,1786816740.0,63041.5,63042.0,63068.6,-0.000421763,1.25e-05,44074.4941599999,455328910.30132,63041.0,63042.0,3595681.7326299995,353235.72887,-2637.1371,-166250064.23079,178827883.036682,24.666666666666668,3.0,12.0,5.311e-05,63043.5,63070.5,4.403e-05,63044.4,0.0,,,,183029020989.35953,71883021338.37572,63.0,55.0,25.0,39.0,26.0,35.0,66.0,47.0,9.0,86.0,41.0,22.0,52.0,34,Fear,4377.0,-4.061e-05,-3.153e-05,-29.0,True,17,5,1,us,-0.0006499425355684929,,0.5
BTC,1786816800,1786820340.0,63025.5,63026.0,63057.6,-0.0005011291,9.9101e-06,44085.8751399998,415355445.3904404,63025.0,63026.0,3394063.3025800004,304487.57289,-2637.3085499999997,-166211096.74665,178786256.18243,24.666666666666668,3.0,12.0,5.311e-05,63026.3,63057.58,4.403e-05,63027.8,14.0,-0.1815,0.0,0.2857142857142857,183029020989.35953,71883021338.37572,55.0,59.0,31.0,46.0,45.0,37.0,69.0,48.0,12.0,91.0,45.0,27.0,47.0,34,Fear,4377.96,-4.31999e-05,-3.41199e-05,-32.080000000001746,True,18,5,1,us,-0.0002538010675506852,,1.0
BTC,1786820400,1786823940.0,63096.5,63097.0,63123.9,-0.000426146,1.25e-05,44220.29932,381457437.17204,63096.0,63097.0,1149309.88359,528449.76202,-2652.73924,-167377235.08704,179964475.70112,24.666666666666668,3.0,12.0,5.311e-05,63093.6,63126.08,4.403e-05,63095.2,8.0,-0.0924375,0.125,0.375,183029020989.35953,71883021338.37572,44.0,57.0,27.0,40.0,0.0,37.0,69.0,49.0,8.0,83.0,61.0,25.0,50.0,34,Fear,4378.81,-4.061e-05,-3.153e-05,-29.580000000001746,True,19,5,1,us,0.0011265281513037628,,0.75
BTC,1786824000,1786827480.0,63072.5,63076.0,63103.0,-0.0004754132,1.04164e-05,44061.3769599999,351117091.6914006,63072.0,63073.0,3517446.0661500003,65211.95654,-2641.34081,-166595934.43564,179179738.67216,24.666666666666668,3.0,12.0,5.311e-05,63077.1,63103.29,4.403e-05,63078.8,0.0,,,,183029020989.35953,71883021338.37572,48.0,64.0,27.0,44.0,51.0,37.0,74.0,52.0,17.0,85.0,45.0,21.0,49.0,34,Fear,4377.97,-4.2693599999999994e-05,-3.361359999999999e-05,-30.790000000000873,True,20,5,1,us,-0.00038036975109556614,,0.75
BTC,1786827600,1786831140.0,63134.5,63132.0,63155.0,-0.0003166812,1.25e-05,44206.36248,351811070.3641893,63134.0,63135.0,164088.84996000002,1521802.77394,-2714.65178,-171382858.71297002,183975951.67089,24.666666666666668,3.0,12.0,5.311e-05,63123.7,63159.04,4.403e-05,63124.6,10.0,-0.10540000000000001,0.2,0.3,183029020989.35953,71883021338.37572,48.0,68.0,27.0,47.0,0.0,37.0,77.0,49.0,12.0,89.0,50.0,24.0,47.0,34,Fear,4379.45,-4.061e-05,-3.153e-05,-24.540000000000873,True,21,5,1,us,0.0009829957588489702,,0.5
BTC,1786831200,1786834680.0,63107.5,63108.0,63133.0,-0.0003959894,1.25e-05,44157.5656,322994288.1161296,63107.0,63108.0,496563.15489,859679.51841,-2722.4499100000003,-171803535.61684,184394203.85415998,24.666666666666668,3.0,12.0,5.311e-05,63100.7,63135.52,4.403e-05,63099.9,10.0,0.013730000000000003,0.2,0.5,183029020989.35953,71883021338.37572,52.0,71.0,31.0,47.0,37.0,46.0,84.0,62.0,14.0,94.0,53.0,35.0,47.0,34,Fear,4378.24,-4.061e-05,-3.153e-05,-28.0199999999968,True,22,5,1,us,-0.0004276584118033666,,0.5
BTC,1786834800,1786838280.0,63056.5,63057.0,63085.0,-0.0004438456,1.25e-05,44333.36834,305590680.8360102,63056.0,63057.0,2366575.1405200004,910676.4202200002,-2733.8875399999997,-172390746.60978,184969664.68794,24.666666666666668,3.0,12.0,5.311e-05,63053.9,63086.01,4.403e-05,63059.2,2.0,0.2724,0.5,0.0,183029020989.35953,71883021338.37572,51.0,73.0,29.0,52.0,54.0,39.0,87.0,60.0,16.0,94.0,52.0,29.0,47.0,34,Fear,4378.94,-4.061e-05,-3.153e-05,-29.510000000002037,True,23,5,1,us,-0.0008081448322306839,,0.75
BTC,1786838400,1786841940.0,63060.5,63061.0,63082.1,-0.0003344847,1.25e-05,44344.2514400002,295898848.8449512,63060.0,63061.0,491145.7216599999,1033272.2340599999,-2750.49271,-173453133.97972,186028383.87984002,24.666666666666668,3.0,12.0,9.66e-06,63051.1,63085.82,3.01e-05,63051.2,10.0,0.22275,0.4,0.1,183021531699.8318,71861261870.658,51.0,78.0,30.0,51.0,45.0,41.0,100.0,66.0,18.0,87.0,53.0,31.0,73.0,34,Fear,4378.97,2.84e-06,-1.76e-05,-25.31999999999971,True,0,6,1,asia,6.34351732176075e-05,,0.75
BTC,1786842000,1786845540.0,63052.5,63053.0,63082.8,-0.0004153272,1.25e-05,44440.12534,293622006.4267098,63056.0,63057.0,1018434.5494299999,526830.7886900001,-2781.35516,-175346785.85775,187921968.34741,24.666666666666668,3.0,12.0,9.66e-06,63051.3,63084.78,3.01e-05,63052.2,0.0,,,,183021531699.8318,71861261870.658,47.0,69.0,34.0,52.0,44.0,43.0,95.0,53.0,22.0,87.0,47.0,36.0,90.0,34,Fear,4378.16,2.84e-06,-1.76e-05,-32.279999999998836,True,1,6,1,asia,-0.0001268622989034629,,0.75
BTC,1786845600,1786849140.0,63097.5,63097.0,63121.9,-0.0003627901,1.25e-05,44430.1106,290778027.0453905,63097.0,63098.0,1885354.2339500003,20065.32327,-2805.1249500000004,-176995919.64292,189583176.76918,24.666666666666668,3.0,12.0,9.66e-06,63092.3,63121.91,3.01e-05,63094.0,6.0,-0.1489333333333333,0.16666666666666666,0.5,183021531699.8318,71861261870.658,59.0,73.0,76.0,51.0,64.0,43.0,77.0,54.0,16.0,81.0,52.0,23.0,88.0,34,Fear,4377.57,2.84e-06,-1.76e-05,-24.410000000003492,True,2,6,1,asia,0.0007136909718092888,,0.25
BTC,1786849200,1786852740.0,63101.5,63102.0,63127.0,-0.0003960271,1.25e-05,44442.5563,281716416.75629115,63101.0,63102.0,1806523.3514500002,275036.92056,-2808.4370200000003,-177215184.39902002,189804338.70701998,24.666666666666668,3.0,12.0,9.66e-06,63096.6,63130.0,3.01e-05,63098.1,3.0,-0.3055333333333333,0.0,0.3333333333333333,183021531699.8318,71861261870.658,57.0,64.0,36.0,40.0,48.0,42.0,65.0,51.0,12.0,84.0,49.0,30.0,78.0,34,Fear,4378.9,2.84e-06,-1.76e-05,-28.5,True,3,6,1,asia,6.339395380172697e-05,,0.75
BTC,1786852800,1786856340.0,63060.5,63061.0,63090.0,-0.0004596608,1.25e-05,44483.63202,279544800.93166965,63060.0,63061.0,690897.2211199999,1096714.0058000002,-2829.99224,-178552852.96123,191140411.37929,24.666666666666668,3.0,12.0,9.66e-06,63056.7,63090.01,3.01e-05,63052.5,4.0,0.280425,0.75,0.25,183021531699.8318,71861261870.658,60.0,73.0,53.0,45.0,0.0,75.0,60.0,52.0,17.0,84.0,76.0,34.0,64.0,34,Fear,4377.69,2.84e-06,-1.76e-05,-29.510000000002037,True,4,6,1,asia,-0.0006497468364460302,,0.5
BTC,1786856400,1786859940.0,63010.5,63010.0,63040.0,-0.0004600254,6.8488e-06,44362.8454,276876225.1537003,63010.0,63011.0,5441504.80698,26356.897330000003,-2798.30064,-176389679.517784,188967674.449544,24.666666666666668,3.0,12.0,9.66e-06,63027.7,63069.43,3.01e-05,63028.1,14.0,-0.03137142857142856,0.21428571428571427,0.35714285714285715,183021531699.8318,71861261870.658,52.0,64.0,58.0,36.0,48.0,58.0,55.0,64.0,14.0,81.0,54.0,31.0,56.0,34,Fear,4381.69,-2.8112000000000003e-06,-2.32512e-05,-58.93000000000029,True,5,6,1,asia,-0.0007928893681464766,,1.0
BTC,1786860000,1786863540.0,63040.5,63041.0,63066.9,-0.000410675,1.25e-05,44344.89518,271714462.41216004,63040.0,63041.0,1289951.7083,967702.5759500001,-2793.89936,-176133914.39561,188711413.72889,24.666666666666668,3.0,12.0,9.66e-06,63036.5,63069.31,3.01e-05,63030.9,8.0,0.53125,1.0,0.0,183021531699.8318,71861261870.658,52.0,62.0,48.0,52.0,32.0,46.0,50.0,65.0,11.0,71.0,41.0,25.0,57.0,34,Fear,4379.9,2.84e-06,-1.76e-05,-28.80999999999767,True,6,6,1,asia,0.0004761111243363203,,0.25
BTC,1786863600,1786867140.0,63039.5,63040.0,63061.0,-0.0003282536,1.25e-05,44365.14648,265116934.4221198,63039.0,63040.0,813596.0969,554472.0414,-2794.6784900000002,-176174869.45025998,188751770.42992002,24.666666666666668,3.0,12.0,9.66e-06,63034.3,63061.02,3.01e-05,63027.4,4.0,-0.1707,0.25,0.5,183021531699.8318,71861261870.658,54.0,58.0,66.0,35.0,40.0,51.0,47.0,70.0,10.0,68.0,42.0,40.0,60.0,34,Fear,4379.38,2.84e-06,-1.76e-05,-21.5199999999968,True,7,6,1,asia,-1.586281834697889e-05,,0.25
BTC,1786867200,1786870740.0,63051.5,63052.0,63067.0,-0.0002378423,1.25e-05,44394.69826,246095280.2432899,63051.0,63052.0,392806.17804,1384661.9120899998,-2802.14669,-176678268.08356,189258337.27168,24.666666666666668,3.0,12.0,1.839e-05,63039.5,63072.42,1.182e-05,63033.3,3.0,0.6204666666666666,1.0,0.0,183021531699.8318,71861261870.658,48.0,56.0,26.0,32.0,34.0,40.0,43.0,54.0,8.0,63.0,37.0,20.0,59.0,34,Fear,4379.01,-5.889999999999998e-06,6.800000000000003e-07,-20.919999999998254,True,8,6,1,europe,0.00019035683975920925,2.168404344971009e-19,0.75
BTC,1786870800,1786874340.0,62963.5,62964.0,62988.9,-0.0003953077,1.25e-05,44417.22488,233678982.15656027,62963.0,62964.0,541727.73412,1253466.03377,-2797.5906800000002,-176203127.23533,188770641.33717,24.666666666666668,3.0,12.0,1.839e-05,62957.0,62992.69,1.182e-05,62960.1,21.0,0.08570952380952382,0.38095238095238093,0.2857142857142857,183021531699.8318,71861261870.658,45.0,57.0,28.0,33.0,35.0,38.0,42.0,56.0,13.0,63.0,39.0,20.0,54.0,34,Fear,4379.79,-5.889999999999998e-06,6.800000000000003e-07,-29.19000000000233,True,9,6,1,europe,-0.0013956844801471524,-1.734723475976807e-18,0.5
BTC,1786874400,1786877940.0,62980.5,62981.0,63009.0,-0.000444381,1.16891e-05,44431.35146,235399071.49097034,62980.0,62981.0,1984780.45329,1116008.0263,-2787.8581400000003,-175583476.921684,188151283.827264,24.666666666666668,3.0,12.0,1.839e-05,62979.2,63008.57,1.182e-05,62980.8,0.0,,,,183021531699.8318,71861261870.658,48.0,60.0,27.0,36.0,36.0,41.0,46.0,57.0,7.0,73.0,36.0,23.0,56.0,34,Fear,4377.58,-6.700899999999999e-06,-1.3090000000000073e-07,-28.06999999999971,True,10,6,1,europe,0.0002699976970783613,3.2526065174565133e-19,1.0
BTC,1786878000,1786881480.0,62992.5,62985.0,63009.0,-0.000253932,1.25e-05,44367.5615599999,248320342.10923967,62992.0,62993.0,171796.02714000002,2264118.21795,-2799.73931,-176344264.35175,188910549.56322998,24.666666666666668,3.0,12.0,1.839e-05,62981.1,63013.66,1.182e-05,62987.0,9.0,-0.1995111111111111,0.1111111111111111,0.4444444444444444,183021531699.8318,71861261870.658,47.0,57.0,28.0,35.0,25.0,33.0,53.0,55.0,8.0,63.0,40.0,23.0,62.0,34,Fear,4377.18,-5.889999999999998e-06,6.800000000000003e-07,-21.160000000003492,True,11,6,1,europe,0.00019053516564659922,2.168404344971009e-19,0.5
BTC,1786881600,1786885140.0,62987.5,62987.0,63014.4,-0.0004189519,1.09881e-05,44382.16144,255077069.53791994,62987.0,62988.0,1719359.13511,314646.62350000005,-2805.07219,-176663446.5262,189229125.435,24.666666666666668,3.0,12.0,1.839e-05,62986.4,63021.98,1.182e-05,62986.9,0.0,,,,183021531699.8318,71861261870.658,52.0,56.0,33.0,33.0,33.0,32.0,59.0,50.0,9.0,69.0,40.0,20.0,65.0,34,Fear,4375.19,-7.401899999999998e-06,-8.318999999999996e-07,-34.4800000000032,True,12,6,1,europe,-7.937452871376038e-05,-9.486769009248164e-20,1.0
BTC,1786885200,1786888740.0,63040.5,63040.0,63060.0,-0.0003013003,1.25e-05,44488.8322799997,247874979.9357465,63040.0,63041.0,384127.63441,1144923.51705,-2838.50183,-178936397.68622,191513848.19006,24.666666666666668,3.0,12.0,1.839e-05,63036.1,63060.01,1.182e-05,63027.7,12.0,0.019316666666666666,0.25,0.25,183021531699.8318,71861261870.658,43.0,63.0,22.0,34.0,36.0,28.0,57.0,48.0,9.0,70.0,38.0,21.0,62.0,34,Fear,4376.23,-5.889999999999998e-06,6.800000000000003e-07,-19.510000000002037,True,13,6,1,us,0.0008414367930145161,9.75781955236954e-19,0.5
BTC,1786888800,1786892340.0,63077.5,63075.0,63100.0,-0.0003217116,1.25e-05,44504.4225999999,258564459.84925976,63077.0,63078.0,2696762.13034,177509.0456,-2855.652,-180129885.04331,192715116.77099,24.666666666666668,3.0,12.0,1.839e-05,63078.5,63102.85,1.182e-05,63074.7,7.0,0.40408571428571427,0.5714285714285714,0.0,183021531699.8318,71861261870.658,41.0,54.0,22.0,35.0,23.0,28.0,57.0,45.0,9.0,72.0,36.0,22.0,63.0,34,Fear,4374.8,-5.889999999999998e-06,6.800000000000003e-07,-25.349999999998545,True,14,6,1,us,0.0005869242788365536,6.505213034913027e-19,0.25
BTC,1786892400,1786895940.0,63111.5,63111.0,63135.8,-0.0003769652,1.25e-05,44487.30058,254275191.27649057,63111.0,63112.0,2600825.02915,888196.96223,-2887.6791599999997,-182244319.46675998,194836135.30692,24.666666666666668,3.0,12.0,1.839e-05,63113.8,63146.39,1.182e-05,63111.0,10.0,0.20389,0.4,0.0,183021531699.8318,71861261870.658,45.0,52.0,26.0,34.0,22.0,28.0,58.0,42.0,7.0,75.0,35.0,20.0,82.0,34,Fear,4376.76,-5.889999999999998e-06,6.800000000000003e-07,-34.88999999999942,True,15,6,1,us,0.0005390194601879728,9.75781955236954e-19,0.25
BTC,1786896000,1786899540.0,63229.5,63229.6,63258.1,-0.0004442119,8.2199e-06,44177.4488999999,323913281.6481684,63229.0,63230.0,956476.6986499999,1988030.1371,-2791.15503,-176496342.633068,189113716.694076,24.666666666666668,3.0,12.0,5e-05,63232.7,63260.01,3.034e-05,63224.8,23.0,0.07027391304347826,0.34782608695652173,0.21739130434782608,183021531699.8318,71861261870.658,57.0,58.0,49.0,36.0,44.0,32.0,56.0,47.0,13.0,79.0,38.0,28.0,69.0,34,Fear,4380.12,-4.1780100000000003e-05,-2.21201e-05,-30.510000000002037,True,16,6,1,us,0.0018697067887785135,3.686287386450715e-18,0.5
BTC,1786899600,1786903080.0,63135.5,63134.0,63158.0,-0.0003483328,1.16225e-05,43993.1458999999,350340923.33560985,63135.0,63136.0,28880.319869999996,2971847.87591,-2762.8754799999997,-174431380.55432,188592763.54016,24.666666666666668,4.0,11.0,5e-05,63130.7,63159.3,3.034e-05,63123.8,0.0,,,,183021531699.8318,71861261870.658,54.0,58.0,30.0,43.0,34.0,29.0,65.0,53.0,9.0,83.0,39.0,24.0,58.0,34,Fear,4380.03,-3.83775e-05,-1.87175e-05,-23.80000000000291,True,17,6,1,us,-0.0014866478463375632,-3.0357660829594124e-18,1.0
BTC,1786903200,1786906680.0,63120.5,63120.0,63140.1,-0.0003025019,1.25e-05,44034.09194,353482462.54998004,63120.0,63121.0,1000844.1982,2938273.6742200004,-2776.32168,-175241424.4416,188735816.4192,24.666666666666668,4.0,11.0,5e-05,63111.3,63140.06,3.034e-05,63109.2,10.0,0.05934999999999999,0.4,0.1,183021531699.8318,71861261870.658,50.0,55.0,27.0,41.0,54.0,29.0,70.0,48.0,11.0,78.0,37.0,18.0,53.0,34,Fear,4377.22,-3.7500000000000003e-05,-1.784e-05,-19.55999999999767,True,18,6,1,us,-0.00023758424341302486,-4.87890977618477e-19,0.75
BTC,1786906800,1786910340.0,63081.5,63081.0,63109.0,-0.0004278312,1.25e-05,44239.09722,380209490.8268092,63081.0,63082.0,751328.88711,994998.37523,-2767.78105,-174596986.05649,190500809.86349002,24.666666666666668,4.0,11.0,5e-05,63082.2,63108.81,3.034e-05,63075.8,10.0,0.022170000000000002,0.3,0.2,183021531699.8318,71861261870.658,50.0,61.0,20.0,41.0,22.0,30.0,69.0,48.0,13.0,84.0,41.0,26.0,55.0,34,Fear,4378.43,-3.7500000000000003e-05,-1.784e-05,-27.30999999999767,True,19,6,1,us,-0.0006178658280590055,-1.4094628242311558e-18,0.25
BTC,1786910400,1786913940.0,63034.5,63036.0,63065.6,-0.0004852091,6.397e-06,44246.22318,388588530.8727602,63034.0,63035.0,2759468.3387100003,346288.08131000004,-2731.65255,-172183413.532662,189515013.518346,24.666666666666668,4.0,11.0,5e-05,63041.0,63067.79,3.034e-05,63036.2,5.0,0.011619999999999997,0.2,0.2,183021531699.8318,71861261870.658,52.0,62.0,21.0,43.0,27.0,31.0,68.0,52.0,12.0,87.0,47.0,25.0,54.0,34,Fear,4375.74,-4.3603e-05,-2.3943e-05,-33.29000000000087,True,20,6,1,us,-0.0007450678883665907,-1.6263032587282567e-18,1.0
BTC,1786914000,1786917540.0,62934.5,62929.0,62956.0,-0.0003335663,1.03867e-05,44263.6056799999,432279676.3394582,62930.0,62931.0,194626.52421,2209197.7114500003,-2746.42673,-172817829.08655,189575088.09115,24.666666666666668,4.0,11.0,5e-05,62900.0,62929.61,3.034e-05,62890.0,6.0,0.35231666666666667,0.6666666666666666,0.0,183021531699.8318,71861261870.658,57.0,67.0,22.0,45.0,36.0,32.0,74.0,54.0,14.0,86.0,47.0,24.0,48.0,34,Fear,4375.08,-3.96133e-05,-1.99533e-05,4.889999999999418,True,21,6,1,us,-0.0015864328264680871,-3.469446951953614e-18,1.0
BTC,1786917600,1786921140.0,62894.5,62885.0,62910.0,-0.0002384359,1.25e-05,43998.00776,510240548.8350197,62894.0,62895.0,834372.85682,723006.31203,-2794.18595,-175674049.58226198,188870997.08881798,24.666666666666668,4.0,11.0,5e-05,62885.0,62913.7,3.034e-05,62887.5,8.0,-0.002437500000000009,0.375,0.25,183021531699.8318,71861261870.658,65.0,79.0,24.0,51.0,48.0,36.0,79.0,62.0,11.0,99.0,47.0,32.0,52.0,34,Fear,4383.53,-3.7500000000000003e-05,-1.784e-05,-19.19999999999709,True,22,6,1,us,-0.000635581437844146,-1.1926223897340549e-18,0.5
BTC,1786921200,1786924740.0,62873.5,62874.0,62900.0,-0.0004133545,1.25e-05,44398.27652,627165058.7812202,62873.0,62874.0,2321219.4376600003,396395.38694,-2819.04506,-177212275.9621,189752268.23714,24.666666666666668,3.0,12.0,5e-05,62876.0,62900.0,3.034e-05,62873.2,11.0,0.04463636363636364,0.18181818181818182,0.18181818181818182,183021531699.8318,71861261870.658,65.0,85.0,28.0,47.0,70.0,39.0,85.0,58.0,11.0,96.0,48.0,32.0,51.0,34,Fear,4368.81,-3.7500000000000003e-05,-1.784e-05,-26.5,True,23,6,1,us,-0.0003338924707247948,-8.673617379884035e-19,0.5
BTC,1786924800,1786928340.0,62889.5,62889.4,62914.6,-0.0003910062,1.25e-05,44508.92246,736320091.6724619,62888.0,62889.0,1627.46676,4783024.75857,-2792.0576,-175604590.95303,188149205.35665,24.666666666666668,3.0,12.0,3.818e-05,62887.3,62917.54,6.56e-06,62880.1,0.0,,,,182983055984.286,71742047486.13794,63.0,87.0,27.0,57.0,61.0,42.0,98.0,60.0,15.0,94.0,50.0,34.0,72.0,31,Fear,4397.91,-2.5679999999999998e-05,5.940000000000001e-06,-28.040000000000873,True,0,0,0,asia,0.0002544792321088618,7.047314121155779e-19,0.5
BTC,1786928400,1786931940.0,63077.5,63080.0,63110.9,-0.0005213046,9.4327e-06,44422.59268,925290582.3745805,63077.0,63078.0,606799.4143599999,1504617.25417,-2645.3649699999996,-166913036.1719,190030400.91578,24.666666666666668,5.0,10.0,3.818e-05,63084.0,63116.12,6.56e-06,63079.0,0.0,,,,182983055984.286,71742047486.13794,53.0,77.0,29.0,52.0,58.0,37.0,95.0,54.0,16.0,87.0,45.0,17.0,98.0,31,Fear,4392.59,-2.8747299999999995e-05,2.8727000000000005e-06,-38.62000000000262,True,1,0,0,asia,0.0029893702446355253,5.204170427930421e-18,0.25
BTC,1786932000,1786935540.0,63366.5,63366.7,63397.9,-0.0004873978,1.09165e-05,44435.92974,1038471998.9300214,63366.0,63367.0,780179.91775,1148807.97333,-2612.15267,-165573271.40685,194353027.50607002,24.666666666666668,5.0,10.0,3.818e-05,63382.7,63403.34,6.56e-06,63376.3,13.0,0.35386153846153845,0.5384615384615384,0.07692307692307693,182983055984.286,71742047486.13794,54.0,78.0,27.0,48.0,38.0,45.0,78.0,58.0,17.0,86.0,49.0,28.0,94.0,31,Fear,4390.38,-2.7263499999999997e-05,4.3565e-06,-36.83999999999651,True,2,0,0,asia,0.00458166541159688,7.806255641895632e-18,0.25
BTC,1786935600,1786939140.0,63395.5,63400.0,63428.0,-0.000504509,8.2852e-06,44501.16018,1087004978.7515726,63399.0,63400.0,5777019.33791,325929.43719,-2585.1822,-163998045.15744,196096804.54846,24.666666666666668,5.0,10.0,3.818e-05,63409.8,63429.21,6.56e-06,63399.9,0.0,,,,182983055984.286,71742047486.13794,51.0,75.0,29.0,55.0,57.0,40.0,66.0,61.0,8.0,85.0,46.0,40.0,81.0,31,Fear,4395.71,-2.9894799999999997e-05,1.7252e-06,-33.70999999999913,True,3,0,0,asia,0.00045765507010808726,7.047314121155779e-19,0.75
BTC,1786939200,1786942740.0,63507.5,63510.8,63541.2,-0.0004957413,7.6361e-06,44579.53762,1132390119.3856006,63507.0,63508.0,2528798.30514,161059.13285,-2550.00859,-162006106.00244,197668410.84626,24.666666666666668,5.0,10.0,3.818e-05,63512.3,63532.44,6.56e-06,63517.8,0.0,,,,182983055984.286,71742047486.13794,54.0,71.0,49.0,50.0,49.0,42.0,62.0,61.0,9.0,76.0,42.0,26.0,69.0,31,Fear,4388.96,-3.05439e-05,1.0760999999999997e-06,-24.94000000000233,True,4,0,0,asia,0.0017666869099541849,2.3852447794681098e-18,1.0
BTC,1786942800,1786946340.0,63488.5,63488.0,63520.0,-0.0004880353,4.7265e-06,44655.1429,1147741432.682479,63488.0,63489.0,704666.2398699999,1274037.79513,-2490.43101,-158134713.939767,199382457.79687297,24.666666666666668,5.0,10.0,3.818e-05,63488.0,63520.18,6.56e-06,63485.2,6.0,0.07701666666666666,0.5,0.3333333333333333,182983055984.286,71742047486.13794,50.0,69.0,29.0,40.0,35.0,39.0,58.0,69.0,9.0,71.0,40.0,36.0,56.0,31,Fear,4392.34,-3.3453499999999994e-05,-1.8334999999999995e-06,-31.68000000000029,True,5,0,0,asia,-0.00029917726252803867,-4.87890977618477e-19,1.0
BTC,1786946400,1786949880.0,63634.5,63634.0,63662.0,-0.0004241149,2.362e-07,45119.29398,1223580964.3460824,63634.0,63635.0,1923091.8949799999,259508.60846000005,-2411.23904,-153389815.62673998,201780251.41284,24.666666666666668,6.0,9.0,3.818e-05,63633.1,63667.99,6.56e-06,63633.9,0.0,,,,182983055984.286,71742047486.13794,50.0,64.0,43.0,36.0,33.0,37.0,52.0,63.0,7.0,67.0,39.0,32.0,54.0,31,Fear,4399.98,-3.7943799999999994e-05,-6.3237999999999995e-06,-33.48999999999796,True,6,0,0,asia,0.0022996290666814634,3.469446951953614e-18,0.25
BTC,1786950000,1786953540.0,63492.5,63493.0,63525.1,-0.0005053121,1.1236e-06,45274.9821,1241553979.9987974,63492.0,63493.0,1389259.10707,3338.5284,-2361.63284,-150014810.59137,204633032.53767002,24.666666666666668,6.0,9.0,3.818e-05,63493.5,63514.45,6.56e-06,63502.0,0.0,,,,182983055984.286,71742047486.13794,52.0,61.0,33.0,40.0,31.0,39.0,53.0,63.0,9.0,66.0,35.0,30.0,50.0,31,Fear,4404.24,-3.70564e-05,-5.4364e-06,-21.94999999999709,True,7,0,0,asia,-0.0022314939223220254,-3.903127820947816e-18,0.5
BTC,1786953600,1786957140.0,63350.5,63351.0,63381.0,-0.000473328,3.7078e-06,45185.6704,1279781268.8256457,63350.0,63351.0,753084.1357799999,1304476.56855,-2325.86358,-147410982.86323,206402990.83333,24.666666666666668,6.0,9.0,7.131e-05,63350.1,63380.84,6.25e-05,63352.0,7.0,0.2634142857142857,0.42857142857142855,0.14285714285714285,182983055984.286,71742047486.13794,45.0,57.0,29.0,39.0,30.0,36.0,51.0,53.0,9.0,68.0,37.0,14.0,49.0,31,Fear,4393.59,-6.760220000000001e-05,-5.87922e-05,-30.339999999996508,True,8,0,0,europe,-0.0022364846241682557,-3.0357660829594124e-18,1.0
BTC,1786957200,1786960740.0,63282.5,63282.0,63318.1,-0.0005543439,-9.839e-07,45261.28628,1295284014.9705813,63282.0,63283.0,1457744.63878,444877.39787000004,-2322.22112,-146938541.368,206294132.2115,24.666666666666668,6.0,9.0,7.131e-05,63290.1,63323.96,6.25e-05,63290.9,8.0,0.07147499999999998,0.375,0.25,182983055984.286,71742047486.13794,46.0,59.0,24.0,36.0,30.0,34.0,51.0,55.0,8.0,71.0,39.0,31.0,47.0,31,Fear,4393.77,-7.22939e-05,-6.34839e-05,-41.45999999999913,True,9,0,0,europe,-0.001073393264457212,-1.0842021724855044e-18,0.25
BTC,1786960800,1786964340.0,63658.5,63659.4,63694.3,-0.0005542097,7.425e-07,45372.1727999999,1341647672.1933103,63639.0,63640.0,1171658.87682,3048625.2791899997,-2313.0151699999997,-147056334.898831,207863499.316361,24.666666666666668,6.0,9.0,7.131e-05,63661.9,63692.21,6.25e-05,63661.1,11.0,-0.14935454545454546,0.09090909090909091,0.36363636363636365,182983055984.286,71742047486.13794,52.0,66.0,25.0,42.0,22.0,38.0,51.0,61.0,8.0,74.0,43.0,26.0,54.0,31,Fear,4398.32,-7.056750000000001e-05,-6.17575e-05,-33.70999999999913,True,10,0,0,europe,0.005941611029905536,6.071532165918825e-18,0.5
BTC,1786964400,1786967940.0,63569.5,63571.0,63606.0,-0.0005659843,2.8531e-06,44864.32608,1379181458.489312,63569.0,63570.0,649941.04698,1184541.19334,-2342.82365,-149019925.21315998,206068591.7453,24.666666666666668,6.0,9.0,7.131e-05,63600.0,63631.1,6.25e-05,63594.9,5.0,0.18182,0.2,0.0,182983055984.286,71742047486.13794,52.0,74.0,29.0,40.0,44.0,33.0,57.0,60.0,7.0,73.0,40.0,41.0,57.0,31,Fear,4396.72,-6.84569e-05,-5.96469e-05,-61.599999999998545,True,11,0,0,europe,-0.0013980850946849754,-1.0842021724855044e-18,0.75
BTC,1786968000,1786971540.0,63540.5,63540.0,63572.1,-0.0004892083,-2.9804e-06,45155.58126,1402827917.9814467,63540.0,63541.0,13933.601869999999,3218833.7048400003,-2237.58652,-142196628.408705,212468145.50784302,24.666666666666668,6.0,9.0,7.131e-05,63526.6,63554.69,6.25e-05,63520.6,11.0,0.28351818181818184,0.6363636363636364,0.09090909090909091,182983055984.286,71742047486.13794,59.0,90.0,43.0,47.0,0.0,37.0,58.0,88.0,0.0,79.0,41.0,0.0,55.0,31,Fear,4383.9,-7.429040000000001e-05,-6.54804e-05,-14.190000000002328,True,12,0,0,europe,-0.0004561936148624879,-4.336808689942018e-19,1.0
BTC,1786971600,1786975080.0,63635.5,63636.0,63665.0,-0.0004555093,5.439e-07,45041.36506,1479352521.0089717,63635.0,63636.0,674118.76624,1001864.22465,-2210.12976,-140568926.49103,213678681.65269,24.666666666666668,6.0,9.0,7.131e-05,63691.9,63713.92,6.25e-05,63689.7,24.0,0.2208375,0.375,0.041666666666666664,182983055984.286,71742047486.13794,,,,,,,,,,,,,,31,Fear,4393.75,-7.07661e-05,-6.195610000000001e-05,-78.41999999999825,True,13,0,0,us,0.0014951094184023628,1.0842021724855044e-18,0.5
BTC,1786975200,1786977360.0,63592.5,63593.0,63629.2,-0.0005154866,-2.8988e-06,45229.3278,1482421901.7007408,63592.0,63593.0,4039284.8293,2309.84015,-2187.91722,-139174144.10548002,215136009.4658,24.666666666666668,6.0,9.0,7.131e-05,,,6.25e-05,,0.0,,,,182983055984.286,71742047486.13794,,,,,,,,,,,,,,31,Fear,,-7.420880000000001e-05,-6.53988e-05,,True,14,0,0,us,-0.0006757234562468906,-5.421010862427522e-19,0.75
ETH,1785574800,1785578280.0,1867.35,1867.5,1868.6,-0.000642192,8.3829e-06,950646.6470000006,600542259.72403,1867.3,1867.4,4077009.05478,658230.2904,-187306.4729,-349751260.872578,365087117.101278,17.0625,3.0,13.0,,,,,,0.0,,,,183652403590.57578,71919740829.19958,,,,,,,,,,,,,,27,Fear,,,,,True,9,5,1,europe,,,
ETH,1785578400,1785581940.0,1865.95,1865.9,1867.1,-0.0005891489,4.7711e-06,963506.5442000009,585555715.5910388,1865.9,1866.0,1416905.30415,2344495.58862,-185085.3005,-345480221.91330004,363677292.04806,17.0625,3.0,13.0,,1866.45,1867.35,,1866.32,27.0,0.018962962962962966,0.3333333333333333,0.25925925925925924,183652403590.57578,71919740829.19958,,,,,,,,,,,,,,27,Fear,4046.23,,,-1.3999999999998636,True,10,5,1,europe,-0.0007497255468978947,,0.75
ETH,1785582000,1785582600.0,1865.45,1865.56,1866.49,-0.0004929038,8.1126e-06,963101.2024000031,582372712.2236954,1865.4,1865.5,1164935.09634,1632654.57063,-184410.6878,-344013241.77755,363379768.413304,17.0625,3.0,13.0,,1866.17,1866.9,,1866.0,0.0,,,,183652403590.57578,71919740829.19958,,,,,,,,,,,,,,27,Fear,4046.57,,,-1.4500000000000455,True,11,5,1,europe,-0.000267960020364999,,0.5
ETH,1785585600,,,,,,,,,,,,,,,,,,,,1868.35,1869.06,,1868.09,0.0,,,,183652403590.57578,71919740829.19958,,,,,,,,,,,,,,27,Fear,4047.07,,,,False,12,5,1,europe,,,
ETH,1785589200,1785592680.0,1868.45,1868.5,1869.4,-0.0004332941,6.4273e-06,962312.7256000004,445230044.52107954,1868.4,1868.5,1905351.54524,1906903.28465,-184381.1784,-344415557.596811,363654935.958129,17.0625,3.0,13.0,,1868.36,1869.28,,1868.3,18.0,-0.11747777777777776,0.2222222222222222,0.4444444444444444,183652403590.57578,71919740829.19958,,,,,,,,,,,,,,27,Fear,4046.64,,,-0.8299999999999272,True,13,5,1,us,,,
ETH,1785592800,1785596280.0,1872.05,1872.0,1872.93,-0.0004431559,1.8383e-06,962078.8303999999,332617000.4520499,1872.0,1872.1,1447611.51417,1870897.5837599998,-183846.9767,-344051232.19638,363391838.67258,17.0625,3.0,13.0,,1874.32,1875.18,,1874.45,25.0,0.115024,0.4,0.32,183652403590.57578,71919740829.19958,,,,,,,,,,,,,,27,Fear,4046.32,,,-3.130000000000109,True,14,5,1,us,0.0019267307126227262,,1.0
ETH,1785596400,1785599880.0,1869.95,1869.9,1870.8,-0.0004276245,9.855e-07,960786.0871999998,279101873.6308698,1869.9,1870.0,457719.35468999995,3522563.0614899998,-182944.3721,-342105975.827,361662193.849,17.0625,3.0,13.0,,1869.2,1870.09,,1869.36,23.0,0.020965217391304355,0.34782608695652173,0.2608695652173913,183652403590.57578,71919740829.19958,,,,,,,,,,,,,,27,Fear,4045.44,,,-0.13999999999987267,True,15,5,1,us,-0.001121764910125167,,0.5
ETH,1785600000,1785603540.0,1867.85,1867.89,1868.78,-0.0004708955,8.7003e-06,959465.2254,237962450.03812042,1867.8,1867.9,2730005.8820700003,2104737.70609,-182947.47629999998,-341641023.85971403,361047637.134534,17.0625,3.0,13.0,5.777e-05,1867.93,1868.79,4.746e-05,1868.11,39.0,0.1767128205128205,0.4358974358974359,0.3076923076923077,183652403590.57578,71919740829.19958,,,,,,,,,,,,,,27,Fear,4042.7,-4.9069699999999995e-05,-3.87597e-05,-0.9400000000000546,True,16,5,1,us,-0.0011230246798042964,,0.75
ETH,1785603600,1785606360.0,1860.75,1860.65,1861.44,-0.0003438198,1.22903e-05,949455.9714,232406061.81836993,1860.7,1860.8,646872.0832,4545683.98543,-184844.0118,-344147478.93052,360079593.81136,17.0625,3.0,13.0,5.777e-05,1861.19,1862.07,4.746e-05,1860.93,0.0,,,,183652403590.57578,71919740829.19958,,,,,,,,,,,,,,27,Fear,4042.0,-4.54797e-05,-3.51697e-05,-1.3199999999999363,True,17,5,1,us,-0.003801161763524852,,0.75
ETH,1785607200,1785610680.0,1835.45,1835.42,1836.4,-0.0004900893,1.9856e-06,922960.0894000005,344893195.17436075,1835.4,1835.5,419833.27297,3829443.16319,-181599.4688,-333319239.766166,349735939.824442,17.0625,3.0,13.0,5.777e-05,1835.75,1836.81,4.746e-05,1835.64,18.0,0.08222222222222222,0.5,0.2777777777777778,183652403590.57578,71919740829.19958,,,,,,,,,,,,,,27,Fear,4039.2,-5.5784399999999994e-05,-4.5474400000000006e-05,-1.3599999999999,True,18,5,1,us,-0.013596668010210866,,0.25
ETH,1785610800,1785614280.0,1836.85,1836.9,1837.76,-0.000467961,4.1749e-06,930126.0285999995,361320717.2299298,1836.8,1836.9,630709.60236,2975937.5558100007,-180713.1325,-331933881.776,348482471.86368,17.0625,3.0,13.0,5.777e-05,1836.48,1837.3,4.746e-05,1836.33,27.0,0.1547,0.4074074074074074,0.18518518518518517,183652403590.57578,71919740829.19958,85.0,79.0,43.0,41.0,58.0,46.0,,70.0,,,,37.0,,27,Fear,4048.26,-5.35951e-05,-4.32851e-05,-0.4500000000000455,True,19,5,1,us,0.0007627557274783037,,0.75
ETH,1785614400,1785614640.0,1837.15,1837.5,1838.43,-0.0005058664,2.1604e-06,929994.7475999999,362378954.95804,1837.1,1837.2,3987299.08406,99416.94428,-180734.7176,-332125713.96135,348686070.192242,17.0625,4.0,12.0,5.777e-05,1837.48,1838.41,4.746e-05,1837.5,41.0,0.09345609756097562,0.36585365853658536,0.2682926829268293,183652403590.57578,71919740829.19958,89.0,91.0,44.0,49.0,40.0,45.0,,78.0,65.0,,75.0,41.0,45.0,27,Fear,4048.73,-5.56096e-05,-4.52996e-05,-1.259999999999991,True,20,5,1,us,0.00016332308027333653,,0.25
ETH,1785618000,,,,,,,,,,,,,,,,,,,5.777e-05,1844.9,1845.78,4.746e-05,1844.74,0.0,,,,183652403590.57578,71919740829.19958,93.0,95.0,42.0,55.0,38.0,46.0,56.0,100.0,38.0,95.0,69.0,49.0,43.0,27,Fear,4049.06,,,,False,21,5,1,us,,,
ETH,1785621600,,,,,,,,,,,,,,,,,,,5.777e-05,1846.46,1847.28,4.746e-05,1846.43,0.0,,,,183652403590.57578,71919740829.19958,96.0,94.0,49.0,54.0,64.0,52.0,59.0,91.0,48.0,93.0,85.0,45.0,44.0,27,Fear,4049.37,,,,False,22,5,1,us,,,
ETH,1785625200,,,,,,,,,,,,,,,,,,,5.777e-05,1844.17,1844.94,4.746e-05,1843.92,0.0,,,,183652403590.57578,71919740829.19958,96.0,95.0,52.0,51.0,47.0,49.0,61.0,88.0,48.0,94.0,90.0,45.0,45.0,27,Fear,4048.4,,,,False,23,5,1,us,,,
ETH,1785628800,,,,,,,,,,,,,,,,,,,2.775e-05,1846.06,1846.69,3.61e-06,1845.75,0.0,,,,183318565748.8414,71956259992.25401,100.0,94.0,56.0,51.0,86.0,65.0,66.0,100.0,46.0,91.0,94.0,28.0,72.0,27,Fear,4050.06,,,,False,0,6,1,asia,,,
ETH,1785632400,1785633780.0,1853.05,1853.2,1854.5,-0.0007549205,-3.0322e-06,952239.8404,401337468.3152893,1853.0,1853.1,3480116.45092,1554128.48329,-167037.713,-311594952.83011997,339484369.70444,17.0625,4.0,12.0,2.775e-05,1856.29,1857.09,3.61e-06,1856.19,0.0,,,,183318565748.8414,71956259992.25401,96.0,99.0,56.0,54.0,50.0,53.0,70.0,92.0,65.0,84.0,96.0,39.0,93.0,27,Fear,4053.31,-3.07822e-05,-6.6422000000000005e-06,-4.039999999999964,True,1,6,1,asia,,,
ETH,1785636000,,,,,,,,,,,,,,,,,,,2.775e-05,1876.2,1876.9,3.61e-06,1876.21,0.0,,,,183318565748.8414,71956259992.25401,100.0,100.0,100.0,48.0,59.0,53.0,56.0,80.0,100.0,84.0,89.0,33.0,87.0,27,Fear,4056.98,,,,False,2,6,1,asia,,,
ETH,1785639600,,,,,,,,,,,,,,,,,,,2.775e-05,1876.61,1877.43,3.61e-06,1876.67,0.0,,,,183318565748.8414,71956259992.25401,86.0,91.0,85.0,46.0,43.0,58.0,48.0,74.0,53.0,80.0,93.0,23.0,82.0,27,Fear,4059.66,,,,False,3,6,1,asia,,,
ETH,1785643200,,,,,,,,,,,,,,,,,,,2.775e-05,1880.23,1881.22,3.61e-06,1880.15,0.0,,,,183318565748.8414,71956259992.25401,89.0,86.0,79.0,38.0,40.0,58.0,42.0,73.0,41.0,76.0,88.0,23.0,66.0,27,Fear,4061.0,,,,False,4,6,1,asia,,,
ETH,1785646800,1785649620.0,1874.55,1874.6,1875.62,-0.0004691782,-4.2456e-06,963781.2139999998,500381569.0464402,1874.6,1874.7,1754003.17078,1329980.14621,-161628.16389999999,-302930056.528552,338725735.572204,17.0625,3.0,13.0,2.775e-05,1875.67,1876.33,3.61e-06,1875.39,29.0,0.13375172413793104,0.3793103448275862,0.27586206896551724,183318565748.8414,71956259992.25401,86.0,83.0,78.0,36.0,54.0,53.0,39.0,73.0,54.0,76.0,77.0,24.0,51.0,27,Fear,4061.01,-3.19956e-05,-7.8556e-06,-1.7799999999999727,True,5,6,1,asia,,,
ETH,1785650400,,,,,,,,,,,,,,,,,,,2.775e-05,1876.72,1877.54,3.61e-06,1876.78,0.0,,,,183318565748.8414,71956259992.25401,89.0,78.0,62.0,36.0,0.0,48.0,36.0,75.0,51.0,74.0,70.0,26.0,50.0,27,Fear,4060.55,,,,False,6,6,1,asia,,,
ETH,1785654000,,,,,,,,,,,,,,,,,,,2.775e-05,1875.32,1876.1,3.61e-06,1875.26,0.0,,,,183318565748.8414,71956259992.25401,82.0,73.0,61.0,34.0,0.0,46.0,35.0,80.0,43.0,66.0,65.0,28.0,55.0,27,Fear,4059.7,,,,False,7,6,1,asia,,,
ETH,1785657600,1785661140.0,1866.75,1866.9,1867.78,-0.000321237,1.25e-05,954269.0222,547175672.4032193,1867.1,1867.2,3657992.87739,864168.99349,-164248.3644,-306960203.897759,335128929.639089,17.0625,3.0,13.0,5.607e-05,1867.34,1868.2,7.8e-05,1867.34,13.0,-0.021923076923076917,0.23076923076923078,0.38461538461538464,183318565748.8414,71956259992.25401,81.0,59.0,64.0,33.0,25.0,48.0,29.0,72.0,42.0,61.0,70.0,25.0,50.0,27,Fear,4059.65,-4.357e-05,-6.549999999999999e-05,-1.4500000000000455,True,8,6,1,europe,,,
ETH,1785661200,1785664740.0,1870.35,1870.3,1871.1,-0.0003741115,1.24605e-05,954121.7885999996,552699634.3420993,1870.3,1870.4,330543.88032,3209344.83192,-164443.4377,-307575005.87408,335234745.17456,17.0625,3.0,13.0,5.607e-05,1870.21,1870.95,7.8e-05,1870.06,12.0,0.35065833333333335,0.6666666666666666,0.25,183318565748.8414,71956259992.25401,77.0,59.0,53.0,32.0,40.0,43.0,30.0,65.0,53.0,60.0,65.0,19.0,50.0,27,Fear,4059.84,-4.3609499999999996e-05,-6.553949999999999e-05,-0.6000000000001364,True,9,6,1,europe,0.0019284853354759601,,0.75
ETH,1785664800,1785668340.0,1868.05,1868.1,1868.8,-0.0003745719,5.5272e-06,955292.7344000003,545546887.2294598,1868.0,1868.1,523649.91508,4075460.96165,-164326.5348,-306967320.66525996,334431885.8622,17.0625,3.0,13.0,5.607e-05,1867.76,1868.75,7.8e-05,1867.62,9.0,0.36412222222222224,0.5555555555555556,0.1111111111111111,183318565748.8414,71956259992.25401,75.0,64.0,50.0,32.0,37.0,40.0,32.0,63.0,39.0,57.0,63.0,19.0,53.0,27,Fear,4059.74,-5.054279999999999e-05,-7.24728e-05,-0.7000000000000455,True,10,6,1,europe,-0.001229716363247535,,1.0
ETH,1785668400,1785671880.0,1850.35,1850.4,1851.4,-0.0005401318,-2.3021e-06,966850.1684,579864305.018229,1850.5,1850.6,918838.03423,1110903.57368,-163445.31829999998,-302663323.157688,330681064.347188,17.0625,3.0,13.0,5.607e-05,1851.75,1852.58,7.8e-05,1851.6,18.0,0.12161666666666665,0.4444444444444444,0.3333333333333333,183318565748.8414,71956259992.25401,78.0,68.0,55.0,33.0,0.0,37.0,38.0,51.0,45.0,65.0,54.0,20.0,58.0,27,Fear,4059.64,-5.8372099999999996e-05,-8.03021e-05,-2.230000000000018,True,11,6,1,europe,-0.009475121115601892,,0.25
ETH,1785672000,1785675480.0,1855.85,1855.9,1856.67,-0.000414721,1.25e-05,946870.0607999997,626576309.8829405,1855.8,1855.9,1551964.8162600002,1717846.37843,-164796.4031,-306037132.660018,329903718.247738,17.0625,3.0,13.0,5.607e-05,1855.98,1857.06,7.8e-05,1855.91,8.0,-0.04581249999999999,0.375,0.375,183318565748.8414,71956259992.25401,73.0,74.0,47.0,30.0,25.0,41.0,43.0,55.0,37.0,63.0,52.0,23.0,62.0,27,Fear,4060.16,-4.357e-05,-6.549999999999999e-05,-1.2100000000000364,True,12,6,1,europe,0.0029724106250168525,,0.75
ETH,1785675600,1785679140.0,1855.45,1855.3,1856.1,-0.0003232584,1.1904e-05,946321.2924,629347618.1079292,1855.4,1855.5,463090.43463000003,2273538.15036,-165281.5394,-306597255.587,329209770.14100003,17.0625,3.0,13.0,5.607e-05,1853.96,1854.89,7.8e-05,1854.07,10.0,-0.11659,0.2,0.5,183318565748.8414,71956259992.25401,75.0,66.0,46.0,31.0,29.0,34.0,44.0,46.0,44.0,69.0,50.0,17.0,57.0,27,Fear,4060.09,-4.4166e-05,-6.6096e-05,0.5599999999999454,True,13,6,1,us,-0.00021553466066759341,,0.25
ETH,1785679200,1785682740.0,1854.35,1854.36,1855.3,-0.0004850967,1.25e-05,946629.6460000006,629150717.3531399,1854.3,1854.4,1458637.5197700001,1636244.5854700003,-165765.7992,-307382096.877918,328854668.747174,17.0625,3.0,13.0,5.607e-05,1854.0,1854.94,7.8e-05,1853.93,9.0,0.1572,0.4444444444444444,0.3333333333333333,183318565748.8414,71956259992.25401,72.0,65.0,48.0,30.0,30.0,34.0,45.0,39.0,39.0,73.0,55.0,21.0,65.0,27,Fear,4060.25,-4.357e-05,-6.549999999999999e-05,-0.5900000000001455,True,14,6,1,us,-0.0005928480961492344,,0.75
ETH,1785682800,1785686280.0,1857.45,1857.4,1858.3,-0.000430501,1.25e-05,943470.4648000005,654261658.7881901,1857.4,1857.5,3810976.7178999996,846506.61222,-167069.6095,-310366321.08365,329612277.73903,17.0625,3.0,13.0,5.607e-05,1857.77,1858.82,7.8e-05,1857.78,9.0,0.060466666666666655,0.3333333333333333,0.3333333333333333,183318565748.8414,71956259992.25401,70.0,62.0,47.0,36.0,24.0,35.0,45.0,44.0,38.0,74.0,49.0,25.0,85.0,27,Fear,4060.6,-4.357e-05,-6.549999999999999e-05,-1.3699999999998909,True,15,6,1,us,0.0016717448162428816,,1.0
ETH,1785686400,1785689880.0,1862.65,1862.6,1863.4,-0.0003756574,1.25e-05,945377.8236000001,658603316.1645001,1862.6,1862.7,2594005.5684399996,1226561.34467,-167737.8127,-312558821.644128,330858986.44424,17.0625,3.0,13.0,1.434e-05,1862.37,1863.13,-1.5e-07,1862.18,28.0,-0.021292857142857134,0.2857142857142857,0.32142857142857145,183318565748.8414,71956259992.25401,70.0,64.0,44.0,33.0,40.0,34.0,45.0,46.0,49.0,75.0,57.0,25.0,78.0,27,Fear,4063.09,-1.8399999999999993e-06,1.2650000000000001e-05,-0.4800000000000182,True,16,6,1,us,0.0027995369996500763,,0.75
ETH,1785690000,1785693540.0,1868.35,1868.3,1869.07,-0.000358467,1.25e-05,946708.2418000004,632301046.1491498,1868.3,1868.4,2692674.22129,1617802.75341,-168503.9183,-314799020.16806,332349046.4023,17.0625,3.0,13.0,1.434e-05,1867.79,1868.65,-1.5e-07,1867.74,12.0,-0.013183333333333333,0.3333333333333333,0.4166666666666667,183318565748.8414,71956259992.25401,74.0,68.0,50.0,35.0,38.0,37.0,48.0,52.0,52.0,80.0,62.0,23.0,58.0,27,Fear,4067.47,-1.8399999999999993e-06,1.2650000000000001e-05,-0.3000000000001819,True,17,6,1,us,0.0030601562290284434,,1.0
ETH,1785693600,1785697140.0,1875.15,1875.1,1875.8,-0.0003198635,1.25e-05,947072.2240000007,510615857.7604097,1875.1,1875.2,3412856.3407699997,1148685.2170700002,-169473.4047,-317830423.17438,334260602.28166,17.0625,3.0,13.0,1.434e-05,1875.16,1875.86,-1.5e-07,1875.04,27.0,0.2503777777777778,0.5925925925925926,0.2222222222222222,183318565748.8414,71956259992.25401,80.0,71.0,62.0,36.0,54.0,42.0,46.0,53.0,51.0,81.0,66.0,24.0,51.0,27,Fear,4066.6,-1.8399999999999993e-06,1.2650000000000001e-05,-0.709999999999809,True,18,6,1,us,0.0036395750260926896,,0.75
ETH,1785697200,1785700680.0,1881.45,1881.4,1882.2,-0.0003719052,1.25e-05,949029.3214000005,490584357.0363094,1881.4,1881.5,3787820.52013,576467.0858700001,-169833.0823,-319523529.49549997,335903421.11162,17.0625,3.0,13.0,1.434e-05,1881.39,1882.2,-1.5e-07,1881.33,20.0,0.218345,0.45,0.2,183318565748.8414,71956259992.25401,91.0,70.0,72.0,38.0,27.0,43.0,48.0,65.0,52.0,84.0,66.0,21.0,49.0,27,Fear,4066.03,-1.8399999999999993e-06,1.2650000000000001e-05,-0.75,True,19,6,1,us,0.003359731221502349,,0.75
ETH,1785700800,1785704340.0,1883.25,1883.3,1884.05,-0.0003980786,1.25e-05,950086.1320000003,475378352.61851037,1883.2,1883.3,1710495.68774,1691987.47869,-170032.7636,-320319190.20615,336252821.21035004,17.0625,3.0,13.0,1.434e-05,1883.04,1883.78,-1.5e-07,1882.7,26.0,0.18197692307692306,0.5,0.2692307692307692,183318565748.8414,71956259992.25401,87.0,77.0,71.0,43.0,34.0,43.0,51.0,67.0,60.0,83.0,75.0,26.0,45.0,27,Fear,4067.8,-1.8399999999999993e-06,1.2650000000000001e-05,-0.5299999999999727,True,20,6,1,us,0.0009567089213107227,,1.0
ETH,1785704400,1785706560.0,1888.65,1888.6,1889.4,-0.0002540489,1.25e-05,957676.8494000002,476692490.12729037,1888.7,1888.8,2950963.70391,384930.51755000005,-170727.384,-322249071.49113,336337807.06295,17.0625,3.0,13.0,1.434e-05,1889.74,1890.43,-1.5e-07,1889.7,44.0,0.126725,0.38636363636363635,0.29545454545454547,183318565748.8414,71956259992.25401,86.0,84.0,78.0,47.0,29.0,50.0,53.0,69.0,44.0,91.0,83.0,28.0,44.0,27,Fear,4073.16,-1.8399999999999993e-06,1.2650000000000001e-05,-1.7799999999999727,True,21,6,1,us,0.0028673835125447855,,0.75
ETH,1785708000,,,,,,,,,,,,,,,,,,,1.434e-05,1881.3,1882.11,-1.5e-07,1881.15,0.0,,,,183318565748.8414,71956259992.25401,94.0,83.0,80.0,47.0,47.0,51.0,67.0,86.0,48.0,96.0,92.0,26.0,44.0,27,Fear,4063.57,,,,False,22,6,1,us,,,
ETH,1785711600,,,,,,,,,,,,,,,,,,,1.434e-05,1884.37,1885.36,-1.5e-07,1884.48,0.0,,,,183318565748.8414,71956259992.25401,94.0,82.0,90.0,49.0,41.0,51.0,69.0,92.0,62.0,95.0,93.0,31.0,45.0,27,Fear,4072.23,,,,False,23,6,1,us,,,
ETH,1785715200,,,,,,,,,,,,,,,,,,,0.0001,1873.02,1873.87,5.325e-05,1872.97,0.0,,,,183294244405.26926,71925700747.55423,98.0,83.0,95.0,46.0,80.0,56.0,71.0,90.0,58.0,94.0,93.0,26.0,71.0,28,Fear,4054.83,,,,False,0,0,0,asia,,,
ETH,1785718800,1785720300.0,1871.55,1871.6,1872.5,-0.0004806409,5.9441e-06,952889.5964,530013189.3540602,1871.6,1871.7,2868753.35716,366963.46637,-170191.433,-318540941.71355104,331299247.005955,17.0625,3.0,13.0,0.0001,1866.38,1867.19,5.325e-05,1866.13,18.0,0.2399777777777778,0.3888888888888889,0.05555555555555555,183294244405.26926,71925700747.55423,83.0,82.0,61.0,45.0,60.0,32.0,74.0,77.0,55.0,86.0,60.0,24.0,100.0,28,Fear,4054.43,-9.40559e-05,-4.73059e-05,4.3599999999999,True,1,0,0,asia,,,
ETH,1785722400,,,,,,,,,,,,,-169929.6916,-317545365.174624,330732565.031232,17.0625,3.0,13.0,0.0001,1863.41,1864.51,5.325e-05,1863.24,21.0,0.1900047619047619,0.5714285714285714,0.2857142857142857,183294244405.26926,71925700747.55423,81.0,80.0,55.0,48.0,46.0,33.0,63.0,67.0,55.0,83.0,59.0,23.0,93.0,28,Fear,4059.55,,,,False,2,0,0,asia,,,
ETH,1785726000,,,,,,,,,,,,,,,,,,,0.0001,1856.18,1857.22,5.325e-05,1856.18,0.0,,,,183294244405.26926,71925700747.55423,86.0,79.0,86.0,58.0,40.0,82.0,55.0,94.0,61.0,81.0,97.0,29.0,75.0,28,Fear,4061.61,,,,False,3,0,0,asia,,,
ETH,1785729600,,,,,,,,,,,,,,,,,,,0.0001,1854.01,1854.97,5.325e-05,1853.91,0.0,,,,183294244405.26926,71925700747.55423,92.0,81.0,100.0,59.0,10.0,92.0,49.0,78.0,63.0,78.0,100.0,29.0,65.0,28,Fear,4061.14,,,,False,4,0,0,asia,,,
ETH,1785733200,1785736260.0,1859.05,1859.0,1859.61,-0.0002742511,6.0023e-06,947260.9954000001,497043017.11532015,1859.0,1859.1,728326.57305,3040976.5779399998,-170282.6291,-316672916.53727,329807966.85100996,17.0625,3.0,13.0,0.0001,1858.87,1859.88,5.325e-05,1858.74,0.0,,,,183294244405.26926,71925700747.55423,91.0,77.0,81.0,54.0,6.0,75.0,48.0,70.0,49.0,70.0,92.0,31.0,54.0,28,Fear,4065.01,-9.399770000000001e-05,-4.72477e-05,-0.8300000000001546,True,5,0,0,asia,,,
ETH,1785736800,,,,,,,,,,,,,,,,,,,0.0001,1848.24,1849.28,5.325e-05,1848.43,0.0,,,,183294244405.26926,71925700747.55423,89.0,64.0,83.0,38.0,10.0,52.0,42.0,62.0,40.0,66.0,80.0,24.0,48.0,28,Fear,4061.51,,,,False,6,0,0,asia,,,
ETH,1785740400,1785740760.0,1846.55,1846.6,1847.5,-0.0004871448,2.1687e-06,945201.5636000005,515235820.24550927,1846.5,1846.6,4717891.281520001,473520.91914,-170733.7034,-315277865.53145003,327439259.02859,17.0625,3.0,13.0,0.0001,1843.0,1843.97,5.325e-05,1843.12,0.0,,,,183294244405.26926,71925700747.55423,83.0,60.0,80.0,39.0,11.0,57.0,42.0,66.0,44.0,63.0,74.0,23.0,48.0,28,Fear,4058.76,-9.78313e-05,-5.10813e-05,2.5799999999999272,True,7,0,0,asia,,,
ETH,1785744000,,,,,,,,,,,,,,,,,,,-8.69e-06,1839.42,1840.32,-2.524e-05,1839.2,0.0,,,,183294244405.26926,71925700747.55423,81.0,59.0,71.0,43.0,0.0,65.0,41.0,67.0,30.0,59.0,72.0,14.0,50.0,28,Fear,4056.67,,,,False,8,0,0,europe,,,
ETH,1785747600,,,,,,,,,,,,,,,,,,,-8.69e-06,1851.8,1852.63,-2.524e-05,1851.5,0.0,,,,183294244405.26926,71925700747.55423,80.0,62.0,68.0,37.0,7.0,46.0,41.0,58.0,41.0,58.0,70.0,24.0,49.0,28,Fear,4053.55,,,,False,9,0,0,europe,,,
ETH,1785751200,,,,,,,,,,,,,,,,,,,-8.69e-06,1845.38,1846.24,-2.524e-05,1845.49,0.0,,,,183294244405.26926,71925700747.55423,80.0,69.0,100.0,36.0,15.0,47.0,42.0,69.0,33.0,62.0,95.0,17.0,50.0,28,Fear,4048.04,,,,False,10,0,0,europe,,,
ETH,1785754800,,,,,,,,,,,,,,,,,,,-8.69e-06,1838.97,1839.89,-2.524e-05,1838.96,0.0,,,,183294244405.26926,71925700747.55423,86.0,70.0,100.0,33.0,64.0,44.0,43.0,60.0,29.0,63.0,92.0,29.0,54.0,28,Fear,4059.93,,,,False,11,0,0,europe,,,
ETH,1785758400,,,,,,,,,,,,,,,,,,,-8.69e-06,1842.69,1843.7,-2.524e-05,1842.6,0.0,,,,183294244405.26926,71925700747.55423,84.0,71.0,82.0,33.0,13.0,38.0,44.0,55.0,39.0,68.0,80.0,22.0,54.0,28,Fear,4046.98,,,,False,12,0,0,europe,,,
ETH,1785762000,,,,,,,,,,,,,,,,,,,-8.69e-06,1858.27,1859.18,-2.524e-05,1858.18,0.0,,,,183294244405.26926,71925700747.55423,87.0,83.0,87.0,41.0,18.0,40.0,46.0,58.0,31.0,71.0,88.0,31.0,52.0,28,Fear,4033.07,,,,False,13,0,0,us,,,
ETH,1785765600,,,,,,,,,,,,,,,,,,,-8.69e-06,1872.82,1873.79,-2.524e-05,1873.0,0.0,,,,183294244405.26926,71925700747.55423,91.0,89.0,83.0,47.0,18.0,39.0,46.0,56.0,21.0,73.0,79.0,23.0,57.0,28,Fear,4037.53,,,,False,14,0,0,us,,,
ETH,1785769200,,,,,,,,,,,,,,,,,,,-8.69e-06,1862.54,1863.34,-2.524e-05,1862.68,0.0,,,,183294244405.26926,71925700747.55423,89.0,84.0,83.0,46.0,0.0,37.0,48.0,56.0,36.0,74.0,84.0,25.0,74.0,28,Fear,4037.27,,,,False,15,0,0,us,,,
ETH,1785772800,,,,,,,,,,,,,,,,,,,3.664e-05,1865.51,1866.22,4.011e-05,1865.46,0.0,,,,183294244405.26926,71925700747.55423,84.0,81.0,91.0,47.0,14.0,38.0,48.0,57.0,38.0,78.0,84.0,21.0,62.0,28,Fear,4038.04,,,,False,16,0,0,us,,,
ETH,1785776400,,,,,,,,,,,,,,,,,,,3.664e-05,1868.09,1868.84,4.011e-05,1868.09,0.0,,,,183294244405.26926,71925700747.55423,83.0,82.0,88.0,49.0,0.0,39.0,49.0,55.0,42.0,81.0,91.0,21.0,46.0,28,Fear,4032.23,,,,False,17,0,0,us,,,
ETH,1785780000,,,,,,,,,,,,,,,,,,,3.664e-05,1868.11,1868.96,4.011e-05,1868.07,0.0,,,,183294244405.26926,71925700747.55423,88.0,81.0,93.0,49.0,37.0,41.0,47.0,61.0,56.0,82.0,91.0,22.0,43.0,28,Fear,4044.55,,,,False,18,0,0,us,,,
ETH,1785783600,,,,,,,,,,,,,,,,,,,3.664e-05,1869.26,1870.2,4.011e-05,1869.17,0.0,,,,183294244405.26926,71925700747.55423,90.0,71.0,84.0,49.0,16.0,44.0,50.0,62.0,49.0,85.0,100.0,19.0,38.0,28,Fear,4051.35,,,,False,19,0,0,us,,,
ETH,1785787200,,,,,,,,,,,,,,,,,,,3.664e-05,1868.26,1868.97,4.011e-05,1868.36,0.0,,,,183294244405.26926,71925700747.55423,100.0,78.0,72.0,50.0,16.0,35.0,50.0,69.0,53.0,88.0,88.0,29.0,40.0,28,Fear,4054.16,,,,False,20,0,0,us,,,
ETH,1785790800,,,,,,,,,,,,,,,,,,,3.664e-05,1862.89,1863.6,4.011e-05,1862.78,0.0,,,,183294244405.26926,71925700747.55423,89.0,88.0,52.0,54.0,32.0,29.0,53.0,69.0,41.0,94.0,78.0,22.0,37.0,28,Fear,4052.76,,,,False,21,0,0,us,,,
ETH,1785794400,,,,,,,,,,,,,,,,,,,3.664e-05,1859.63,1860.4,4.011e-05,1859.59,0.0,,,,183294244405.26926,71925700747.55423,84.0,75.0,71.0,55.0,37.0,44.0,58.0,65.0,76.0,97.0,93.0,43.0,39.0,28,Fear,4052.19,,,,False,22,0,0,us,,,
ETH,1785798000,,,,,,,,,,,,,,,,,,,3.664e-05,1859.78,1860.5,4.011e-05,1859.63,0.0,,,,183294244405.26926,71925700747.55423,71.0,73.0,28.0,43.0,23.0,26.0,62.0,50.0,39.0,83.0,56.0,35.0,44.0,28,Fear,4052.2,,,,False,23,0,0,us,,,
ETH,1785801600,,,,,,,,,,,,,,,,,,,5.396e-05,1850.55,1851.3,3.981e-05,1850.33,0.0,,,,183257981671.08038,72085533591.37706,67.0,68.0,28.0,43.0,30.0,20.0,69.0,50.0,54.0,83.0,50.0,27.0,68.0,25,Extreme Fear,4046.38,,,,False,0,1,0,asia,,,
ETH,1785805200,,,,,,,,,,,,,,,,,,,5.396e-05,1866.8,1867.64,3.981e-05,1866.91,0.0,,,,183257981671.08038,72085533591.37706,62.0,65.0,24.0,44.0,54.0,17.0,69.0,44.0,37.0,82.0,50.0,26.0,97.0,25,Extreme Fear,4057.76,,,,False,1,1,0,asia,,,
ETH,1785808800,,,,,,,,,,,,,,,,,,,5.396e-05,1865.51,1866.17,3.981e-05,1865.36,0.0,,,,183257981671.08038,72085533591.37706,66.0,69.0,22.0,44.0,29.0,18.0,61.0,47.0,24.0,76.0,46.0,47.0,93.0,25,Extreme Fear,4055.75,,,,False,2,1,0,asia,,,
ETH,1785812400,,,,,,,,,,,,,,,,,,,5.396e-05,1863.56,1864.19,3.981e-05,1863.47,0.0,,,,183257981671.08038,72085533591.37706,67.0,61.0,26.0,40.0,66.0,18.0,58.0,48.0,22.0,73.0,43.0,100.0,78.0,25,Extreme Fear,4050.01,,,,False,3,1,0,asia,,,
ETH,1785816000,,,,,,,,,,,,,,,,,,,5.396e-05,1867.37,1868.01,3.981e-05,1867.21,0.0,,,,183257981671.08038,72085533591.37706,65.0,61.0,25.0,41.0,36.0,18.0,54.0,49.0,33.0,72.0,47.0,34.0,71.0,25,Extreme Fear,4060.54,,,,False,4,1,0,asia,,,
ETH,1785819600,,,,,,,,,,,,,,,,,,,5.396e-05,1863.57,1864.42,3.981e-05,1863.53,0.0,,,,183257981671.08038,72085533591.37706,69.0,62.0,34.0,38.0,27.0,15.0,48.0,54.0,33.0,68.0,42.0,19.0,57.0,25,Extreme Fear,4059.43,,,,False,5,1,0,asia,,,
ETH,1785823200,,,,,,,,,,,,,,,,,,,5.396e-05,1856.22,1856.96,3.981e-05,1855.99,0.0,,,,183257981671.08038,72085533591.37706,62.0,54.0,46.0,32.0,27.0,16.0,45.0,55.0,30.0,63.0,42.0,15.0,53.0,25,Extreme Fear,4059.11,,,,False,6,1,0,asia,,,
ETH,1785826800,,,,,,,,,,,,,,,,,,,5.396e-05,1863.11,1863.87,3.981e-05,1863.0,0.0,,,,183257981671.08038,72085533591.37706,60.0,48.0,34.0,31.0,24.0,14.0,42.0,50.0,24.0,59.0,35.0,20.0,49.0,25,Extreme Fear,4061.31,,,,False,7,1,0,asia,,,
ETH,1785830400,,,,,,,,,,,,,,,,,,,5.342e-05,1857.25,1857.89,1.459e-05,1856.87,0.0,,,,183257981671.08038,72085533591.37706,59.0,45.0,38.0,32.0,0.0,19.0,41.0,50.0,17.0,57.0,32.0,19.0,50.0,25,Extreme Fear,4052.84,,,,False,8,1,0,europe,,,
ETH,1785834000,,,,,,,,,,,,,,,,,,,5.342e-05,1857.92,1858.71,1.459e-05,1857.75,0.0,,,,183257981671.08038,72085533591.37706,60.0,46.0,28.0,32.0,26.0,17.0,39.0,45.0,32.0,57.0,30.0,15.0,47.0,25,Extreme Fear,4047.46,,,,False,9,1,0,europe,,,
ETH,1785837600,,,,,,,,,,,,,,,,,,,5.342e-05,1866.14,1866.94,1.459e-05,1865.98,0.0,,,,183257981671.08038,72085533591.37706,59.0,47.0,25.0,31.0,21.0,11.0,39.0,42.0,19.0,54.0,21.0,12.0,50.0,25,Extreme Fear,4052.21,,,,False,10,1,0,europe,,,
ETH,1785841200,,,,,,,,,,,,,,,,,,,5.342e-05,1871.98,1872.89,1.459e-05,1871.97,0.0,,,,183257981671.08038,72085533591.37706,60.0,49.0,20.0,31.0,0.0,14.0,41.0,42.0,18.0,60.0,32.0,21.0,50.0,25,Extreme Fear,4071.49,,,,False,11,1,0,europe,,,
ETH,1785844800,,,,,,,,,,,,,,,,,,,5.342e-05,1874.31,1875.11,1.459e-05,1874.16,0.0,,,,183257981671.08038,72085533591.37706,64.0,54.0,32.0,35.0,25.0,15.0,47.0,44.0,19.0,69.0,38.0,24.0,52.0,25,Extreme Fear,4066.95,,,,False,12,1,0,europe,,,
ETH,1785848400,,,,,,,,,,,,,,,,,,,5.342e-05,1861.13,1862.06,1.459e-05,1860.93,0.0,,,,183257981671.08038,72085533591.37706,64.0,61.0,26.0,41.0,23.0,15.0,46.0,44.0,18.0,72.0,35.0,21.0,48.0,25,Extreme Fear,4079.17,,,,False,13,1,0,us,,,
ETH,1785852000,,,,,,,,,,,,,,,,,,,5.342e-05,1872.22,1873.03,1.459e-05,1872.19,0.0,,,,183257981671.08038,72085533591.37706,65.0,60.0,27.0,45.0,20.0,16.0,44.0,44.0,21.0,72.0,36.0,22.0,55.0,25,Extreme Fear,4079.82,,,,False,14,1,0,us,,,
ETH,1785855600,,,,,,,,,,,,,,,,,,,5.342e-05,1872.24,1873.07,1.459e-05,1872.26,0.0,,,,183257981671.08038,72085533591.37706,66.0,57.0,29.0,49.0,0.0,20.0,47.0,43.0,34.0,75.0,37.0,23.0,75.0,25,Extreme Fear,4081.21,,,,False,15,1,0,us,,,
ETH,1785859200,,,,,,,,,,,,,,,,,,,7.309e-05,1868.99,1869.68,3.562e-05,1868.82,0.0,,,,183257981671.08038,72085533591.37706,66.0,58.0,27.0,59.0,16.0,46.0,50.0,48.0,30.0,76.0,36.0,17.0,56.0,25,Extreme Fear,4088.12,,,,False,16,1,0,us,,,
ETH,1785862800,,,,,,,,,,,,,,,,,,,7.309e-05,1868.59,1869.53,3.562e-05,1868.57,0.0,,,,183257981671.08038,72085533591.37706,67.0,57.0,29.0,69.0,24.0,53.0,50.0,49.0,27.0,76.0,36.0,26.0,47.0,25,Extreme Fear,4081.59,,,,False,17,1,0,us,,,
ETH,1785866400,1785869880.0,1873.55,1873.6,1874.54,-0.0005014564,1.25e-05,981411.3376000003,747755891.7004899,1873.5,1873.6,4505155.993,726604.32522,-175003.88319999998,-327883167.565728,338559533.172768,17.0625,3.0,13.0,7.309e-05,1874.5,1875.29,3.562e-05,1874.35,37.0,0.18591891891891893,0.4594594594594595,0.16216216216216217,183257981671.08038,72085533591.37706,72.0,57.0,43.0,70.0,61.0,64.0,50.0,53.0,32.0,74.0,46.0,28.0,41.0,25,Extreme Fear,4075.09,-6.059000000000001e-05,-2.3120000000000002e-05,-1.740000000000009,True,18,1,0,us,,,
ETH,1785870000,1785873540.0,1877.25,1877.2,1878.12,-0.0004366068,7.2163e-06,977683.7356000002,728308155.6735102,1877.2,1877.3,3416245.21452,1255207.58902,-174898.6424,-328213007.69066,338766367.10058,17.0625,3.0,13.0,7.309e-05,1874.46,1875.26,3.562e-05,1874.42,27.0,0.06533333333333334,0.3333333333333333,0.2222222222222222,183257981671.08038,72085533591.37706,76.0,56.0,46.0,74.0,22.0,63.0,48.0,56.0,24.0,74.0,48.0,23.0,41.0,25,Extreme Fear,4073.08,-6.58737e-05,-2.84037e-05,1.990000000000009,True,19,1,0,us,0.0019748605588321144,,1.0
ETH,1785873600,1785874860.0,1868.35,1868.3,1869.14,-0.000395904,1.25e-05,975780.796,720965104.7148204,1868.3,1868.4,1368976.41998,2263201.70775,-174939.4381,-326654625.77665997,337107443.21646,17.0625,4.0,12.0,7.309e-05,1875.82,1876.65,3.562e-05,1875.78,0.0,,,,183257981671.08038,72085533591.37706,79.0,67.0,46.0,90.0,24.0,82.0,53.0,63.0,27.0,83.0,49.0,24.0,42.0,25,Extreme Fear,4073.36,-6.059000000000001e-05,-2.3120000000000002e-05,-8.300000000000182,True,20,1,0,us,-0.004740977493674303,,0.25
ETH,1785877200,1785880740.0,1871.35,1871.66,1872.57,-0.0006248098,1.1432e-05,976591.2122000002,711699293.7255702,1871.3,1871.4,4146254.4730399996,1773535.4838800002,-175197.70130000002,-327847658.427342,337623077.78105795,17.0625,4.0,12.0,7.309e-05,1871.35,1872.32,3.562e-05,1871.48,0.0,,,,183257981671.08038,72085533591.37706,81.0,69.0,42.0,100.0,42.0,100.0,59.0,63.0,30.0,86.0,50.0,28.0,40.0,25,Extreme Fear,4078.04,-6.165800000000001e-05,-2.4188e-05,-0.9700000000000273,True,21,1,0,us,0.0016056948644525004,,0.5
ETH,1785880800,1785884340.0,1874.95,1874.9,1875.61,-0.0003252275,1.13238e-05,967391.4704000001,724595678.3403994,1874.9,1875.0,2469747.0398000004,1565209.42261,-175491.4193,-328993867.55245,338229061.129088,17.0625,3.0,13.0,7.309e-05,1874.71,1875.64,3.562e-05,1874.61,13.0,0.27674615384615386,0.5384615384615384,0.15384615384615385,183257981671.08038,72085533591.37706,79.0,64.0,43.0,87.0,46.0,96.0,57.0,63.0,28.0,87.0,52.0,27.0,39.0,25,Extreme Fear,4072.81,-6.17662e-05,-2.42962e-05,-0.6900000000000546,True,22,1,0,us,0.0019237448900526477,,1.0
ETH,1785884400,1785887940.0,1869.45,1869.5,1870.03,-0.0002834179,1.25e-05,967566.8410000004,781463526.1045297,1869.4,1869.5,1784313.4522499996,2014181.27207,-176098.7793,-329201152.6225,336475334.23538,17.0625,3.0,13.0,7.309e-05,1868.9,1869.75,3.562e-05,1868.78,11.0,0.10171818181818182,0.45454545454545453,0.45454545454545453,183257981671.08038,72085533591.37706,75.0,65.0,56.0,92.0,90.0,91.0,65.0,59.0,49.0,89.0,69.0,21.0,41.0,25,Extreme Fear,4068.67,-6.059000000000001e-05,-2.3120000000000002e-05,-0.2999999999999545,True,23,1,0,us,-0.0029334115576414854,,0.5
ETH,1785888000,1785891480.0,1863.25,1863.4,1864.4,-0.0005900021,9.9688e-06,970799.6678000003,779187441.8317503,1863.2,1863.3,1410102.75405,1643305.4657800002,-175851.8697,-327631150.70640004,334917486.49356,17.0625,3.0,13.0,3.467e-05,1863.09,1863.93,2.137e-05,1863.02,20.0,0.13548,0.3,0.1,183164524608.55377,72172098708.52711,77.0,71.0,63.0,44.0,33.0,30.0,70.0,58.0,29.0,88.0,70.0,24.0,65.0,27,Fear,4076.63,-2.47012e-05,-1.14012e-05,-0.6800000000000637,True,0,2,0,asia,-0.0033164834577015245,,0.75
ETH,1785891600,1785895140.0,1872.85,1872.8,1873.59,-0.0003682769,1.14174e-05,968101.6470000003,747734823.9257104,1872.8,1872.9,1590342.76211,2347390.23882,-175811.6594,-329303973.173335,336768104.839755,17.0625,2.0,14.0,3.467e-05,1872.57,1873.37,2.137e-05,1872.54,13.0,0.26023846153846153,0.46153846153846156,0.15384615384615385,183164524608.55377,72172098708.52711,69.0,65.0,57.0,43.0,34.0,29.0,66.0,50.0,44.0,79.0,66.0,21.0,93.0,27,Fear,4095.3,-2.3252599999999998e-05,-9.9526e-06,-0.5199999999999818,True,1,2,0,asia,0.005152287669394795,,0.5
ETH,1785895200,1785898740.0,1873.65,1873.62,1874.6,-0.0004801024,5.0995e-06,980900.5508000001,777428241.6445593,1873.6,1873.7,1095836.68428,4161236.14523,-175037.4044,-328072607.06692,338169253.11961997,17.0625,3.0,13.0,3.467e-05,1873.7,1874.49,2.137e-05,1873.76,8.0,0.071475,0.25,0.125,183164524608.55377,72172098708.52711,67.0,62.0,50.0,42.0,54.0,28.0,56.0,43.0,38.0,79.0,66.0,27.0,80.0,27,Fear,4122.37,-2.9570499999999998e-05,-1.62705e-05,-0.8399999999999181,True,2,2,0,asia,0.00042715647275559654,,0.25
ETH,1785898800,1785902340.0,1867.05,1867.05,1867.93,-0.0004336351,1.25e-05,969909.7432000003,822997941.3497707,1867.0,1867.1,4844811.51341,399371.77563000005,-175908.6427,-328474208.47005,336580338.15123,17.0625,2.0,14.0,3.467e-05,1866.86,1867.75,2.137e-05,1866.76,5.0,0.21997999999999998,0.4,0.4,183164524608.55377,72172098708.52711,66.0,62.0,46.0,44.0,41.0,28.0,53.0,45.0,32.0,75.0,60.0,26.0,70.0,27,Fear,4120.47,-2.217e-05,-8.87e-06,-0.7000000000000455,True,3,2,0,asia,-0.003522536226082895,,0.75
ETH,1785902400,1785905880.0,1866.65,1866.66,1867.66,-0.0005140122,1.23699e-05,970002.6578000004,821374965.6124998,1866.6,1866.7,5092042.34608,1217796.3499399999,-175966.6972,-328387327.956766,336291785.26341,17.0625,3.0,13.0,3.467e-05,1866.47,1867.5,2.137e-05,1866.29,8.0,-0.034099999999999984,0.375,0.25,183164524608.55377,72172098708.52711,63.0,56.0,31.0,43.0,35.0,21.0,49.0,46.0,28.0,74.0,45.0,20.0,61.0,27,Fear,4129.23,-2.23001e-05,-9.0001e-06,-0.849999999999909,True,4,2,0,asia,-0.00021424171821848859,,0.25
ETH,1785906000,1785909540.0,1872.45,1872.5,1873.55,-0.0005604334,-2.2196e-06,999687.8938000004,879931452.7918401,1872.4,1872.5,2729651.31881,2141082.54815,-172648.7193,-323290297.85028005,338486837.86896,17.0625,3.0,13.0,3.467e-05,1872.51,1873.46,2.137e-05,1872.44,6.0,0.2125,0.5,0.16666666666666666,183164524608.55377,72172098708.52711,65.0,57.0,39.0,37.0,29.0,20.0,45.0,56.0,22.0,65.0,46.0,15.0,51.0,27,Fear,4153.25,-3.68896e-05,-2.3589600000000002e-05,-1.009999999999991,True,5,2,0,asia,0.003107170599737419,,0.5
ETH,1785909600,1785913140.0,1867.95,1867.9,1869.07,-0.0005724772,-3.277e-06,1007833.1158000001,894876213.0741307,1867.9,1868.0,1574932.41949,2561879.2356000002,-170733.22100000002,-318846989.066482,338039567.250214,17.0625,3.0,13.0,3.467e-05,1868.84,1869.88,2.137e-05,1869.04,9.0,0.11050000000000001,0.3333333333333333,0.2222222222222222,183164524608.55377,72172098708.52711,65.0,51.0,51.0,37.0,47.0,20.0,43.0,52.0,18.0,66.0,43.0,21.0,50.0,27,Fear,4168.18,-3.7947e-05,-2.4647e-05,-1.9300000000000637,True,6,2,0,asia,-0.002403268445085316,,0.25
ETH,1785913200,1785916740.0,1868.95,1868.9,1869.76,-0.0003957727,3.5973e-06,977044.4170000001,931634510.0812293,1868.9,1869.0,4909027.68154,924744.37443,-172154.7413,-321400383.15338004,336799747.31568,17.0625,2.0,14.0,3.467e-05,1871.85,1872.2,2.137e-05,1871.74,11.0,0.05426363636363636,0.36363636363636365,0.18181818181818182,183164524608.55377,72172098708.52711,61.0,44.0,43.0,35.0,0.0,19.0,41.0,49.0,36.0,60.0,43.0,20.0,47.0,27,Fear,4162.61,-3.10727e-05,-1.77727e-05,-3.25,True,7,2,0,asia,0.0005353462351775917,,1.0
ETH,1785916800,1785920340.0,1868.95,1868.9,1869.77,-0.0004118154,1.25e-05,981885.4266000002,918081883.9291097,1868.9,1869.0,3312375.8131399998,2290836.80529,-173160.9762,-323672496.71304,336851665.90072,17.0625,3.0,13.0,6.13e-06,1868.98,1869.99,-4.92e-06,1869.05,11.0,-0.10615454545454545,0.18181818181818182,0.36363636363636365,183164524608.55377,72172098708.52711,58.0,45.0,42.0,35.0,34.0,29.0,39.0,50.0,24.0,59.0,44.0,17.0,44.0,27,Fear,4153.59,6.370000000000001e-06,1.742e-05,-1.0399999999999636,True,8,2,0,europe,0.0,,0.5
ETH,1785920400,1785923880.0,1870.95,1870.9,1871.69,-0.0003686508,1.25e-05,985319.5842000002,925840440.9866203,1870.9,1871.0,5241043.69083,666666.96248,-173378.3172,-324527370.415658,337627290.410058,17.0625,3.0,13.0,6.13e-06,1870.98,1871.94,-4.92e-06,1870.99,14.0,0.3317571428571428,0.42857142857142855,0.07142857142857142,183164524608.55377,72172098708.52711,64.0,58.0,35.0,31.0,19.0,25.0,39.0,50.0,16.0,61.0,41.0,13.0,44.0,27,Fear,4150.51,6.370000000000001e-06,1.742e-05,-0.9900000000000091,True,9,2,0,europe,0.0010701195858637824,,1.0
ETH,1785924000,1785927540.0,1867.25,1867.3,1868.2,-0.0004817471,8.7565e-06,987161.5850000004,924266762.8743391,1867.2,1867.3,4414718.06251,906204.0724799999,-173524.1473,-323998263.28516,336776482.31502,17.0625,3.0,13.0,6.13e-06,1867.38,1868.33,-4.92e-06,1867.2,9.0,0.18495555555555557,0.5555555555555556,0.2222222222222222,183164524608.55377,72172098708.52711,62.0,50.0,52.0,32.0,24.0,21.0,39.0,45.0,16.0,61.0,43.0,17.0,49.0,27,Fear,4154.43,2.6265e-06,1.36765e-05,-1.0799999999999272,True,10,2,0,europe,-0.0019776049600470635,,0.5
ETH,1785927600,1785931140.0,1867.85,1867.9,1868.9,-0.0004815667,1.18898e-05,988098.8176000001,875994081.8071501,1867.8,1867.9,4636356.90067,357403.70141999994,-173643.7168,-324251517.52213,336586465.965552,17.0625,3.0,13.0,6.13e-06,1867.93,1868.92,-4.92e-06,1867.92,12.0,0.16749166666666668,0.4166666666666667,0.08333333333333333,183164524608.55377,72172098708.52711,59.0,50.0,35.0,30.0,36.0,21.0,43.0,43.0,27.0,64.0,40.0,13.0,50.0,27,Fear,4181.23,5.7597999999999995e-06,1.68098e-05,-1.0700000000001637,True,11,2,0,europe,0.00032132815637964107,,1.0
ETH,1785931200,1785934740.0,1875.85,1875.82,1876.7,-0.0004262802,1.25e-05,986144.4267999997,861616761.2959409,1875.8,1875.9,3792444.03003,1180310.8605900002,-175219.7805,-328554915.74793,337042665.79001,17.0625,3.0,13.0,6.13e-06,1875.22,1876.25,-4.92e-06,1875.18,18.0,0.08181666666666666,0.2777777777777778,0.1111111111111111,183164524608.55377,72172098708.52711,60.0,56.0,37.0,32.0,0.0,19.0,43.0,40.0,15.0,64.0,40.0,11.0,51.0,27,Fear,4177.79,6.370000000000001e-06,1.742e-05,-0.40000000000009095,True,12,2,0,europe,0.004282999170168944,,0.5
ETH,1785934800,1785938340.0,1876.65,1876.8,1877.7,-0.0005325664,1.25e-05,985102.1429999997,884323887.8676012,1876.6,1876.7,3962119.2800199995,381223.46563999995,-175741.01679999998,-329422340.25196,334320030.22947997,17.0625,2.0,14.0,6.13e-06,1877.85,1878.53,-4.92e-06,1877.99,24.0,0.20991666666666667,0.4166666666666667,0.20833333333333334,183164524608.55377,72172098708.52711,63.0,53.0,42.0,37.0,17.0,20.0,41.0,38.0,13.0,65.0,38.0,18.0,49.0,27,Fear,4200.39,6.370000000000001e-06,1.742e-05,-1.8799999999998818,True,13,2,0,us,0.00042647333208956084,,0.75
ETH,1785938400,1785941940.0,1875.55,1875.43,1876.22,-0.0003304517,1.25e-05,981854.3191999997,820598998.7077705,1875.5,1875.6,1589727.31697,1592610.7547799998,-176855.7323,-331677813.179056,334061481.324504,17.0625,3.0,13.0,6.13e-06,1875.06,1875.89,-4.92e-06,1874.86,0.0,,,,183164524608.55377,72172098708.52711,62.0,59.0,36.0,42.0,15.0,17.0,45.0,42.0,19.0,72.0,39.0,22.0,55.0,27,Fear,4236.33,6.370000000000001e-06,1.742e-05,-0.3400000000001455,True,14,2,0,us,-0.0005861508539153348,,0.25
ETH,1785942000,1785945540.0,1872.75,1872.7,1873.5,-0.0003736322,1.25e-05,980374.1713999999,795394415.48624,1872.7,1872.8,1115856.1108300001,3387161.7190199997,-177296.3835,-332303115.95792,333129134.05594003,17.0625,3.0,13.0,6.13e-06,1872.91,1873.91,-4.92e-06,1872.72,19.0,0.07806315789473683,0.2631578947368421,0.21052631578947367,183164524608.55377,72172098708.52711,63.0,56.0,38.0,41.0,15.0,20.0,43.0,41.0,15.0,69.0,43.0,32.0,71.0,27,Fear,4226.03,6.370000000000001e-06,1.742e-05,-1.1600000000000819,True,15,2,0,us,-0.0014928954173442088,,0.5
ETH,1785945600,1785949140.0,1894.25,1894.5,1895.15,-0.0004485133,1.25e-05,993466.2396000002,880445843.7104806,1894.2,1894.3,1330840.3394,1683305.85292,-180538.87579999998,-341177284.05071,341324528.64921,17.0625,2.0,14.0,3.054e-05,1894.79,1895.56,1.326e-05,1894.9,10.0,0.16081,0.6,0.1,183164524608.55377,72172098708.52711,62.0,53.0,36.0,41.0,0.0,20.0,45.0,41.0,30.0,69.0,41.0,15.0,59.0,27,Fear,4236.27,-1.8040000000000003e-05,-7.599999999999995e-07,-1.3099999999999454,True,16,2,0,us,0.011480443198504942,,1.0
ETH,1785949200,1785952740.0,1915.95,1916.1,1916.8,-0.0004173623,1.25e-05,1006968.9939999994,906661987.9694657,1915.9,1916.0,2378935.0042000003,1321203.04074,-182469.88760000002,-349586342.843575,349729817.558343,17.0625,1.0,15.0,3.054e-05,1915.93,1916.75,1.326e-05,1916.03,16.0,0.09295624999999999,0.375,0.3125,183164524608.55377,72172098708.52711,63.0,52.0,37.0,48.0,24.0,20.0,48.0,44.0,23.0,74.0,42.0,15.0,47.0,27,Fear,4244.67,-1.8040000000000003e-05,-7.599999999999995e-07,-0.7999999999999545,True,17,2,0,us,0.011455721261713014,,1.0
ETH,1785952800,1785956280.0,1916.35,1916.4,1916.98,-0.0003025592,1.25e-05,1001375.251,979212848.0014495,1916.3,1916.4,4588780.5467300005,277685.56970999995,-181069.4127,-347473696.3404,347627249.98322,17.0625,2.0,14.0,3.054e-05,1917.23,1918.06,1.326e-05,1917.26,15.0,-0.10489333333333332,0.26666666666666666,0.5333333333333333,183164524608.55377,72172098708.52711,61.0,53.0,35.0,48.0,25.0,20.0,47.0,49.0,37.0,81.0,47.0,22.0,41.0,27,Fear,4254.98,-1.8040000000000003e-05,-7.599999999999995e-07,-1.7100000000000364,True,18,2,0,us,0.00020877371538907674,,0.75
ETH,1785956400,1785959940.0,1917.85,1917.8,1918.7,-0.000416949,1.23287e-05,1001436.5381999995,986577709.0580802,1917.8,1917.9,852825.4132600001,2562706.91732,-131387.1991,-251925276.58512002,252071464.01057,18.0,2.0,13.0,3.054e-05,1916.09,1917.03,1.326e-05,1916.07,12.0,0.3016083333333333,0.5833333333333334,0.08333333333333333,183164524608.55377,72172098708.52711,67.0,59.0,37.0,56.0,0.0,20.0,48.0,54.0,21.0,73.0,45.0,18.0,41.0,27,Fear,4240.17,-1.8211300000000003e-05,-9.313000000000007e-07,0.8199999999999363,True,19,2,0,us,0.0007827380175855492,,0.75
ETH,1785960000,1785963480.0,1917.15,1917.2,1917.9,-0.0003649825,1.25e-05,999799.9101999996,990237520.4755406,1917.1,1917.2,9465368.51211,2043314.92687,-131157.1409,-251833021.60447,251983256.80565,18.0,2.0,13.0,3.054e-05,1916.19,1917.1,1.326e-05,1916.23,15.0,0.39514,0.5333333333333333,0.06666666666666667,183164524608.55377,72172098708.52711,78.0,66.0,38.0,51.0,25.0,24.0,52.0,57.0,27.0,78.0,49.0,20.0,41.0,27,Fear,4243.44,-1.8040000000000003e-05,-7.599999999999995e-07,0.0500000000001819,True,20,2,0,us,-0.0003649920483874691,,1.0
ETH,1785963600,1785967080.0,1908.85,1908.8,1909.5,-0.0003142184,1.25e-05,995497.5430000005,1022787205.648169,1909.0,1909.1,3570863.4703599997,520118.14100999996,-131397.9297,-250858639.763722,251001621.69044602,18.0,1.0,14.0,3.054e-05,1907.75,1908.75,1.326e-05,1907.98,6.0,-0.31931666666666664,0.0,0.5,183164524608.55377,72172098708.52711,71.0,66.0,46.0,50.0,36.0,26.0,56.0,56.0,30.0,87.0,55.0,22.0,42.0,27,Fear,4243.1,-1.8040000000000003e-05,-7.599999999999995e-07,0.09999999999990905,True,21,2,0,us,-0.0043293430352346896,,0.5
ETH,1785967200,1785970740.0,1906.85,1906.8,1907.6,-0.0003669532,1.22966e-05,983512.2728000007,1009474614.9842491,1906.8,1906.9,3359598.85038,1549849.56808,-131538.68170000002,-250880690.00043,251025008.14369,18.0,3.0,12.0,3.054e-05,1906.0,1906.86,1.326e-05,1906.05,13.0,0.024369230769230768,0.38461538461538464,0.3076923076923077,183164524608.55377,72172098708.52711,71.0,64.0,49.0,48.0,31.0,20.0,59.0,49.0,17.0,83.0,49.0,28.0,43.0,27,Fear,4243.6,-1.8243400000000002e-05,-9.634e-07,-0.009999999999990905,True,22,2,0,us,-0.0010477512638499276,,1.0
ETH,1785970800,1785974340.0,1907.35,1907.4,1908.26,-0.0004506723,1.25e-05,985690.8960000002,957240398.1543305,1907.3,1907.4,4175621.8335599997,1010495.9232300001,-131790.3033,-251535999.647752,251680764.037916,18.0,2.0,13.0,3.054e-05,1907.95,1908.9,1.326e-05,1908.1,16.0,0.19775625000000002,0.375,0.0625,183164524608.55377,72172098708.52711,67.0,64.0,37.0,51.0,40.0,17.0,65.0,50.0,31.0,79.0,50.0,24.0,43.0,27,Fear,4272.06,-1.8040000000000003e-05,-7.599999999999995e-07,-1.550000000000182,True,23,2,0,us,0.0002622125494926575,,0.5
ETH,1785974400,1785977880.0,1911.65,1911.53,1911.94,-0.000125527,1.25e-05,990992.2163999992,931707800.9189489,1911.6,1911.7,891480.9023,3023593.31408,-132156.1017,-252563525.95887,252706651.67785,18.0,1.0,14.0,3.94e-06,1909.39,1910.4,2.494e-05,1909.58,13.0,0.33789230769230766,0.5384615384615384,0.07692307692307693,183103910275.10278,71728840853.7331,68.0,60.0,47.0,43.0,0.0,23.0,66.0,45.0,29.0,79.0,55.0,15.0,69.0,25,Extreme Fear,4288.74,8.56e-06,-1.2439999999999998e-05,1.25,True,0,3,0,asia,0.00225443678401982,,1.0
ETH,1785978000,1785981480.0,1906.55,1906.4,1907.1,-0.0002621782,1.25e-05,992100.1354,934401552.97485,1906.5,1906.6,2417512.5215100003,1504425.17502,-132296.4944,-252375653.13336,252518516.73104,18.0,1.0,14.0,3.94e-06,1905.93,1906.75,2.494e-05,1905.96,13.0,0.15674615384615384,0.46153846153846156,0.15384615384615385,183103910275.10278,71728840853.7331,64.0,62.0,63.0,41.0,39.0,26.0,65.0,43.0,30.0,79.0,67.0,24.0,98.0,25,Extreme Fear,4281.52,8.56e-06,-1.2439999999999998e-05,-0.20000000000004547,True,1,3,0,asia,-0.002667852378835156,,0.75
ETH,1785981600,1785985080.0,1897.95,1897.9,1898.9,-0.0004739586,1.25e-05,988904.5572000007,906486236.2439604,1897.9,1898.0,3437914.17793,1183830.6065,-131680.722,-249909784.328951,250051928.965351,18.0,1.0,14.0,3.94e-06,1898.17,1899.21,2.494e-05,1898.38,3.0,-0.3811333333333333,0.0,0.6666666666666666,183103910275.10278,71728840853.7331,59.0,58.0,57.0,44.0,34.0,22.0,56.0,39.0,46.0,72.0,60.0,31.0,87.0,25,Extreme Fear,4271.44,8.56e-06,-1.2439999999999998e-05,-1.259999999999991,True,2,3,0,asia,-0.0045107655188690865,,0.5
ETH,1785985200,1785988680.0,1897.95,1897.9,1898.7,-0.0003265392,7.4904e-06,991649.4776000004,878251615.75382,1897.9,1898.0,4794887.98257,639306.51752,-131501.1456,-249589036.792624,249731181.429024,18.0,1.0,14.0,3.94e-06,1897.94,1899.03,2.494e-05,1898.03,11.0,-0.03796363636363636,0.18181818181818182,0.09090909090909091,183103910275.10278,71728840853.7331,60.0,66.0,78.0,35.0,0.0,25.0,52.0,41.0,49.0,70.0,62.0,60.0,78.0,25,Extreme Fear,4260.71,3.5504e-06,-1.7449599999999996e-05,-1.0799999999999272,True,3,3,0,asia,0.0,,0.75
ETH,1785988800,1785992280.0,1907.05,1907.06,1907.82,-0.0003773941,1.25e-05,987481.6630000002,888336094.1014097,1907.0,1907.1,2421924.43219,1235755.8887999998,-131830.0019,-251392111.624424,251535880.543464,18.0,2.0,13.0,3.94e-06,1906.84,1907.7,2.494e-05,1906.93,8.0,-0.014662499999999988,0.125,0.25,183103910275.10278,71728840853.7331,66.0,58.0,94.0,37.0,46.0,30.0,50.0,53.0,70.0,70.0,68.0,73.0,66.0,25,Extreme Fear,4257.32,8.56e-06,-1.2439999999999998e-05,-0.650000000000091,True,4,3,0,asia,0.0047946468558179856,,1.0
ETH,1785992400,1785995940.0,1913.05,1913.0,1913.8,-0.0003605392,1.25e-05,986835.3720000001,858406540.6107798,1913.0,1913.1,4334404.80097,675871.3383899999,-132207.554,-252636571.875713,252780602.110529,18.0,2.0,13.0,3.94e-06,1913.49,1914.34,2.494e-05,1913.73,11.0,0.14271818181818183,0.36363636363636365,0.18181818181818182,183103910275.10278,71728840853.7331,68.0,57.0,79.0,36.0,0.0,35.0,45.0,63.0,37.0,66.0,68.0,36.0,51.0,25,Extreme Fear,4262.24,8.56e-06,-1.2439999999999998e-05,-1.2899999999999636,True,5,3,0,asia,0.0031462206025012485,,0.75
ETH,1785996000,1785999540.0,1912.25,1912.3,1913.0,-0.0003659174,1.25e-05,987008.6010000003,840446267.1845995,1912.2,1912.3,3188868.43642,1089930.2963,-132513.2792,-253405143.81416,253550434.63126,18.0,2.0,13.0,3.94e-06,1912.8,1913.66,2.494e-05,1912.91,6.0,0.2944666666666667,0.5,0.16666666666666666,183103910275.10278,71728840853.7331,75.0,52.0,93.0,33.0,27.0,32.0,41.0,63.0,17.0,62.0,62.0,48.0,48.0,25,Extreme Fear,4250.71,8.56e-06,-1.2439999999999998e-05,-1.4100000000000819,True,6,3,0,asia,-0.0004181803925668026,,1.0
ETH,1785999600,1786003140.0,1909.05,1909.0,1909.72,-0.0003246549,1.25e-05,977062.7990000003,798986725.9294503,1909.0,1909.1,1476947.5953700002,2533355.33916,-131566.9173,-251157378.918271,251302343.03307098,18.0,2.0,13.0,3.94e-06,1908.52,1909.33,2.494e-05,1908.5,8.0,0.2624375,0.5,0.25,183103910275.10278,71728840853.7331,63.0,46.0,75.0,32.0,0.0,33.0,40.0,53.0,25.0,70.0,80.0,14.0,46.0,25,Extreme Fear,4258.0,8.56e-06,-1.2439999999999998e-05,-0.2799999999999727,True,7,3,0,asia,-0.001673421362269556,,0.75
ETH,1786003200,1786006740.0,1915.05,1915.2,1916.19,-0.0005688371,1.25e-05,999963.2666000001,848240832.3316691,1915.0,1915.1,1374657.91474,3282207.23251,-129918.8269,-248998434.62045002,249153106.75567,18.0,2.0,13.0,9.87e-06,1915.44,1916.26,6.628e-05,1915.51,10.0,0.32441,0.5,0.0,183103910275.10278,71728840853.7331,60.0,43.0,76.0,31.0,20.0,43.0,38.0,47.0,24.0,66.0,75.0,19.0,47.0,25,Extreme Fear,4273.68,2.6300000000000002e-06,-5.378e-05,-1.2100000000000364,True,8,3,0,europe,0.0031429244912390963,,1.0
ETH,1786006800,1786010340.0,1907.55,1907.5,1908.1,-0.0002620408,1.25e-05,984983.7418,883173986.1116498,1907.5,1907.6,3272608.77946,1290257.31824,-130507.7237,-248904865.07594,249050097.59306002,18.0,2.0,13.0,9.87e-06,1906.68,1907.67,6.628e-05,1906.77,0.0,,,,183103910275.10278,71728840853.7331,62.0,42.0,82.0,28.0,20.0,33.0,36.0,40.0,17.0,70.0,86.0,14.0,43.0,25,Extreme Fear,4269.65,2.6300000000000002e-06,-5.378e-05,-0.12000000000011823,True,9,3,0,europe,-0.00391634683167541,,1.0
ETH,1786010400,1786013940.0,1900.75,1900.82,1901.76,-0.0005047956,1.25e-05,987311.0778000006,906479294.9571395,1900.7,1900.8,3520026.92328,743353.4066100001,-129978.31539999999,-247078997.078546,247243308.91379797,18.0,2.0,13.0,9.87e-06,1901.78,1902.58,6.628e-05,1901.5,7.0,-0.05387142857142857,0.2857142857142857,0.5714285714285714,183103910275.10278,71728840853.7331,60.0,49.0,64.0,29.0,19.0,33.0,39.0,46.0,16.0,74.0,89.0,14.0,48.0,25,Extreme Fear,4266.61,2.6300000000000002e-06,-5.378e-05,-1.8299999999999272,True,10,3,0,europe,-0.0035647820502738847,,0.25
ETH,1786014000,1786017540.0,1906.35,1906.4,1907.39,-0.0005190339,1.25e-05,989180.413,921048395.5979494,1906.3,1906.4,2852857.15188,2122103.09833,-129881.1678,-247600040.26123,247763560.95867002,18.0,2.0,13.0,9.87e-06,1906.89,1907.77,6.628e-05,1906.86,8.0,0.075725,0.625,0.125,183103910275.10278,71728840853.7331,71.0,53.0,66.0,32.0,24.0,31.0,43.0,49.0,18.0,75.0,77.0,37.0,53.0,25,Extreme Fear,4259.76,2.6300000000000002e-06,-5.378e-05,-1.4200000000000728,True,11,3,0,europe,0.0029462054452189523,,1.0
ETH,1786017600,1786021140.0,1898.55,1898.64,1899.59,-0.0005211651,8.1426e-06,991205.2204000007,899793674.9196101,1898.5,1898.6,1112778.90216,4265465.12193,-129094.8619,-245119291.04951,245277442.88627,18.0,2.0,13.0,9.87e-06,1898.19,1899.09,6.628e-05,1898.24,17.0,0.15553529411764708,0.47058823529411764,0.35294117647058826,183103910275.10278,71728840853.7331,66.0,55.0,63.0,40.0,51.0,30.0,46.0,47.0,19.0,82.0,87.0,15.0,51.0,25,Extreme Fear,4246.74,-1.7273999999999998e-06,-5.81374e-05,-0.5399999999999636,True,12,3,0,europe,-0.004091588637973098,,0.75
ETH,1786021200,1786024740.0,1909.45,1909.2,1910.1,-0.0003141197,1.25e-05,981752.9286000002,905144036.4207706,1909.4,1909.5,4020879.14023,291634.35233,-130761.9647,-249674428.46728802,249825289.075328,18.214285714285715,2.0,12.0,9.87e-06,1906.47,1907.43,6.628e-05,1906.36,19.0,0.06522105263157894,0.21052631578947367,0.15789473684210525,183103910275.10278,71728840853.7331,65.0,58.0,63.0,40.0,54.0,30.0,47.0,46.0,18.0,76.0,71.0,18.0,49.0,25,Extreme Fear,4263.56,2.6300000000000002e-06,-5.378e-05,2.019999999999982,True,13,3,0,us,0.005741223565352449,,1.0
ETH,1786024800,1786028340.0,1914.95,1914.9,1915.9,-0.0004697531,1.24282e-05,983138.9606000007,880824187.2269084,1914.7,1914.8,2739938.3865400003,1095046.83516,-130669.70999999999,-249767606.50664902,249935510.755149,18.214285714285715,2.0,12.0,9.87e-06,1914.06,1915.01,6.628e-05,1914.16,18.0,0.1769611111111111,0.3333333333333333,0.05555555555555555,183103910275.10278,71728840853.7331,63.0,56.0,69.0,40.0,18.0,32.0,47.0,44.0,18.0,73.0,66.0,18.0,57.0,25,Extreme Fear,4266.82,2.5582000000000003e-06,-5.38518e-05,-0.05999999999994543,True,14,3,0,us,0.002880410589436666,,0.5
ETH,1786028400,1786031880.0,1911.75,1911.7,1912.5,-0.0003660131,1.25e-05,990685.7236000004,948529033.6816694,1911.7,1911.8,2071165.32779,1939050.13111,-131815.197,-251882482.34500998,252043502.84101,18.214285714285715,2.0,12.0,9.87e-06,1909.88,1910.69,6.628e-05,1910.06,12.0,0.25805,0.3333333333333333,0.0,183103910275.10278,71728840853.7331,61.0,55.0,66.0,44.0,25.0,30.0,45.0,41.0,19.0,73.0,63.0,21.0,73.0,25,Extreme Fear,4228.87,2.6300000000000002e-06,-5.378e-05,1.0599999999999454,True,15,3,0,us,-0.0016710619076216737,,0.75
ETH,1786032000,1786035480.0,1914.45,1914.3,1915.0,-0.0002610966,1.25e-05,995255.4632000001,876442284.7484097,1914.4,1914.5,269773.69827,5962095.780509999,-132126.6674,-252754129.305962,252917038.41408402,18.214285714285715,2.0,12.0,9.87e-06,1914.72,1915.77,1.973e-05,1914.91,20.0,0.25975000000000004,0.55,0.3,183103910275.10278,71728840853.7331,62.0,56.0,60.0,45.0,23.0,24.0,48.0,43.0,24.0,75.0,53.0,17.0,58.0,25,Extreme Fear,4239.42,2.6300000000000002e-06,-7.2299999999999985e-06,-1.3199999999999363,True,16,3,0,us,0.0014123185562966434,,0.75
ETH,1786035600,1786039140.0,1913.75,1913.78,1914.7,-0.0004700475,1.08153e-05,995877.2496000008,821377048.9188701,1913.5,1913.7,3355365.0756599996,2165475.38954,-132358.0241,-253240607.51053,253403757.28015,18.214285714285715,2.0,12.0,9.87e-06,1913.1,1914.08,1.973e-05,1913.26,4.0,-0.233025,0.0,0.5,183103910275.10278,71728840853.7331,62.0,57.0,60.0,41.0,17.0,28.0,49.0,41.0,20.0,77.0,58.0,21.0,50.0,25,Extreme Fear,4243.81,9.452999999999992e-07,-8.9147e-06,-0.32999999999992724,True,17,3,0,us,-0.00036564026221630463,,0.75
ETH,1786039200,1786042740.0,1905.15,1905.1,1905.9,-0.0003672805,5.2294e-06,994339.4657999999,741456004.2200801,1905.1,1905.2,1684084.46671,1896891.7759399998,-181640.7367,-346052641.43869,346217823.38399,17.2,2.0,13.0,9.87e-06,1905.21,1905.95,1.973e-05,1905.25,11.0,0.07024545454545454,0.2727272727272727,0.09090909090909091,183103910275.10278,71728840853.7331,65.0,54.0,60.0,46.0,46.0,28.0,50.0,43.0,30.0,73.0,61.0,17.0,43.0,25,Extreme Fear,4239.6,-4.6406e-06,-1.4500599999999998e-05,-0.7999999999999545,True,18,3,0,us,-0.00449379490529056,-0.00025913536696654197,0.5
ETH,1786042800,1786046280.0,1908.55,1908.6,1909.55,-0.0004974994,6.7161e-06,995677.4034000002,729004116.2449195,1908.5,1908.6,1842332.05538,1796507.4824299999,-181726.7277,-347061704.56146,347223891.65274,17.2,2.0,13.0,9.87e-06,1908.77,1910.06,1.973e-05,1908.73,20.0,0.20695000000000002,0.45,0.15,183103910275.10278,71728840853.7331,54.0,67.0,54.0,58.0,25.0,48.0,54.0,59.0,47.0,81.0,69.0,23.0,49.0,25,Extreme Fear,4245.99,-3.1539000000000004e-06,-1.30139e-05,-1.509999999999991,True,19,3,0,us,0.0017846363803375453,0.0011357194756545044,1.0
ETH,1786046400,1786049940.0,1906.05,1906.0,1906.97,-0.0004562211,1.11545e-05,992963.6498000004,701942563.3219702,1906.1,1906.2,5107933.018300001,367714.9013,-181625.4109,-346162203.08304,346322053.85468,17.2,2.0,13.0,9.87e-06,1906.16,1907.14,1.973e-05,1906.01,0.0,,,,183103910275.10278,71728840853.7331,56.0,70.0,54.0,62.0,24.0,51.0,100.0,63.0,42.0,91.0,70.0,27.0,46.0,25,Extreme Fear,4237.6,1.2844999999999993e-06,-8.5755e-06,-1.0900000000001455,True,20,3,0,us,-0.0013098949464253051,-0.0009867785321015373,0.5
ETH,1786050000,1786053540.0,1905.65,1905.7,1906.4,-0.0003671842,1.25e-05,991104.4336000002,714281797.7969902,1905.6,1905.7,1290131.3425999999,3161202.6201800006,-181388.0095,-345664103.7645,345813513.20942,17.2,2.0,13.0,9.87e-06,1905.25,1906.28,1.973e-05,1905.25,7.0,0.22245714285714288,0.42857142857142855,0.14285714285714285,183103910275.10278,71728840853.7331,55.0,71.0,53.0,54.0,0.0,51.0,66.0,60.0,62.0,92.0,63.0,49.0,46.0,25,Extreme Fear,4236.56,2.6300000000000002e-06,-7.2299999999999985e-06,-0.6299999999998818,True,21,3,0,us,-0.00020985808347095958,-0.00029146073840544725,0.25
ETH,1786053600,1786057140.0,1904.25,1904.3,1905.1,-0.0004199255,1.25e-05,991229.0252,682043220.5594611,1904.2,1904.3,1758671.1929799998,1912151.7625799999,-181734.1755,-346033209.80487,346185387.45785797,17.2,2.0,13.0,9.87e-06,1904.18,1905.25,1.973e-05,1904.04,11.0,0.17594545454545454,0.36363636363636365,0.18181818181818182,183103910275.10278,71728840853.7331,58.0,75.0,59.0,60.0,23.0,61.0,65.0,63.0,32.0,91.0,69.0,41.0,46.0,25,Extreme Fear,4237.97,2.6300000000000002e-06,-7.2299999999999985e-06,-1.0,True,22,3,0,us,-0.0007346574659565785,0.001113486652297158,0.75
ETH,1786057200,1786060740.0,1902.95,1902.99,1904.0,-0.0005252101,6.2982e-06,992417.1201999999,699451097.239011,1902.9,1903.0,1353065.57392,2455061.8344900003,-179325.7564,-341245022.47464,341970918.14146,17.2,3.0,12.0,9.87e-06,1903.12,1904.1,1.973e-05,1903.02,7.0,-0.2115857142857143,0.2857142857142857,0.42857142857142855,183103910275.10278,71728840853.7331,54.0,71.0,64.0,53.0,30.0,61.0,61.0,58.0,63.0,90.0,77.0,35.0,47.0,25,Extreme Fear,4248.73,-3.5718000000000003e-06,-1.3431799999999999e-05,-1.1499999999998636,True,23,3,0,us,-0.0006826834711828322,1.136253119041696e-05,0.5
ETH,1786060800,1786064340.0,1902.35,1902.3,1903.16,-0.0003993358,1.12083e-05,993013.4742000005,729152744.6758705,1902.3,1902.4,794793.24274,4764212.89327,-179365.8334,-341261434.62684,342630596.57652,17.2,3.0,12.0,-5.62e-06,1903.0,1903.88,-1.605e-05,1902.88,5.0,0.46731999999999996,0.6,0.0,183420562378.61417,71901809218.364,55.0,70.0,68.0,56.0,30.0,72.0,66.0,62.0,53.0,84.0,71.0,45.0,65.0,29,Fear,4228.45,1.6828300000000003e-05,2.7258300000000003e-05,-1.5300000000002,True,0,4,0,asia,-0.0003152999290575442,-9.278768959822549e-05,0.75
ETH,1786064400,1786067880.0,1902.35,1902.3,1903.2,-0.0004203447,4.7191e-06,979270.5130000005,769965823.3377895,1902.3,1902.4,2141538.0567799998,2007047.7792000002,-179241.1434,-340960914.361992,342658148.88803196,17.2,3.0,12.0,-5.62e-06,1902.45,1903.36,-1.605e-05,1902.37,5.0,0.22222,0.4,0.2,183420562378.61417,71901809218.364,50.0,67.0,69.0,53.0,0.0,72.0,65.0,58.0,64.0,83.0,77.0,51.0,98.0,29,Fear,4252.15,1.03391e-05,2.07691e-05,-1.009999999999991,True,1,4,0,asia,0.0,-0.0024599526951458142,0.25
ETH,1786068000,1786071540.0,1901.75,1901.8,1902.89,-0.0005728129,2.2977e-06,977418.0962000005,753065262.1059,1901.7,1901.8,2279222.07284,2016832.8480099998,-179111.0994,-340837546.30532,342916638.37236,17.2,3.0,12.0,-5.62e-06,1901.75,1902.73,-1.605e-05,1901.7,5.0,0.0988,0.4,0.2,183420562378.61417,71901809218.364,51.0,67.0,60.0,54.0,30.0,65.0,54.0,61.0,51.0,84.0,79.0,100.0,88.0,29,Fear,4246.07,7.9177e-06,1.83477e-05,-0.9800000000000182,True,2,4,0,asia,-0.0003153993744579031,0.00036176749993707495,0.75
ETH,1786071600,1786075080.0,1896.25,1896.3,1897.3,-0.0005270648,-4.2272e-06,992712.6222000002,756890956.9154499,1896.2,1896.3,86626.29498,5464561.39561,-176050.8052,-333819621.167924,341878892.228164,17.2,3.0,12.0,-5.62e-06,1896.53,1897.43,-1.605e-05,1896.64,4.0,0.167625,0.25,0.0,183420562378.61417,71901809218.364,48.0,66.0,63.0,44.0,41.0,64.0,47.0,54.0,45.0,74.0,78.0,52.0,76.0,29,Fear,4262.15,1.3928000000000005e-06,1.1822800000000001e-05,-1.1800000000000637,True,3,4,0,asia,-0.0028920730905744874,-0.0007883227013837325,0.25
ETH,1786075200,1786078740.0,1896.25,1896.3,1897.29,-0.0004743608,1.5657e-06,989794.5970000006,787855870.6342821,1896.4,1896.5,1781850.00183,3155504.46741,-174943.97509999998,-331454795.80285,342162835.10030997,17.2,3.0,12.0,-5.62e-06,1896.48,1897.44,-1.605e-05,1896.38,6.0,0.2638333333333333,0.6666666666666666,0.16666666666666666,183420562378.61417,71901809218.364,50.0,65.0,64.0,42.0,32.0,76.0,49.0,54.0,67.0,73.0,72.0,28.0,65.0,29,Fear,4260.96,7.1857000000000005e-06,1.76157e-05,-1.1900000000000546,True,4,4,0,asia,0.0,0.0008123006723600131,0.75
ETH,1786078800,1786082340.0,1901.05,1901.1,1902.0,-0.0004731861,9.537e-07,991791.7090000004,764807210.7896104,1901.0,1901.1,1376879.38106,2861221.45314,-173446.5084,-329787233.74749804,341925630.138188,17.2,3.0,12.0,-5.62e-06,1900.79,1901.58,-1.605e-05,1900.55,0.0,,,,183420562378.61417,71901809218.364,51.0,59.0,90.0,39.0,30.0,71.0,42.0,60.0,71.0,70.0,71.0,19.0,51.0,29,Fear,4274.47,6.5737e-06,1.70037e-05,-0.5299999999999727,True,5,4,0,asia,0.0025313117996044188,0.0004182515785750543,0.5
ETH,1786082400,1786085940.0,1903.75,1903.8,1904.84,-0.0005459776,1.4896e-06,1002294.537,773412412.8743098,1903.7,1903.8,2324825.2962700003,1560902.66649,-172431.8913,-328138385.76050603,342850348.68338,17.2,3.0,12.0,-5.62e-06,1903.81,1904.53,-1.605e-05,1903.84,3.0,-0.19063333333333332,0.0,0.3333333333333333,183420562378.61417,71901809218.364,52.0,56.0,77.0,34.0,0.0,67.0,42.0,71.0,45.0,61.0,70.0,28.0,49.0,29,Fear,4291.5,7.1096000000000005e-06,1.75396e-05,-0.7799999999999727,True,6,4,0,asia,0.0014202677467716196,0.0018395129454128619,0.75
ETH,1786086000,1786089540.0,1901.95,1902.0,1902.9,-0.0004729623,2.7125e-06,1000076.491,760751002.2444104,1901.9,1902.0,1392214.10082,4002106.1776900003,-172342.1788,-327933036.25788,342822703.04116,17.2,3.0,12.0,-5.62e-06,1901.66,1902.36,-1.605e-05,1901.52,13.0,0.2893,0.46153846153846156,0.0,183420562378.61417,71901809218.364,48.0,51.0,77.0,35.0,17.0,65.0,37.0,63.0,40.0,59.0,71.0,20.0,46.0,29,Fear,4286.81,8.3325e-06,1.8762500000000002e-05,-0.4099999999998545,True,7,4,0,asia,-0.0009455022980958683,-0.0007959428109405505,0.25
ETH,1786089600,1786093140.0,1909.15,1909.23,1910.3,-0.0005758258,-2.3314e-05,976103.4772000002,796068153.0377092,1909.1,1909.2,1863146.8915100002,3794489.60599,-165560.54869999998,-316117101.000074,340315962.21303,17.2,4.0,11.0,5.102e-05,1909.9,1910.7,3.25e-05,1909.91,9.0,0.3015333333333333,0.5555555555555556,0.2222222222222222,183420562378.61417,71901809218.364,47.0,50.0,89.0,35.0,20.0,69.0,37.0,62.0,32.0,56.0,61.0,14.0,45.0,29,Fear,4302.05,-7.433400000000001e-05,-5.5814e-05,-1.5499999999999545,True,8,4,0,europe,0.0037855884749862234,-0.0016106063855322386,0.5
ETH,1786093200,1786096740.0,1912.05,1912.17,1913.1,-0.000486122,-2.79408e-05,908406.7273999986,899297962.3938503,1912.0,1912.1,2928688.84739,1256453.8794800001,-143068.1811,-273655063.05362,307708292.94146,17.2,4.0,11.0,5.102e-05,1912.41,1913.04,3.25e-05,1912.42,7.0,0.18114285714285713,0.42857142857142855,0.14285714285714285,183420562378.61417,71901809218.364,47.0,50.0,79.0,34.0,22.0,63.0,38.0,53.0,31.0,54.0,62.0,17.0,45.0,29,Fear,4311.29,-7.89608e-05,-6.04408e-05,-0.9900000000000091,True,9,4,0,europe,0.0015190006023622082,-0.003067984124060296,0.25
ETH,1786096800,1786100340.0,1911.75,1911.87,1912.96,-0.0006063901,-1.8547e-06,919776.022399999,911613109.6722826,1911.7,1911.8,3531326.25942,1352410.76013,-141162.0037,-269930862.11099,303683020.21429,17.2,4.0,11.0,5.102e-05,1912.13,1912.85,3.25e-05,1912.1,9.0,0.2887111111111111,0.5555555555555556,0.1111111111111111,183420562378.61417,71901809218.364,47.0,50.0,55.0,33.0,25.0,59.0,39.0,51.0,32.0,58.0,57.0,20.0,51.0,29,Fear,4311.24,-5.2874700000000004e-05,-3.43547e-05,-1.099999999999909,True,10,4,0,europe,-0.00015689966266574373,-0.0014952515514353492,0.5
ETH,1786100400,1786103880.0,1914.95,1915.0,1916.0,-0.0005219207,3.3096e-06,915064.6259999988,918461410.514968,1914.9,1915.0,1851749.9986500002,2864398.2780799996,-141293.9038,-270574550.81477,304225294.45259,17.2,4.0,11.0,5.102e-05,1915.51,1916.33,3.25e-05,1915.56,18.0,0.18405555555555556,0.4444444444444444,0.2222222222222222,183420562378.61417,71901809218.364,49.0,57.0,49.0,33.0,0.0,57.0,58.0,49.0,27.0,61.0,56.0,24.0,55.0,29,Fear,4316.28,-4.77104e-05,-2.9190399999999998e-05,-1.3799999999998818,True,11,4,0,europe,0.0016738590296849765,-0.0008456953680494885,0.75
ETH,1786104000,1786107480.0,1931.15,1931.2,1932.34,-0.0005899583,-2.2468e-06,911732.9922,1017236627.7481105,1931.1,1931.2,697874.6804,3976539.15046,-138564.83599999998,-267617878.512124,301379910.51702404,17.2,3.0,12.0,5.102e-05,1931.26,1932.13,3.25e-05,1931.29,15.0,0.23947333333333334,0.4,0.2,183420562378.61417,71901809218.364,49.0,60.0,48.0,38.0,0.0,55.0,63.0,51.0,37.0,64.0,58.0,36.0,56.0,29,Fear,4351.79,-5.32668e-05,-3.47468e-05,-0.9800000000000182,True,12,4,0,europe,0.008459750907334529,0.003302367586514781,1.0
ETH,1786107600,1786111080.0,1924.15,1924.1,1925.03,-0.0004311621,-2.0055e-06,873161.2711999997,1028222600.4949788,1924.1,1924.2,1408826.9652099998,4330177.11749,-121784.44769999999,-234690532.372438,268834603.300794,17.2,3.0,12.0,5.102e-05,1922.5,1923.5,3.25e-05,1922.62,6.0,-0.16149999999999998,0.16666666666666666,0.5,183420562378.61417,71901809218.364,53.0,67.0,49.0,43.0,14.0,53.0,59.0,54.0,38.0,68.0,60.0,25.0,53.0,29,Fear,4338.52,-5.30255e-05,-3.45055e-05,0.650000000000091,True,13,4,0,us,-0.0036247831602931324,0.0009503556545691792,0.25
ETH,1786111200,1786114740.0,1913.65,1913.6,1914.5,-0.0004178637,4.0414e-06,853015.8145999992,1057161533.0348381,1913.6,1913.7,2079846.4553800002,1114920.77418,-123236.3433,-235887412.69109,264461599.18096998,17.2,3.0,12.0,5.102e-05,1912.74,1913.57,3.25e-05,1912.99,12.0,0.2803583333333333,0.5,0.08333333333333333,183420562378.61417,71901809218.364,52.0,62.0,54.0,49.0,14.0,57.0,60.0,51.0,37.0,69.0,60.0,34.0,60.0,29,Fear,4333.59,-4.6978600000000005e-05,-2.84586e-05,0.08000000000015461,True,14,4,0,us,-0.005456955019099374,-0.004234137016665032,0.75
ETH,1786114800,1786118340.0,1917.05,1917.04,1918.03,-0.0004848725,4.7268e-06,854876.1980000002,985907628.74216,1917.0,1917.1,2289332.47783,1036857.79634,-124178.7764,-238121077.52920002,264652790.51466,17.2,3.0,12.0,5.102e-05,1916.99,1917.88,3.25e-05,1917.23,14.0,0.10837142857142858,0.2857142857142857,0.21428571428571427,183420562378.61417,71901809218.364,49.0,64.0,47.0,49.0,13.0,52.0,63.0,49.0,40.0,75.0,62.0,42.0,74.0,29,Fear,4334.27,-4.62932e-05,-2.7773199999999997e-05,-0.8300000000001546,True,15,4,0,us,0.001776709429623935,0.002885189093273437,0.75
ETH,1786118400,1786121940.0,1910.35,1910.3,1911.2,-0.0004185852,-6.5075e-06,847534.294399999,987379359.3864294,1910.3,1910.4,645184.3160300001,5084702.38309,-122910.1909,-234953046.03507,261321827.71443,17.2,3.0,12.0,3.625e-05,1908.56,1909.51,6.138e-05,1908.8,13.0,0.10056153846153847,0.46153846153846156,0.38461538461538464,183420562378.61417,71901809218.364,48.0,63.0,47.0,47.0,14.0,52.0,62.0,47.0,33.0,76.0,59.0,31.0,60.0,29,Fear,4323.43,-4.27575e-05,-6.78875e-05,0.8399999999999181,True,16,4,0,us,-0.003494953183276417,-0.0016113316959616656,0.5
ETH,1786122000,1786125540.0,1911.75,1911.4,1912.15,-0.00018304,8.416e-06,813314.8146000009,1069106724.9153308,1911.7,1911.8,3518343.42024,1245665.9079,-124976.3672,-238364196.79726,259423175.75428,17.2,3.0,12.0,3.625e-05,1911.41,1912.45,6.138e-05,1911.4,10.0,0.10527,0.2,0.2,183420562378.61417,71901809218.364,49.0,64.0,45.0,51.0,18.0,54.0,65.0,49.0,35.0,75.0,69.0,26.0,49.0,29,Fear,4333.53,-2.7833999999999998e-05,-5.2963999999999996e-05,-0.7000000000000455,True,17,4,0,us,0.000732850001308627,0.0020053489430703194,1.0
ETH,1786125600,1786129140.0,1908.15,1908.2,1909.49,-0.0006755731,4.0735e-06,815685.3134000002,1088103037.4888284,1908.1,1908.2,6688840.374599999,663647.47751,-124168.5888,-236789497.15241998,258621130.64442,17.2,3.0,12.0,3.625e-05,1908.93,1909.86,6.138e-05,1908.91,19.0,0.18577894736842104,0.5263157894736842,0.15789473684210525,183420562378.61417,71901809218.364,54.0,63.0,56.0,59.0,40.0,57.0,61.0,57.0,75.0,76.0,61.0,42.0,46.0,29,Fear,4329.11,-3.21765e-05,-5.73065e-05,-1.709999999999809,True,18,4,0,us,-0.0018830914083953765,-0.0008929302131619496,0.25
ETH,1786129200,1786131540.0,1916.55,1916.6,1917.7,-0.0005736038,1.2868e-06,811495.8591999995,1098338291.2815294,1916.5,1916.6,1504059.80614,1773119.15828,-120856.1221,-231567312.960725,253531906.82046503,17.2,3.0,12.0,3.625e-05,1917.85,1918.85,6.138e-05,1917.81,16.0,0.2313625,0.5,0.1875,183420562378.61417,71901809218.364,50.0,69.0,51.0,51.0,0.0,57.0,85.0,56.0,38.0,77.0,60.0,34.0,45.0,29,Fear,4337.34,-3.49632e-05,-6.0093199999999996e-05,-2.2999999999999545,True,19,4,0,us,0.004402169640751463,-0.00023541036030786527,0.5
ETH,1786132800,1786136340.0,1913.35,1913.5,1914.49,-0.0005693422,-2.6737e-06,811082.2213999998,1097716682.9680998,1913.3,1913.4,2379715.1390299997,1781624.48864,-120810.7944,-231216274.14891002,253245421.70941,17.2,3.0,12.0,3.625e-05,1913.97,1914.81,6.138e-05,1913.79,0.0,,,,183420562378.61417,71901809218.364,58.0,70.0,28.0,57.0,65.0,36.0,68.0,70.0,47.0,82.0,46.0,43.0,46.0,29,Fear,4335.34,-3.89237e-05,-6.40537e-05,-1.4600000000000364,True,20,4,0,us,-0.0016696668492864886,-0.0017602377149919608,0.5
ETH,1786136400,1786139940.0,1915.35,1915.4,1916.49,-0.0005687481,4.369e-07,808755.46,1067552979.3751106,1915.3,1915.4,1309111.06048,2019253.51427,-120212.1537,-230338507.70457,252407127.75615,17.2,3.0,12.0,3.625e-05,1915.65,1916.55,6.138e-05,1915.61,10.0,0.11979999999999999,0.4,0.2,183420562378.61417,71901809218.364,52.0,67.0,18.0,49.0,26.0,19.0,75.0,55.0,48.0,86.0,31.0,43.0,45.0,29,Fear,4338.28,-3.58131e-05,-6.0943099999999996e-05,-1.2000000000000455,True,21,4,0,us,0.001045287061959499,0.0018584253838529114,1.0
ETH,1786140000,1786143540.0,1913.75,1913.7,1914.7,-0.0004700475,-1.6228e-06,808527.3678,1064913666.7312201,1913.7,1913.8,2533211.77205,895474.82474,-120004.6986,-229654132.97564,251690222.8492,17.2,3.0,12.0,3.625e-05,1913.93,1914.84,6.138e-05,1913.96,9.0,0.3612777777777778,0.5555555555555556,0.1111111111111111,183420562378.61417,71901809218.364,54.0,70.0,19.0,55.0,35.0,22.0,77.0,59.0,53.0,90.0,37.0,37.0,51.0,29,Fear,4343.73,-3.78728e-05,-6.300279999999999e-05,-1.0899999999999181,True,22,4,0,us,-0.0008353564622652909,5.3450320386235904e-05,0.25
ETH,1786143600,1786147080.0,1913.15,1913.1,1914.15,-0.0004963038,2.7026e-06,808577.2783999995,1035546153.6235399,1913.1,1913.2,1202557.6202,2852537.69623,-119992.6459,-229550364.14393,251432426.59482998,17.2,3.0,12.0,3.625e-05,1913.07,1914.18,6.138e-05,1913.03,23.0,0.07764347826086956,0.391304347826087,0.2608695652173913,183420562378.61417,71901809218.364,54.0,74.0,18.0,55.0,0.0,26.0,85.0,59.0,64.0,93.0,38.0,57.0,50.0,29,Fear,4344.47,-3.35474e-05,-5.8677399999999995e-05,-1.0299999999999727,True,23,4,0,us,-0.00031352057478761797,-0.0009880682683002934,0.5
ETH,1786147200,1786150740.0,1913.55,1913.5,1914.41,-0.0004231069,3.2822e-06,809697.9585999999,1000210387.3816595,1913.5,1913.6,1001049.1333100001,3068992.79232,-120229.1494,-230059494.749989,251874640.187275,17.2,3.0,12.0,3.4e-07,1913.41,1914.35,-2.018e-05,1913.39,0.0,,,,183416069330.6819,72129802847.59998,55.0,74.0,19.0,52.0,0.0,28.0,93.0,55.0,51.0,83.0,42.0,34.0,74.0,30,Fear,4344.58,2.9422e-06,2.34622e-05,-0.7999999999999545,True,0,5,1,asia,0.00020907926717717018,0.0002267530723412177,0.75
ETH,1786150800,1786154340.0,1913.55,1913.7,1914.66,-0.0005536231,7.3356e-06,809469.9808,945072426.04004,1913.5,1913.6,4047897.4075300004,414760.67259,-120251.7539,-230119027.018154,251932066.678612,17.2,3.0,12.0,3.4e-07,1913.81,1914.65,-2.018e-05,1913.6,0.0,,,,183416069330.6819,72129802847.59998,45.0,68.0,16.0,44.0,0.0,24.0,91.0,49.0,50.0,74.0,30.0,35.0,100.0,30,Fear,4338.15,6.9955999999999996e-06,2.7515599999999998e-05,-1.1000000000001364,True,1,5,1,asia,0.0,-7.01878978804294e-05,0.25
ETH,1786154400,1786157940.0,1912.15,1912.2,1913.19,-0.0005174604,6.1376e-06,808693.9820000003,937909175.7704396,1912.1,1912.2,3174197.48696,808098.4598600001,-120280.1047,-229983743.48800898,251683781.021171,17.2,3.0,12.0,3.4e-07,1912.27,1913.18,-2.018e-05,1912.3,11.0,0.15474545454545455,0.45454545454545453,0.09090909090909091,183416069330.6819,72129802847.59998,44.0,62.0,15.0,40.0,36.0,24.0,75.0,51.0,49.0,76.0,29.0,39.0,100.0,30,Fear,4338.74,5.7976e-06,2.63176e-05,-1.0299999999999727,True,2,5,1,asia,-0.000731624467612435,-0.0007489914181870026,0.5
ETH,1786158000,1786161540.0,1917.55,1917.5,1918.48,-0.0004586965,6.4899e-06,805274.2832000001,911225473.54859,1917.5,1917.6,2467520.88392,1355231.17697,-120721.2456,-231479087.96271202,252862649.588728,17.2,3.0,12.0,3.4e-07,1917.2,1918.08,-2.018e-05,1917.06,5.0,-0.008520000000000017,0.2,0.4,183416069330.6819,72129802847.59998,44.0,66.0,13.0,46.0,33.0,23.0,69.0,54.0,64.0,77.0,37.0,0.0,92.0,30,Fear,4340.33,6.1499e-06,2.66699e-05,-0.5299999999999727,True,3,5,1,asia,0.002824046230682775,0.0008809916788157606,0.5
ETH,1786161600,1786165140.0,1916.15,1916.1,1917.0,-0.0004173187,1.07609e-05,804868.3673999999,869158691.3279389,1916.1,1916.2,2047038.03322,1568246.73025,-121113.5723,-232071241.52794,252548787.35211998,17.2,3.0,12.0,3.4e-07,1916.12,1917.0,-2.018e-05,1916.14,6.0,0.04803333333333332,0.3333333333333333,0.16666666666666666,183416069330.6819,72129802847.59998,42.0,61.0,11.0,34.0,28.0,20.0,59.0,49.0,35.0,71.0,30.0,33.0,74.0,30,Fear,4333.27,1.04209e-05,3.09409e-05,-0.849999999999909,True,4,5,1,asia,-0.0007300983025213537,-0.00021671507755983174,0.75
ETH,1786165200,1786168740.0,1916.35,1916.4,1917.1,-0.0003651348,1.10324e-05,804990.0682,858057007.5995609,1916.3,1916.4,1880651.9178300002,954571.68036,-121223.0194,-232307612.72751,252594617.93801,17.2,3.0,12.0,3.4e-07,1916.69,1917.56,-2.018e-05,1916.78,8.0,0.1515,0.375,0.25,183416069330.6819,72129802847.59998,43.0,54.0,16.0,37.0,0.0,21.0,54.0,62.0,39.0,69.0,28.0,31.0,57.0,30,Fear,4336.92,1.06924e-05,3.12124e-05,-1.2100000000000364,True,5,5,1,asia,0.00010437596221590795,0.0002068694332415999,0.75
ETH,1786168800,1786172340.0,1915.55,1915.6,1916.48,-0.0004591752,1.14499e-05,804414.3128000001,835072249.0009103,1915.5,1915.6,4142725.70056,921852.0116399999,-121231.2363,-232234336.82825,252368179.57783,17.2,3.0,12.0,3.4e-07,1915.66,1916.44,-2.018e-05,1915.59,8.0,0.41168750000000004,0.75,0.125,183416069330.6819,72129802847.59998,47.0,56.0,47.0,33.0,0.0,20.0,51.0,81.0,26.0,74.0,27.0,39.0,57.0,30,Fear,4337.99,1.11099e-05,3.16299e-05,-0.8900000000001,True,6,5,1,asia,-0.0004174602760456114,-0.0006570034101901889,0.5
ETH,1786172400,1786175880.0,1913.85,1913.9,1914.8,-0.000470023,1.15397e-05,800800.491,836703467.9519603,1913.8,1913.9,1317169.5590700002,1757504.73652,-121193.0482,-231975613.55962,251928379.54141998,17.2,3.0,12.0,3.4e-07,1914.29,1915.11,-2.018e-05,1914.35,5.0,0.49326,0.8,0.2,183416069330.6819,72129802847.59998,43.0,50.0,25.0,33.0,0.0,21.0,50.0,71.0,30.0,67.0,26.0,37.0,55.0,30,Fear,4338.71,1.11997e-05,3.17197e-05,-1.259999999999991,True,7,5,1,asia,-0.0008874735715591608,-1.7395552966535644e-05,0.25
ETH,1786176000,1786179540.0,1915.95,1916.0,1916.9,-0.0004695081,4.6475e-06,805926.2984,749460618.0580895,1915.9,1916.0,3097114.51766,1149879.70065,-121125.7395,-232075861.38200003,252206010.738,17.2,3.0,12.0,2.738e-05,1916.02,1916.85,-2.29e-06,1916.05,11.0,0.21943636363636365,0.5454545454545454,0.18181818181818182,183416069330.6819,72129802847.59998,40.0,49.0,20.0,30.0,0.0,19.0,45.0,60.0,30.0,59.0,25.0,25.0,56.0,30,Fear,4341.81,-2.27325e-05,6.9375e-06,-0.8999999999998636,True,8,5,1,europe,0.0010972646759150884,0.000487803579335666,0.75
ETH,1786179600,1786183080.0,1917.95,1918.0,1918.95,-0.0004950624,4.4762e-06,806392.5279999999,603534433.5122701,1917.9,1918.0,2822187.71706,1332298.56049,-121000.4601,-232074641.93583,252249687.35553998,17.2,3.0,12.0,2.738e-05,1918.05,1918.95,-2.29e-06,1917.85,11.0,0.012572727272727275,0.18181818181818182,0.18181818181818182,183416069330.6819,72129802847.59998,39.0,47.0,11.0,27.0,0.0,20.0,45.0,49.0,0.0,60.0,21.0,20.0,53.0,30,Fear,4342.75,-2.29038e-05,6.7662e-06,-1.0,True,9,5,1,europe,0.0010438685769462719,0.0010609622590818486,0.75
ETH,1786183200,1786186740.0,1920.35,1920.3,1921.2,-0.0004164064,-6.626e-07,808264.5276000003,570400111.2930509,1920.3,1920.4,793391.27774,2998266.8093,-120694.0453,-231737994.292513,252389535.591299,17.2,3.0,12.0,2.738e-05,1920.36,1921.17,-2.29e-06,1920.19,9.0,-0.09861111111111111,0.1111111111111111,0.3333333333333333,183416069330.6819,72129802847.59998,41.0,56.0,16.0,31.0,34.0,26.0,47.0,55.0,28.0,60.0,27.0,30.0,55.0,30,Fear,4338.86,-2.8042599999999998e-05,1.6274e-06,-0.8200000000001637,True,10,5,1,europe,0.0012513360619410552,0.0008309510083686731,0.5
ETH,1786186800,1786190280.0,1920.25,1920.2,1920.93,-0.0003279661,1.25e-05,807277.4696000001,554542945.79251,1920.2,1920.3,1540424.5656199998,2952026.02306,-121131.8117,-232512513.21801,251936608.61421,17.2,3.0,12.0,2.738e-05,1920.05,1920.99,-2.29e-06,1919.71,3.0,0.3932666666666667,0.6666666666666666,0.0,183416069330.6819,72129802847.59998,42.0,56.0,17.0,33.0,28.0,25.0,54.0,48.0,39.0,63.0,31.0,15.0,60.0,30,Fear,4340.24,-1.4879999999999998e-05,1.479e-05,-0.7400000000000091,True,11,5,1,europe,-5.207384070604615e-05,0.0007659444084887612,0.75
ETH,1786190400,1786193880.0,1918.75,1918.7,1919.3,-0.0002605116,1.25e-05,807492.2004,448128008.8822103,1918.7,1918.8,893904.40697,3030080.56447,-121979.8221,-234060988.733922,251221329.648042,17.2,3.0,12.0,2.738e-05,1918.39,1919.19,-2.29e-06,1918.36,17.0,0.051435294117647065,0.23529411764705882,0.17647058823529413,183416069330.6819,72129802847.59998,44.0,57.0,16.0,30.0,0.0,28.0,59.0,50.0,33.0,65.0,30.0,28.0,59.0,30,Fear,4341.24,-1.4879999999999998e-05,1.479e-05,-0.44000000000005457,True,12,5,1,europe,-0.0007811482879833687,-0.0014040647400889719,0.75
ETH,1786194000,1786197480.0,1919.15,1919.1,1919.8,-0.0003021148,1.25e-05,808237.2938000001,370710546.0539495,1919.1,1919.2,3324855.63956,837823.2656299999,-122433.5196,-234981024.47640002,251495909.17838,17.2,3.0,12.0,2.738e-05,1919.24,1920.0,-2.29e-06,1919.23,14.0,-0.1475357142857143,0.21428571428571427,0.42857142857142855,183416069330.6819,72129802847.59998,45.0,54.0,22.0,30.0,0.0,28.0,58.0,45.0,43.0,71.0,34.0,16.0,62.0,30,Fear,4342.23,-1.4879999999999998e-05,1.479e-05,-0.849999999999909,True,13,5,1,us,0.00020846905537474925,2.0846238887799553e-06,0.75
ETH,1786197600,1786201140.0,1922.85,1922.78,1923.5,-0.0003119314,1.25e-05,810412.1571999999,329162663.9607002,1922.8,1922.9,357823.32336000004,4446249.14052,-123295.1654,-237195239.19652,252501995.83536,17.2,3.0,12.0,2.738e-05,1923.0,1923.77,-2.29e-06,1923.1,9.0,0.06016666666666665,0.3333333333333333,0.3333333333333333,183416069330.6819,72129802847.59998,42.0,57.0,19.0,36.0,0.0,25.0,58.0,47.0,42.0,77.0,28.0,35.0,63.0,30,Fear,4342.61,-1.4879999999999998e-05,1.479e-05,-0.9200000000000728,True,14,5,1,us,0.0019279368470415115,-0.00013704257528389125,0.5
ETH,1786201200,1786204680.0,1922.55,1922.33,1923.22,-0.000322376,9.6345e-06,812216.5622000002,321928783.3792299,1922.5,1922.6,497712.88018,3873251.3926199996,-123158.16040000001,-236781981.217992,252069711.72274798,17.2,3.0,12.0,2.738e-05,1921.85,1922.62,-2.29e-06,1921.72,16.0,0.33274375,0.625,0.125,183416069330.6819,72129802847.59998,45.0,55.0,25.0,41.0,0.0,20.0,61.0,48.0,14.0,74.0,26.0,20.0,83.0,30,Fear,4345.18,-1.7745499999999998e-05,1.19245e-05,-0.06999999999993634,True,15,5,1,us,-0.00015601841017243157,0.0004931807194123148,0.75
ETH,1786204800,1786208340.0,1921.85,1921.8,1922.5,-0.0003120936,1.25e-05,814677.7248,298266318.49685943,1921.8,1921.9,1843368.5623100002,3178453.5569,-123601.8111,-237541860.942154,252392488.375454,17.2,3.0,12.0,7.172e-05,1921.68,1922.46,2.978e-05,1921.79,5.0,0.12332000000000001,0.2,0.0,183416069330.6819,72129802847.59998,47.0,54.0,44.0,37.0,0.0,23.0,62.0,53.0,10.0,80.0,28.0,30.0,66.0,30,Fear,4341.26,-5.922e-05,-1.7279999999999997e-05,-0.6100000000001273,True,16,5,1,us,-0.00036409976333517946,-0.00019305946964849987,0.5
ETH,1786208400,1786211940.0,1923.45,1923.4,1924.09,-0.0003066385,1.25e-05,814765.1062000002,215879522.15483996,1923.4,1923.5,752989.98318,4435020.68982,-124327.94870000001,-239132945.47166002,253702515.579212,17.2,3.0,12.0,7.172e-05,1923.05,1923.85,2.978e-05,1923.02,8.0,0.4247625,0.75,0.25,183416069330.6819,72129802847.59998,44.0,55.0,22.0,37.0,0.0,24.0,62.0,54.0,17.0,79.0,28.0,23.0,53.0,30,Fear,4341.65,-5.922e-05,-1.7279999999999997e-05,-0.3999999999998636,True,17,5,1,us,0.0008325311548769143,0.0003586885767998823,1.0
ETH,1786212000,1786215540.0,1920.55,1920.6,1921.27,-0.0003487277,1.25e-05,815435.2548000005,188807266.41105977,1920.5,1920.6,2099035.35019,2191816.2264799997,-124506.5046,-239102144.39748,253419960.53696,17.2,3.0,12.0,7.172e-05,1920.49,1921.1,2.978e-05,1920.43,12.0,0.18500000000000003,0.5,0.08333333333333333,183416069330.6819,72129802847.59998,48.0,57.0,24.0,40.0,58.0,29.0,62.0,56.0,19.0,78.0,35.0,29.0,54.0,30,Fear,4343.12,-5.922e-05,-1.7279999999999997e-05,-0.5499999999999545,True,18,5,1,us,-0.0015077075047441602,-0.00023419625033169991,0.75
ETH,1786215600,1786219140.0,1920.25,1920.2,1920.82,-0.0002707177,1.25e-05,816114.4583999999,168239604.95146996,1920.2,1920.3,595081.23246,4233309.09618,-124661.6401,-239344035.000908,253333881.946848,17.2,3.0,12.0,7.172e-05,1919.61,1920.41,2.978e-05,1919.68,17.0,0.0877235294117647,0.35294117647058826,0.23529411764705882,183416069330.6819,72129802847.59998,49.0,55.0,23.0,43.0,19.0,29.0,63.0,58.0,9.0,83.0,39.0,35.0,54.0,30,Fear,4342.28,-5.922e-05,-1.7279999999999997e-05,-0.16000000000008185,True,19,5,1,us,-0.00015620525370330096,-0.0008412584642673927,0.25
ETH,1786219200,1786222740.0,1919.75,1919.8,1920.4,-0.0003124349,1.25e-05,815232.2058000003,167599345.6753702,1919.7,1919.8,1135007.9174799998,3779288.78649,-125010.7307,-239985925.03974,253150464.61867,17.2,3.0,12.0,7.172e-05,1919.41,1920.39,2.978e-05,1919.21,9.0,0.3802333333333333,0.5555555555555556,0.0,183416069330.6819,72129802847.59998,53.0,62.0,27.0,47.0,31.0,30.0,63.0,64.0,13.0,79.0,47.0,23.0,52.0,30,Fear,4342.72,-5.922e-05,-1.7279999999999997e-05,-0.6400000000001,True,20,5,1,us,-0.0002603827626611599,-0.000140996578950572,0.25
ETH,1786222800,1786226340.0,1920.05,1920.1,1920.8,-0.0003644315,1.25e-05,816060.7220000003,157316057.35923997,1920.0,1920.1,1424892.52547,3047815.70286,-125451.2697,-240904008.23541,253369774.90715,17.2,3.0,12.0,7.172e-05,1919.89,1920.82,2.978e-05,1919.84,16.0,0.024531249999999994,0.3125,0.3125,183416069330.6819,72129802847.59998,58.0,71.0,27.0,46.0,23.0,42.0,77.0,64.0,19.0,85.0,48.0,41.0,48.0,30,Fear,4342.97,-5.922e-05,-1.7279999999999997e-05,-0.7699999999999818,True,21,5,1,us,0.00015627034770160364,0.0012332958442598007,1.0
ETH,1786226400,1786229940.0,1916.45,1916.4,1917.1,-0.0003129727,1.25e-05,813291.1294000006,174865367.79718956,1916.4,1916.5,1638829.01791,3592377.1915200003,-127001.9719,-243385026.29637,253114274.95955,17.2,3.0,12.0,7.172e-05,1915.93,1916.75,2.978e-05,1915.94,10.0,0.06808,0.1,0.0,183416069330.6819,72129802847.59998,57.0,68.0,30.0,53.0,32.0,38.0,74.0,68.0,17.0,86.0,48.0,35.0,50.0,30,Fear,4342.98,-5.922e-05,-1.7279999999999997e-05,-0.2999999999999545,True,22,5,1,us,-0.0018749511731465107,-0.0007756001639628869,0.5
ETH,1786230000,1786233480.0,1916.05,1916.1,1917.0,-0.0004694836,1.25e-05,811128.1002000002,179715734.55939016,1916.0,1916.1,1930947.0814800002,2246042.12506,-127060.2303,-243460107.27783,252991160.01801,17.2,3.0,12.0,7.172e-05,1915.98,1916.74,2.978e-05,1916.07,9.0,-0.026544444444444457,0.2222222222222222,0.2222222222222222,183416069330.6819,72129802847.59998,57.0,68.0,29.0,52.0,32.0,40.0,86.0,70.0,19.0,86.0,47.0,25.0,51.0,30,Fear,4347.04,-5.922e-05,-1.7279999999999997e-05,-0.6900000000000546,True,23,5,1,us,-0.00020871924652354767,-0.00044941779439996413,0.25
ETH,1786233600,1786237140.0,1916.55,1916.53,1917.2,-0.0003129564,1.25e-05,813210.3496,178957363.21642002,1916.5,1916.6,2675991.5592,2289863.65288,-127285.3076,-243898283.73863,253020687.74049,17.2,3.0,12.0,3.196e-05,1917.15,1918.09,3.134e-05,1917.24,7.0,0.2637285714285714,0.42857142857142855,0.2857142857142857,183135442645.17242,72152411817.81174,55.0,72.0,33.0,55.0,53.0,33.0,92.0,73.0,18.0,86.0,50.0,30.0,69.0,31,Fear,4345.9,-1.946e-05,-1.8840000000000003e-05,-1.5399999999999636,True,0,6,1,asia,0.00026095352417732087,3.75265953857024e-05,0.75
ETH,1786237200,1786240740.0,1915.15,1915.3,1916.4,-0.0006261741,1.25e-05,817791.8549999999,192907316.67336997,1915.1,1915.2,2940373.2124500005,1872320.66385,-126893.1488,-243046376.26453,252403131.41045,17.2,3.0,12.0,3.196e-05,1915.31,1916.14,3.134e-05,1915.22,6.0,0.01608333333333334,0.16666666666666666,0.16666666666666666,183135442645.17242,72152411817.81174,53.0,77.0,37.0,58.0,69.0,39.0,88.0,72.0,22.0,87.0,52.0,36.0,100.0,31,Fear,4344.33,-1.946e-05,-1.8840000000000003e-05,-0.9900000000000091,True,1,6,1,asia,-0.0007304792465627763,0.0010620554825615147,0.75
ETH,1786240800,1786244280.0,1914.35,1914.2,1914.94,-0.0002819932,5.9067e-06,818876.5717999998,194198473.4216,1914.3,1914.4,647006.08648,4424809.83549,-126722.03510000001,-242575773.37286,252204043.00652,17.2,3.0,12.0,3.196e-05,1913.86,1914.8,3.134e-05,1914.06,4.0,0.10577500000000001,0.5,0.25,183135442645.17242,72152411817.81174,53.0,75.0,62.0,57.0,50.0,39.0,76.0,62.0,21.0,85.0,57.0,33.0,96.0,31,Fear,4347.27,-2.60533e-05,-2.5433300000000003e-05,-0.4500000000000455,True,2,6,1,asia,-0.0004177218494635371,0.0004692236905810913,1.0
ETH,1786244400,1786247940.0,1913.55,1913.56,1914.15,-0.0002873338,1.25e-05,820009.6734000002,186085395.6236002,1913.5,1913.6,997882.5996300001,4984996.80669,-126855.9036,-242739790.38435,252222790.22434998,17.2,3.0,12.0,3.196e-05,1913.07,1914.04,3.134e-05,1913.21,3.0,0.25256666666666666,0.3333333333333333,0.0,183135442645.17242,72152411817.81174,52.0,71.0,39.0,53.0,52.0,36.0,61.0,61.0,14.0,79.0,43.0,35.0,91.0,31,Fear,4343.83,-1.946e-05,-1.8840000000000003e-05,-0.4900000000000091,True,3,6,1,asia,-0.00041789641392642185,0.0001293257982903068,0.75
ETH,1786248000,1786251540.0,1912.75,1912.8,1913.2,-0.0002090738,1.25e-05,820915.5792000003,198906042.43794003,1912.7,1912.8,1101434.81718,4238785.92167,-127031.22039999999,-242953025.86066,252252982.31868,17.2,3.0,12.0,3.196e-05,1912.43,1913.16,3.134e-05,1912.37,8.0,0.0920625,0.25,0.125,183135442645.17242,72152411817.81174,52.0,69.0,30.0,51.0,24.0,42.0,57.0,63.0,14.0,80.0,46.0,34.0,78.0,31,Fear,4345.52,-1.946e-05,-1.8840000000000003e-05,-0.41000000000008185,True,4,6,1,asia,-0.0004180711243499946,-0.00036647084934893654,0.25
ETH,1786251600,1786255140.0,1913.45,1913.4,1914.3,-0.0004179073,1.25e-05,821753.9634,199410216.0391298,1913.4,1913.5,2998349.733809999,1704236.5602199999,-127169.404,-243325937.61360002,252585014.91696,17.2,3.0,12.0,3.196e-05,1913.63,1914.46,3.134e-05,1913.87,5.0,0.07379999999999998,0.4,0.4,183135442645.17242,72152411817.81174,53.0,57.0,38.0,45.0,28.0,36.0,52.0,66.0,14.0,73.0,38.0,24.0,63.0,31,Fear,4346.5,-1.946e-05,-1.8840000000000003e-05,-1.009999999999991,True,5,6,1,asia,0.00036596523330278963,0.00021274843097663363,0.75
ETH,1786255200,1786258740.0,1918.15,1918.1,1918.8,-0.0003126954,1.25e-05,822600.6223999992,203083018.5442203,1918.1,1918.2,925605.6446199999,4435189.40055,-127628.5878,-244787459.508188,253940012.91814,17.2,3.0,12.0,3.196e-05,1918.5,1919.33,3.134e-05,1918.45,4.0,0.10972500000000002,0.5,0.25,183135442645.17242,72152411817.81174,53.0,68.0,16.0,39.0,49.0,31.0,47.0,24.0,9.0,75.0,35.0,31.0,64.0,31,Fear,4346.62,-1.946e-05,-1.8840000000000003e-05,-1.1799999999998363,True,6,6,1,asia,0.0024562962188716675,0.0013820498613486202,0.75
ETH,1786258800,1786262280.0,1917.15,1917.2,1918.09,-0.0004640033,1.25e-05,824470.8176000001,199051769.3959499,1917.1,1917.2,2220676.0986,2443615.84566,-127805.6674,-245015076.65199998,254138946.55657,17.2,3.0,12.0,3.196e-05,1918.28,1918.97,3.134e-05,1918.29,10.0,0.20118,0.5,0.2,183135442645.17242,72152411817.81174,50.0,58.0,11.0,39.0,25.0,31.0,44.0,20.0,11.0,67.0,29.0,38.0,63.0,31,Fear,4354.53,-1.946e-05,-1.8840000000000003e-05,-1.8199999999999363,True,7,6,1,asia,-0.0005213356619659937,1.4105413463837428e-05,0.5
ETH,1786262400,1786265940.0,1914.85,1914.9,1915.7,-0.0004176019,1.25e-05,825359.1852,194624894.46315008,1914.8,1914.9,2156387.35411,1785489.51272,-128184.6482,-245463045.22537,254382812.57485,17.2,3.0,12.0,4.185e-05,1914.89,1915.94,6.318e-05,1915.06,10.0,0.16663,0.3,0.2,183135442645.17242,72152411817.81174,44.0,51.0,8.0,35.0,0.0,28.0,44.0,19.0,0.0,60.0,31.0,15.0,59.0,31,Fear,4350.73,-2.9350000000000002e-05,-5.068e-05,-1.0900000000001455,True,8,6,1,europe,-0.0011996974675951844,-0.0010747155741033499,0.5
ETH,1786266000,1786269540.0,1919.25,1919.2,1920.0,-0.0003645833,1.25e-05,826829.8814000002,194916430.13103998,1919.2,1919.3,2206951.79418,1599075.48911,-128669.87240000001,-247046155.008,255820993.92000002,17.2,3.0,12.0,4.185e-05,1920.83,1921.45,6.318e-05,1920.7,6.0,0.28063333333333335,0.6666666666666666,0.0,183135442645.17242,72152411817.81174,44.0,48.0,8.0,36.0,26.0,29.0,41.0,20.0,8.0,63.0,29.0,20.0,54.0,31,Fear,4347.52,-2.9350000000000002e-05,-5.068e-05,-2.2000000000000455,True,9,6,1,europe,0.002297830117241606,0.0014333785818122946,1.0
ETH,1786269600,1786273080.0,1919.75,1919.8,1920.7,-0.0004685792,1.25e-05,827850.6950000002,192990952.76940998,1919.7,1919.8,1527493.85995,2922640.35176,-128710.8401,-247093238.81855,255846940.47327,17.2,3.0,12.0,4.185e-05,1919.3,1920.1,6.318e-05,1919.4,4.0,0.504475,0.75,0.0,183135442645.17242,72152411817.81174,45.0,51.0,7.0,32.0,0.0,34.0,44.0,18.0,9.0,58.0,28.0,24.0,57.0,31,Fear,4348.59,-2.9350000000000002e-05,-5.068e-05,-0.34999999999990905,True,10,6,1,europe,0.00026051843167906874,-0.0017446629019749614,0.75
ETH,1786273200,1786276740.0,1918.25,1918.4,1919.3,-0.0005210233,1.25e-05,828669.7407999997,188599197.23845977,1918.2,1918.3,3889874.3733,851492.06537,-128784.1079,-247027840.75318998,255660157.16755,17.2,3.0,12.0,4.185e-05,1918.35,1919.23,6.318e-05,1918.42,7.0,0.07875714285714286,0.2857142857142857,0.14285714285714285,183135442645.17242,72152411817.81174,47.0,61.0,6.0,37.0,0.0,25.0,53.0,17.0,5.0,62.0,28.0,34.0,62.0,31,Fear,4351.05,-2.9350000000000002e-05,-5.068e-05,-0.9800000000000182,True,11,6,1,europe,-0.0007813517385075741,-0.0007813517385075741,0.5
ETH,1786276800,1786280340.0,1917.45,1917.4,1918.01,-0.0002659006,1.25e-05,829808.9899999998,181293654.50074008,1917.4,1917.5,1550345.91624,2450902.97921,-128860.6538,-247061066.65532,255683515.12678,17.2,3.0,12.0,4.185e-05,1916.63,1917.5,6.318e-05,1916.75,0.0,,,,183135442645.17242,72152411817.81174,45.0,64.0,18.0,36.0,24.0,29.0,55.0,54.0,8.0,65.0,33.0,15.0,65.0,31,Fear,4353.99,-2.9350000000000002e-05,-5.068e-05,-0.049999999999954525,True,12,6,1,europe,-0.0004170467874364814,-0.00015223549434378327,0.75
ETH,1786280400,1786283880.0,1922.65,1922.7,1923.57,-0.0004418867,1.25e-05,829373.9274000002,195517253.32416996,1922.6,1922.7,4278442.75559,676344.5223600001,-129660.4749,-249246330.90027002,257554782.54457,17.2,3.0,12.0,4.185e-05,1922.64,1923.36,6.318e-05,1922.62,11.0,-0.08142727272727274,0.2727272727272727,0.36363636363636365,183135442645.17242,72152411817.81174,46.0,61.0,19.0,37.0,28.0,23.0,58.0,52.0,11.0,71.0,27.0,20.0,61.0,31,Fear,4354.53,-2.9350000000000002e-05,-5.068e-05,-0.709999999999809,True,13,6,1,us,0.002711935122167386,-0.0013371978963835377,0.25
ETH,1786284000,1786287540.0,1924.95,1925.0,1925.7,-0.0003635042,1.25e-05,831522.8186000002,188792347.2509899,1924.9,1925.0,2278148.75857,1882204.29684,-129966.3643,-249990301.73105,258287838.32605,17.2,3.0,12.0,4.185e-05,1924.37,1925.07,6.318e-05,1924.13,17.0,0.0695764705882353,0.35294117647058826,0.17647058823529413,183135442645.17242,72152411817.81174,43.0,61.0,17.0,37.0,28.0,25.0,53.0,47.0,9.0,72.0,28.0,18.0,68.0,31,Fear,4355.47,-2.9350000000000002e-05,-5.068e-05,-0.11999999999989086,True,14,6,1,us,0.001196265570956756,0.0002681074319871604,0.5
ETH,1786287600,1786291080.0,1926.75,1926.7,1927.1,-0.0001556743,1.25e-05,842413.3887999998,203095072.6742097,1926.7,1926.8,1139573.35374,3131273.1798,-131290.7414,-252957871.45538,259504206.17314,17.2,3.0,12.0,4.185e-05,1925.75,1926.56,6.318e-05,1925.51,11.0,0.08628181818181818,0.36363636363636365,0.09090909090909091,183135442645.17242,72152411817.81174,44.0,60.0,18.0,36.0,21.0,24.0,58.0,50.0,9.0,71.0,30.0,23.0,84.0,31,Fear,4358.0,-2.9350000000000002e-05,-5.068e-05,0.19000000000005457,True,15,6,1,us,0.0009350892230965968,0.0017870544931003333,0.5
ETH,1786291200,1786294740.0,1923.75,1923.7,1924.11,-0.0001611134,1.25e-05,842668.5948000001,206319385.80387002,1923.7,1923.8,1575528.77451,3166171.01719,-131612.6788,-253183310.20756,259263426.45024002,17.2,3.0,12.0,7.977e-05,1923.43,1924.11,5.266e-05,1923.26,3.0,-0.3223333333333333,0.0,0.3333333333333333,183135442645.17242,72152411817.81174,45.0,62.0,20.0,41.0,27.0,23.0,60.0,52.0,9.0,75.0,30.0,22.0,67.0,31,Fear,4356.58,-6.727e-05,-4.016e-05,-0.35999999999989996,True,16,6,1,us,-0.0015570260801868185,-0.0015827615158018704,0.5
ETH,1786294800,1786298280.0,1922.75,1922.8,1923.2,-0.0002079867,1.25e-05,843538.4562,198801328.09982017,1922.7,1922.8,1720601.09113,1536006.54757,-131884.9221,-253579870.03009,259477381.61435002,17.2,3.0,12.0,7.977e-05,1922.31,1923.11,5.266e-05,1922.18,8.0,-0.011637500000000009,0.125,0.25,183135442645.17242,72152411817.81174,46.0,62.0,18.0,39.0,18.0,26.0,63.0,51.0,12.0,80.0,28.0,25.0,56.0,31,Fear,4353.78,-6.727e-05,-4.016e-05,-0.35999999999989996,True,17,6,1,us,-0.000519818063677735,-1.0209041106526233e-05,1.0
ETH,1786298400,1786301880.0,1920.75,1920.7,1921.5,-0.0003642987,1.25e-05,841299.7808000001,201665579.62390003,1920.7,1920.8,3595624.62348,1087191.8261099998,-132072.6846,-253672005.31122,259392791.43836,17.2,3.0,12.0,7.977e-05,1920.71,1921.52,5.266e-05,1920.55,6.0,-0.0899,0.16666666666666666,0.16666666666666666,183135442645.17242,72152411817.81174,53.0,67.0,22.0,48.0,72.0,31.0,66.0,63.0,16.0,82.0,31.0,26.0,55.0,31,Fear,4353.96,-6.727e-05,-4.016e-05,-0.7699999999999818,True,18,6,1,us,-0.0010401768300610792,-0.0010401768300610792,0.5
ETH,1786302000,1786305480.0,1921.85,1921.8,1922.24,-0.000176877,1.25e-05,844345.2611999998,204321984.11202,1921.8,1921.9,2683510.87562,1337685.1392,-132662.6577,-254955962.35107,260282215.34636998,17.2,3.0,12.0,7.977e-05,1921.16,1922.04,5.266e-05,1921.05,5.0,-0.22523999999999997,0.0,0.4,183135442645.17242,72152411817.81174,50.0,64.0,20.0,43.0,21.0,26.0,67.0,61.0,12.0,78.0,29.0,23.0,57.0,31,Fear,4357.03,-6.727e-05,-4.016e-05,-0.19000000000005457,True,19,6,1,us,0.0005726929584797258,0.0006077672925648986,0.5
ETH,1786305600,1786309140.0,1920.35,1920.3,1920.9,-0.0002602947,1.25e-05,843695.9563999998,204457308.9439401,1920.3,1920.4,2110310.4713,1577998.44448,-132707.8067,-254838801.20601,260113294.97691,17.2,3.0,12.0,7.977e-05,1919.99,1920.73,5.266e-05,1920.0,6.0,0.16908333333333334,0.16666666666666666,0.0,183135442645.17242,72152411817.81174,55.0,72.0,23.0,52.0,30.0,31.0,72.0,67.0,17.0,85.0,34.0,28.0,55.0,31,Fear,4359.1,-6.727e-05,-4.016e-05,-0.38000000000010914,True,20,6,1,us,-0.0007804979576969684,-0.0001573207403244445,0.5
ETH,1786309200,1786312740.0,1924.25,1924.3,1924.79,-0.0001662519,1.25e-05,845300.0385999996,206878244.7054902,1924.2,1924.3,2520255.39548,764117.9768699999,-133439.6739,-256791308.45316002,261822444.80284,17.2,3.0,12.0,7.977e-05,1923.84,1924.73,5.266e-05,1923.87,10.0,0.19906,0.3,0.1,183135442645.17242,72152411817.81174,55.0,75.0,19.0,53.0,23.0,34.0,73.0,52.0,7.0,88.0,35.0,36.0,52.0,31,Fear,4347.29,-6.727e-05,-4.016e-05,-0.4800000000000182,True,21,6,1,us,0.0020308797875387974,0.0011727807825761874,1.0
ETH,1786312800,1786316340.0,1919.15,1919.01,1919.8,-0.0003125326,1.25e-05,847269.0426000003,211591076.63479024,1919.1,1919.2,1755879.82339,2256583.7425100002,-133589.5906,-256366448.67604798,261457358.66511,17.2,3.0,12.0,7.977e-05,1918.67,1919.55,5.266e-05,1918.78,7.0,-0.24475714285714287,0.14285714285714285,0.42857142857142855,183135442645.17242,72152411817.81174,62.0,79.0,19.0,56.0,39.0,42.0,81.0,73.0,17.0,92.0,42.0,46.0,50.0,31,Fear,4338.32,-6.727e-05,-4.016e-05,-0.3999999999998636,True,22,6,1,us,-0.00265038326620759,-0.0010692671270330586,0.75
ETH,1786316400,1786319880.0,1908.55,1908.6,1909.4,-0.0004189798,1.25e-05,842702.3668000009,235620997.6141,1908.5,1908.6,1604948.25698,1629419.03367,-133023.4126,-253895663.05786,258846809.58678,17.2,3.0,12.0,7.977e-05,1909.57,1910.65,5.266e-05,1909.67,6.0,-0.11695,0.16666666666666666,0.16666666666666666,183135442645.17242,72152411817.81174,66.0,86.0,33.0,59.0,61.0,42.0,87.0,68.0,19.0,93.0,49.0,29.0,49.0,31,Fear,4330.07,-6.727e-05,-4.016e-05,-2.1000000000001364,True,23,6,1,us,-0.0055232785347680835,-0.0022995068803040503,0.5
ETH,1786320000,1786323480.0,1913.05,1913.1,1914.0,-0.0004702194,1.25e-05,843353.1555999998,255006046.16966024,1913.0,1913.1,2946604.7038,1357291.3222999999,-132780.516,-254121853.83902,258988018.07094,17.2,3.0,12.0,4.828e-05,1911.99,1912.78,5.094e-05,1911.98,7.0,0.04181428571428571,0.42857142857142855,0.2857142857142857,183137749619.77078,72178217059.14728,60.0,78.0,32.0,67.0,70.0,53.0,100.0,87.0,20.0,86.0,53.0,38.0,75.0,30,Fear,4328.0,-3.578e-05,-3.844e-05,0.2699999999999818,True,0,0,0,asia,0.0023578109035655714,0.0005111888289072615,0.5
ETH,1786323600,1786327140.0,1924.0,1923.9,1924.61,-0.0002649888,1.06802e-05,836994.2624000004,271000046.03990954,1923.9,1924.0,1480639.41751,1865259.5167,-132487.7031,-254930811.25671598,260467015.205076,17.2,3.0,12.0,4.828e-05,1924.65,1925.23,5.094e-05,1924.57,12.0,0.17770833333333333,0.5833333333333334,0.25,183137749619.77078,72178217059.14728,54.0,83.0,32.0,63.0,49.0,45.0,94.0,77.0,21.0,83.0,58.0,26.0,97.0,30,Fear,4319.39,-3.75998e-05,-4.02598e-05,-1.2300000000000182,True,1,0,0,asia,0.00572384412325877,0.002112769866364339,1.0
ETH,1786327200,1786330740.0,1923.25,1923.2,1923.87,-0.0002962778,1.25e-05,847736.9237999995,296046488.88312966,1923.2,1923.3,726223.70577,4555786.041680001,-134593.2286,-258876615.88924,264092278.12716,17.2,3.0,12.0,4.828e-05,1922.87,1923.52,5.094e-05,1922.61,6.0,0.06696666666666666,0.3333333333333333,0.16666666666666666,183137749619.77078,72178217059.14728,52.0,76.0,29.0,58.0,38.0,47.0,79.0,70.0,15.0,80.0,57.0,24.0,90.0,30,Fear,4314.79,-3.578e-05,-3.844e-05,-0.2699999999999818,True,2,0,0,asia,-0.0003898128898128794,0.001195632453219981,0.75
ETH,1786330800,1786334340.0,1916.55,1916.5,1917.36,-0.0003963784,1.25e-05,848246.208,298906195.83291036,1916.5,1916.6,3693382.91687,540704.63739,-134769.7584,-258456430.42323,263595848.77933002,17.2,3.0,12.0,4.828e-05,1916.5,1917.44,5.094e-05,1916.4,5.0,0.4255,0.6,0.0,183137749619.77078,72178217059.14728,57.0,75.0,27.0,55.0,88.0,48.0,72.0,83.0,12.0,92.0,53.0,39.0,78.0,30,Fear,4321.71,-3.578e-05,-3.844e-05,-0.8900000000001,True,3,0,0,asia,-0.0034836864682178392,-0.0010995128815564918,0.5
ETH,1786334400,1786337940.0,1914.45,1914.5,1915.4,-0.0004698757,1.25e-05,839002.1876000003,307624378.1293004,1914.4,1914.5,2020709.38546,2498070.94259,-133794.73129999998,-256281337.45054,262407295.48222,17.2,3.0,12.0,4.828e-05,1914.68,1915.79,5.094e-05,1914.67,9.0,-0.0059666666666666635,0.2222222222222222,0.4444444444444444,183137749619.77078,72178217059.14728,56.0,73.0,36.0,47.0,100.0,50.0,64.0,81.0,12.0,72.0,55.0,23.0,72.0,30,Fear,4332.3,-3.578e-05,-3.844e-05,-1.3399999999999181,True,4,0,0,asia,-0.0010957188698441644,-0.0015865051186175548,0.5
ETH,1786338000,1786341480.0,1923.15,1923.2,1923.8,-0.0003118827,1.25e-05,849349.7654000008,332388069.9780504,1923.1,1923.2,3643879.00933,1120602.0781799997,-135365.1555,-260417172.58967,265622921.37179,17.2,3.0,12.0,4.828e-05,1922.51,1923.17,5.094e-05,1922.6,14.0,0.16584285714285715,0.35714285714285715,0.07142857142857142,183137749619.77078,72178217059.14728,50.0,71.0,35.0,47.0,40.0,45.0,60.0,74.0,14.0,71.0,51.0,31.0,59.0,30,Fear,4341.88,-3.578e-05,-3.844e-05,-0.01999999999998181,True,5,0,0,asia,0.004544386116116961,0.0020557118865282254,0.5
ETH,1786341600,1786345140.0,1926.85,1926.8,1927.7,-0.0004150023,1.25e-05,851268.5082000003,346971091.01309043,1926.8,1926.9,1733005.22151,1851941.27515,-135280.718,-260651922.02943,265818231.43409002,17.2,3.0,12.0,4.828e-05,1927.23,1928.03,5.094e-05,1927.12,10.0,0.22134,0.5,0.2,183137749619.77078,72178217059.14728,60.0,62.0,51.0,50.0,35.0,51.0,59.0,91.0,10.0,68.0,44.0,33.0,59.0,30,Fear,4352.09,-3.578e-05,-3.844e-05,-1.1800000000000637,True,6,0,0,asia,0.0019239268907780271,-0.0009316345439883845,0.5
ETH,1786345200,1786348680.0,1924.05,1924.0,1924.9,-0.000415606,1.25e-05,848609.8131999994,360957561.50458986,1924.0,1924.1,1573493.59115,2549620.74615,-134659.7594,-259112309.03748,265344031.62396,17.2,3.0,12.0,4.828e-05,1924.72,1925.26,5.094e-05,1924.47,9.0,0.22707777777777782,0.4444444444444444,0.1111111111111111,183137749619.77078,72178217059.14728,57.0,57.0,40.0,44.0,47.0,47.0,50.0,79.0,15.0,68.0,44.0,26.0,53.0,30,Fear,4349.01,-3.578e-05,-3.844e-05,-1.2100000000000364,True,7,0,0,asia,-0.0014531489218153615,8.61988672019988e-05,0.25
ETH,1786348800,1786352280.0,1926.55,1926.51,1927.11,-0.0002490776,1.25e-05,846069.4388000004,363995768.6877295,1926.5,1926.6,1835202.4032299998,2362321.82566,-134915.7303,-259796119.55108,266087155.05418,17.2,3.0,12.0,3.426e-05,1926.0,1926.8,5.214e-05,1925.84,9.0,-0.006755555555555558,0.2222222222222222,0.1111111111111111,183137749619.77078,72178217059.14728,49.0,53.0,31.0,47.0,33.0,48.0,51.0,73.0,13.0,67.0,44.0,14.0,49.0,30,Fear,4340.81,-2.1760000000000002e-05,-3.964e-05,-0.25,True,8,0,0,europe,0.0012993425326783825,0.00033118866037012246,1.0
ETH,1786352400,1786355940.0,1916.05,1916.01,1916.86,-0.00034953,1.25e-05,840366.2918000004,377439348.0960902,1916.0,1916.1,2266963.4434599997,859626.21894,-133493.0152,-255794446.03395,263308083.71377,17.2,3.0,12.0,3.426e-05,1915.5,1916.39,5.214e-05,1915.57,8.0,-0.003724999999999992,0.25,0.25,183137749619.77078,72178217059.14728,48.0,54.0,37.0,43.0,17.0,44.0,49.0,64.0,9.0,64.0,43.0,25.0,51.0,30,Fear,4335.24,-2.1760000000000002e-05,-3.964e-05,-0.3400000000001455,True,9,0,0,europe,-0.00545015701642837,-0.00026228848531979765,0.25
ETH,1786356000,1786359540.0,1917.05,1917.0,1917.76,-0.0003441515,1.25e-05,849623.9259999995,386195928.5209406,1917.0,1917.1,3847193.8065299997,896833.32998,-133991.8343,-256889144.71996,263723249.905,17.2,3.0,12.0,3.426e-05,1916.74,1917.75,5.214e-05,1916.75,12.0,0.015750000000000004,0.25,0.25,183137749619.77078,72178217059.14728,49.0,57.0,37.0,37.0,27.0,50.0,53.0,65.0,11.0,67.0,55.0,21.0,56.0,30,Fear,4331.09,-2.1760000000000002e-05,-3.964e-05,-0.7000000000000455,True,10,0,0,europe,0.0005219070483546417,-0.0002042910915048189,0.5
ETH,1786359600,1786363140.0,1919.25,1919.24,1920.05,-0.0003906148,1.25e-05,840235.2403999994,410208534.95639974,1919.2,1919.3,3110612.8532100003,1079121.55658,-133736.9739,-256566253.80074,263639955.23658,17.2,3.0,12.0,3.426e-05,1919.6,1920.42,5.214e-05,1919.69,11.0,0.020045454545454536,0.2727272727272727,0.2727272727272727,183137749619.77078,72178217059.14728,53.0,59.0,41.0,39.0,46.0,43.0,57.0,61.0,7.0,68.0,47.0,39.0,60.0,30,Fear,4329.23,-2.1760000000000002e-05,-3.964e-05,-1.1700000000000728,True,11,0,0,europe,0.0011475965676430722,-0.0010279899611357417,0.25
ETH,1786363200,1786366740.0,1905.15,1905.2,1906.03,-0.0004354601,1.25e-05,837847.6499999998,435501464.45409024,1905.1,1905.2,1973932.76353,1974986.29029,-133455.4156,-254559774.10895997,262128519.68177998,17.2,3.0,12.0,3.426e-05,1905.03,1906.0,5.214e-05,1905.1,6.0,-0.15306666666666666,0.3333333333333333,0.5,183137749619.77078,72178217059.14728,49.0,70.0,37.0,43.0,17.0,44.0,62.0,75.0,7.0,74.0,50.0,21.0,58.0,30,Fear,4326.9,-2.1760000000000002e-05,-3.964e-05,-0.849999999999909,True,12,0,0,europe,-0.007346619773348939,-0.0027878361813259006,0.25
ETH,1786366800,1786370340.0,1898.95,1898.9,1899.7,-0.0003684792,1.25e-05,857367.1990000006,491634463.2912493,1898.9,1899.0,1685566.85242,1623978.10794,-133128.5256,-252617569.36776,260615258.4166,17.2,3.0,12.0,3.426e-05,1896.62,1897.6,5.214e-05,1896.65,17.0,-0.004935294117647064,0.17647058823529413,0.29411764705882354,183137749619.77078,72178217059.14728,51.0,77.0,36.0,51.0,33.0,44.0,59.0,54.0,9.0,78.0,49.0,20.0,59.0,30,Fear,4313.83,-2.1760000000000002e-05,-3.964e-05,1.3500000000001364,True,13,0,0,us,-0.0032543369288507984,0.002146013308620285,0.5
ETH,1786370400,1786373940.0,1891.05,1891.6,1891.9,-0.0004228553,1.25e-05,872871.1479999995,543386624.7049407,1891.0,1891.1,1219462.11385,2671338.0294500003,-131019.5515,-247973786.241489,256690773.59904698,17.2,3.0,12.0,3.426e-05,1892.61,1893.59,5.214e-05,1892.56,8.0,-0.16972500000000001,0.0,0.375,183137749619.77078,72178217059.14728,50.0,76.0,33.0,67.0,20.0,39.0,61.0,53.0,9.0,79.0,44.0,23.0,64.0,30,Fear,4339.3,-2.1760000000000002e-05,-3.964e-05,-2.5399999999999636,True,14,0,0,us,-0.004160193791305722,-0.004576774875138183,0.5
ETH,1786374000,1786377540.0,1875.85,1876.2,1877.18,-0.0006818739,1.5427e-06,838145.0120000006,700524604.3715298,1875.8,1875.9,5406474.94534,3458880.0768300006,-123139.8225,-230999316.931606,249230464.17231,17.2,3.0,12.0,3.426e-05,1876.01,1877.0,5.214e-05,1875.86,14.0,0.1977357142857143,0.2857142857142857,0.14285714285714285,183137749619.77078,72178217059.14728,54.0,83.0,39.0,70.0,25.0,42.0,64.0,63.0,9.0,82.0,53.0,24.0,78.0,30,Fear,4353.05,-3.27173e-05,-5.05973e-05,-1.150000000000091,True,15,0,0,us,-0.00803786256312633,-0.001656208094267345,0.25
ETH,1786377600,1786381080.0,1870.05,1870.17,1871.16,-0.0005664935,6.2375e-06,841321.9274000005,728484878.1947112,1870.0,1870.1,4303551.91154,881938.40387,-123704.8134,-231246676.05585,249628589.769266,17.2,3.0,12.0,1.434e-05,1871.38,1872.36,3.473e-05,1871.41,13.0,0.20755384615384614,0.38461538461538464,0.15384615384615385,183137749619.77078,72178217059.14728,56.0,85.0,46.0,71.0,26.0,46.0,66.0,63.0,10.0,83.0,49.0,44.0,67.0,30,Fear,4348.17,-8.102499999999999e-06,-2.8492500000000002e-05,-2.3099999999999454,True,16,0,0,us,-0.003091931657648539,0.004039540729925778,1.0
ETH,1786381200,1786384680.0,1872.15,1872.2,1873.28,-0.0005765289,-5.2121e-06,869910.6364000001,777331422.0745202,1872.1,1872.2,2671931.17425,3091907.8885300006,-120268.89689999999,-225215536.33494002,249379768.2267,17.2,3.0,12.0,1.434e-05,1872.71,1873.7,3.473e-05,1872.99,14.0,0.17035714285714285,0.2857142857142857,0.0,183137749619.77078,72178217059.14728,56.0,84.0,41.0,89.0,27.0,55.0,64.0,68.0,14.0,88.0,55.0,37.0,58.0,30,Fear,4351.37,-1.95521e-05,-3.99421e-05,-1.5499999999999545,True,17,0,0,us,0.001122964626614431,-0.0003114821043848318,0.25
ETH,1786384800,1786388340.0,1872.55,1872.5,1873.43,-0.0004430376,1.8216e-06,871244.2060000005,780037196.3292694,1872.5,1872.6,101548.63406,4906471.67158,-120392.2251,-225299682.17699298,249817991.256735,17.2,3.0,12.0,1.434e-05,1871.92,1872.95,3.473e-05,1871.61,17.0,0.2781470588235294,0.4117647058823529,0.0,183137749619.77078,72178217059.14728,61.0,84.0,46.0,100.0,63.0,53.0,70.0,71.0,18.0,88.0,56.0,35.0,56.0,30,Fear,4373.43,-1.25184e-05,-3.29084e-05,-0.40000000000009095,True,18,0,0,us,0.00021365809363560473,0.0005921596287557597,1.0
ETH,1786388400,1786391880.0,1876.15,1876.18,1877.0,-0.000426212,1.00292e-05,876541.1952000001,805044472.1456803,1876.1,1876.2,982792.5119,2314900.48038,-121409.314,-227776935.832883,251754884.729317,17.2,3.0,12.0,1.434e-05,1877.7,1878.51,3.473e-05,1877.56,11.0,0.06323636363636363,0.2727272727272727,0.18181818181818182,183137749619.77078,72178217059.14728,60.0,86.0,42.0,98.0,21.0,48.0,68.0,67.0,15.0,89.0,52.0,24.0,56.0,30,Fear,4381.13,-4.3107999999999995e-06,-2.47008e-05,-2.3599999999999,True,19,0,0,us,0.0019225120824544195,-4.432913654899527e-05,0.5
ETH,1786392000,1786395540.0,1878.95,1878.9,1879.7,-0.0003723999,5.2824e-06,875283.1437999994,808057095.0644107,1878.9,1879.0,690785.02617,3935983.33203,-121674.3688,-228679383.28364,252708496.10686,17.2,3.0,12.0,1.434e-05,1878.76,1879.73,3.473e-05,1878.85,10.0,0.15339,0.5,0.1,183137749619.77078,72178217059.14728,61.0,87.0,45.0,99.0,43.0,54.0,71.0,71.0,16.0,91.0,59.0,44.0,56.0,30,Fear,4383.85,-9.0576e-06,-2.9447600000000002e-05,-0.7799999999999727,True,20,0,0,us,0.0014924179836366402,-0.0007361863933925787,0.5
ETH,1786395600,1786399140.0,1873.95,1874.0,1875.13,-0.0006026249,-2.174e-06,872378.8251999998,817863961.1460308,1873.9,1874.0,2194058.37998,1355076.64008,-120937.43340000001,-226621349.86427,251558033.88671,17.2,3.0,12.0,1.434e-05,1873.42,1874.45,3.473e-05,1873.51,21.0,0.00023333333333333935,0.23809523809523808,0.14285714285714285,183137749619.77078,72178217059.14728,61.0,91.0,44.0,93.0,61.0,59.0,74.0,77.0,24.0,97.0,65.0,30.0,53.0,30,Fear,4384.05,-1.6513999999999998e-05,-3.6904e-05,-0.5,True,21,0,0,us,-0.0026610606987945706,5.86165666749891e-05,0.5
ETH,1786399200,1786402740.0,1874.85,1874.9,1875.84,-0.0005011088,-6.0876e-06,868110.2461999998,810986822.0668899,1874.8,1874.9,1646998.1800700002,2979964.48921,-118773.9232,-222688118.46236,249236143.36718,17.2,3.0,12.0,1.434e-05,1875.4,1876.14,3.473e-05,1875.43,12.0,0.0418,0.25,0.25,183137749619.77078,72178217059.14728,65.0,95.0,52.0,67.0,63.0,67.0,83.0,80.0,16.0,100.0,72.0,61.0,51.0,30,Fear,4393.39,-2.04276e-05,-4.08176e-05,-1.290000000000191,True,22,0,0,us,0.0004802689506122615,0.0003490022471914692,1.0
ETH,1786402800,1786406340.0,1872.55,1872.4,1873.0,-0.0002135611,2.9962e-06,855217.9158000012,802289558.1407807,1872.5,1872.6,683183.12103,4532844.83533,-119604.0342,-223947447.14408,250386448.154,17.2,3.0,12.0,1.434e-05,1872.31,1873.16,3.473e-05,1872.26,8.0,0.1555625,0.375,0.125,183137749619.77078,72178217059.14728,65.0,99.0,47.0,72.0,90.0,61.0,87.0,85.0,25.0,100.0,68.0,41.0,48.0,30,Fear,4397.13,-1.13438e-05,-3.1733800000000004e-05,-0.6100000000001273,True,23,0,0,us,-0.0012267648078512217,-0.0005861098230247601,0.75
ETH,1786406400,1786409880.0,1874.25,1874.3,1875.22,-0.0004906091,2.6007e-06,854245.7058000001,786035618.5005807,1874.5,1874.6,2802424.8276499994,406318.11965,-119448.4065,-223822424.0997,250321360.04478002,17.2,3.0,12.0,1.104e-05,1874.28,1875.32,3.043e-05,1874.2,9.0,0.05574444444444445,0.2222222222222222,0.2222222222222222,183095396895.77423,72231795398.6715,68.0,99.0,49.0,90.0,75.0,72.0,96.0,100.0,20.0,99.0,78.0,52.0,73.0,29,Fear,4406.35,-8.439299999999999e-06,-2.7829299999999998e-05,-1.0699999999999363,True,0,1,0,asia,0.0009078529278256919,-0.00038799855831483823,0.75
ETH,1786410000,1786413540.0,1877.35,1877.36,1878.36,-0.0005110841,2.9713e-06,849545.402,767320915.7196789,1877.3,1877.4,2209772.41472,1166699.04443,-120477.6983,-226183401.132922,252792868.965334,17.2,3.0,12.0,1.104e-05,1877.23,1878.14,3.043e-05,1877.05,7.0,0.14787142857142857,0.5714285714285714,0.14285714285714285,183095396895.77423,72231795398.6715,65.0,100.0,52.0,74.0,66.0,71.0,86.0,84.0,25.0,94.0,71.0,34.0,99.0,29,Fear,4424.79,-8.0687e-06,-2.74587e-05,-0.790000000000191,True,1,1,0,asia,0.0016539949313059132,0.0011573351393144103,0.5
ETH,1786413600,1786417140.0,1877.55,1877.6,1878.6,-0.0005323113,4.652e-07,852428.0253999998,745038103.7449405,1877.5,1877.6,2161337.85437,2096417.5968,-120264.052,-225801094.87235,252947088.33757,17.2,3.0,12.0,1.104e-05,1877.84,1878.6,3.043e-05,1877.66,6.0,-0.062266666666666665,0.0,0.16666666666666666,183095396895.77423,72231795398.6715,61.0,94.0,56.0,74.0,100.0,77.0,79.0,82.0,22.0,93.0,77.0,76.0,94.0,29,Fear,4406.57,-1.0574799999999999e-05,-2.9964799999999998e-05,-1.0499999999999545,True,2,1,0,asia,0.00010653314512487633,0.0006858337867347415,1.0
ETH,1786417200,1786420740.0,1880.05,1880.2,1881.2,-0.0005847331,2.2341e-06,850822.146,743312096.2913103,1880.0,1880.1,3972382.61716,705398.5778300001,-119859.0771,-225341976.1602,253032368.87752,17.2,3.0,12.0,1.104e-05,1880.14,1881.03,3.043e-05,1880.12,10.0,-0.27431,0.1,0.5,183095396895.77423,72231795398.6715,63.0,93.0,52.0,65.0,52.0,72.0,77.0,86.0,15.0,94.0,79.0,36.0,88.0,29,Fear,4412.43,-8.8059e-06,-2.81959e-05,-0.9800000000000182,True,3,1,0,asia,0.0013315224627838962,-0.00024105112827476575,0.5
ETH,1786420800,1786424340.0,1875.45,1875.5,1876.44,-0.0005009486,-2.7414e-06,850689.6498000002,726388509.5565907,1875.4,1875.5,1469909.02569,3304795.51755,-118924.30380000001,-223042531.7769,253339212.863,17.2,3.0,12.0,1.104e-05,1875.2,1876.25,3.043e-05,1875.23,7.0,0.04721428571428571,0.14285714285714285,0.14285714285714285,183095396895.77423,72231795398.6715,59.0,88.0,48.0,63.0,56.0,78.0,68.0,77.0,20.0,82.0,80.0,37.0,82.0,29,Fear,4404.78,-1.37814e-05,-3.31714e-05,-0.7999999999999545,True,4,1,0,asia,-0.002446743437674481,-0.0008205655898418994,0.25
ETH,1786424400,1786427940.0,1874.15,1874.1,1874.91,-0.0003786848,7.0243e-06,837979.397,738092002.8713999,1874.1,1874.2,1775581.054,2817146.0167300003,-119564.7496,-224112166.65024,253888713.3552,17.2,3.0,12.0,1.104e-05,1873.27,1874.03,3.043e-05,1873.09,5.0,-0.047679999999999986,0.2,0.6,183095396895.77423,72231795398.6715,60.0,78.0,54.0,56.0,42.0,76.0,62.0,87.0,14.0,80.0,81.0,36.0,67.0,29,Fear,4373.22,-4.0156999999999995e-06,-2.34057e-05,0.12000000000011823,True,5,1,0,asia,-0.0006931669732597179,-0.00022809213876196714,0.75
ETH,1786428000,1786431480.0,1872.55,1872.6,1873.4,-0.0004270311,1.25e-05,831311.7342,753298500.9238702,1872.5,1872.6,4448435.56181,1026677.3781500001,-121420.0613,-227451731.580941,253888300.538383,17.2,3.0,12.0,1.104e-05,1873.47,1874.24,3.043e-05,1873.49,5.0,0.4753,0.6,0.0,183095396895.77423,72231795398.6715,77.0,84.0,78.0,48.0,45.0,87.0,59.0,92.0,12.0,78.0,85.0,38.0,60.0,29,Fear,4365.57,1.4600000000000013e-06,-1.793e-05,-1.6900000000000546,True,6,1,0,asia,-0.0008537203532268389,0.0002649627588936379,0.75
ETH,1786431600,1786435140.0,1876.65,1876.6,1877.57,-0.0004633649,1.25e-05,838689.8426,767937317.3023711,1876.6,1876.7,4538792.10361,814835.3552199999,-124805.2788,-234162138.36109,256579500.15574998,17.2,3.0,12.0,1.104e-05,1876.84,1877.95,3.043e-05,1876.97,8.0,0.20713749999999997,0.375,0.125,183095396895.77423,72231795398.6715,100.0,73.0,70.0,51.0,42.0,83.0,57.0,95.0,9.0,75.0,83.0,29.0,55.0,29,Fear,4357.23,1.4600000000000013e-06,-1.793e-05,-1.2999999999999545,True,7,1,0,asia,0.0021895276494621196,0.0004345799727104357,1.0
ETH,1786435200,1786438740.0,1878.85,1878.8,1879.4,-0.0002660424,1.14203e-05,837921.1890000002,790858634.7931752,1878.8,1878.9,1646213.60794,4168305.69247,-125137.5393,-235110721.92905,257814161.79585,17.2,3.0,12.0,6.272e-05,1878.56,1879.21,-1.79e-05,1878.42,12.0,-0.0005250000000000116,0.3333333333333333,0.5,183095396895.77423,72231795398.6715,89.0,68.0,63.0,50.0,28.0,77.0,53.0,79.0,11.0,69.0,79.0,25.0,52.0,29,Fear,4370.05,-5.129969999999999e-05,2.93203e-05,-0.36000000000012733,True,8,1,0,europe,0.0011723017078304476,-0.00023274569584406197,0.25
ETH,1786438800,1786442340.0,1884.25,1883.4,1884.1,5.30757e-05,1.25e-05,837353.7914000029,792208466.7789383,1884.4,1884.5,5009693.232520001,548816.12448,-126218.4187,-237548109.77526,258948205.33374,17.2,3.0,12.0,6.272e-05,1884.78,1885.41,-1.79e-05,1884.63,11.0,0.24763636363636365,0.45454545454545453,0.09090909090909091,183095396895.77423,72231795398.6715,85.0,68.0,62.0,50.0,48.0,75.0,53.0,81.0,14.0,71.0,79.0,29.0,50.0,29,Fear,4374.28,-5.022e-05,3.04e-05,-1.1600000000000819,True,9,1,0,europe,0.002874098517710255,0.0005282808626174201,1.0
ETH,1786442400,1786445880.0,1885.55,1885.5,1886.2,-0.0003180999,1.2326e-05,843094.2856000002,812703849.4471897,1885.5,1885.6,808188.9377900001,4889922.40146,-125052.9648,-235849891.6128,256997537.5676,17.2,3.0,12.0,6.272e-05,1885.37,1886.16,-1.79e-05,1885.39,11.0,0.10109999999999998,0.2727272727272727,0.09090909090909091,183095396895.77423,72231795398.6715,83.0,69.0,63.0,45.0,32.0,78.0,55.0,72.0,12.0,70.0,74.0,18.0,58.0,29,Fear,4381.25,-5.039399999999999e-05,3.0226e-05,-0.6100000000001273,True,10,1,0,europe,0.0006899296802440613,0.0015182524218498722,1.0
ETH,1786446000,1786449540.0,1892.35,1892.3,1893.3,-0.0004753605,7.272e-06,845756.4137999999,809994443.7558997,1892.3,1892.4,2353762.33305,1516354.42068,-124152.3478,-234992045.13828,256058538.6481,17.2,3.0,12.0,6.272e-05,1892.12,1892.97,-1.79e-05,1892.13,9.0,-0.012388888888888882,0.3333333333333333,0.3333333333333333,183095396895.77423,72231795398.6715,55.0,68.0,63.0,47.0,42.0,75.0,62.0,71.0,9.0,76.0,80.0,31.0,63.0,29,Fear,4385.96,-5.5447999999999995e-05,2.5172000000000002e-05,-0.6200000000001182,True,11,1,0,europe,0.003606374797804346,0.0008726798311194132,0.75
ETH,1786449600,1786453140.0,1886.95,1887.09,1888.1,-0.0005825963,1.3705e-06,845167.7695999995,797481765.0511999,1886.9,1887.0,5156942.23919,954319.2234199999,-123000.3271,-232100532.248894,253509716.06347,17.2,3.0,12.0,6.272e-05,1887.01,1888.0,-1.79e-05,1886.87,13.0,0.11203846153846155,0.23076923076923078,0.07692307692307693,183095396895.77423,72231795398.6715,54.0,73.0,50.0,49.0,27.0,61.0,63.0,69.0,12.0,72.0,65.0,21.0,62.0,29,Fear,4390.97,-6.134949999999999e-05,1.92705e-05,-1.0499999999999545,True,12,1,0,europe,-0.0028535947367029912,-0.0016086379426705462,0.75
ETH,1786453200,1786456740.0,1888.25,1888.3,1889.2,-0.0004763921,3.7334e-06,843104.1167999995,751656712.3475407,1888.5,1888.6,1589283.30005,1279072.91409,-121790.2002,-230134077.723773,252244885.432487,17.2,3.0,12.0,6.272e-05,1889.26,1890.03,-1.79e-05,1889.18,10.0,0.25949999999999995,0.7,0.1,183095396895.77423,72231795398.6715,54.0,70.0,38.0,52.0,37.0,50.0,62.0,66.0,8.0,76.0,53.0,17.0,58.0,29,Fear,4386.1,-5.8986599999999995e-05,2.1633400000000002e-05,-1.7799999999999727,True,13,1,0,us,0.0006889424733034222,0.003340739303636983,0.75
ETH,1786456800,1786460340.0,1871.45,1871.5,1872.4,-0.0004806665,5.4566e-06,840649.5719999992,745708406.9751487,1871.4,1871.5,1527706.65616,3302371.7005700003,-119189.02369999999,-222868360.18201602,246649328.18432403,17.2,3.0,12.0,6.272e-05,1872.67,1873.69,-1.79e-05,1872.58,15.0,0.14442000000000002,0.4,0.2,183095396895.77423,72231795398.6715,51.0,80.0,38.0,52.0,22.0,44.0,62.0,56.0,9.0,72.0,49.0,22.0,66.0,29,Fear,4391.59,-5.72634e-05,2.3356600000000003e-05,-2.240000000000009,True,14,1,0,us,-0.008897126969416136,-0.0013763820846793163,0.5
ETH,1786460400,1786463940.0,1862.25,1862.3,1863.2,-0.0004830399,2.9675e-06,833300.0811999999,620059173.8513421,1862.2,1862.3,1018670.67585,3350230.199,-116965.3114,-217837362.176484,242291161.523584,17.2,3.0,12.0,6.272e-05,1862.0,1862.74,-1.79e-05,1861.92,27.0,0.060925925925925925,0.2222222222222222,0.25925925925925924,183095396895.77423,72231795398.6715,56.0,86.0,37.0,55.0,35.0,43.0,64.0,64.0,9.0,81.0,49.0,30.0,82.0,29,Fear,4381.34,-5.9752499999999994e-05,2.0867500000000003e-05,-0.4900000000000091,True,15,1,0,us,-0.0049159742445696875,-0.002800482064792682,0.5
ETH,1786464000,1786467480.0,1864.25,1864.23,1865.1,-0.0004289314,1.16343e-05,828226.0856000002,600475256.2576998,1864.2,1864.3,1321091.65471,3444806.26556,-117716.4801,-219432921.030551,243341090.550675,17.2,3.0,12.0,5.425e-05,1863.99,1864.82,3.181e-05,1863.97,0.0,,,,183095396895.77423,72231795398.6715,53.0,79.0,28.0,56.0,29.0,39.0,63.0,60.0,10.0,77.0,41.0,22.0,68.0,29,Fear,4380.62,-4.26157e-05,-2.0175700000000004e-05,-0.5699999999999363,True,16,1,0,us,0.0010739696603569993,0.0029787230679009097,1.0
ETH,1786467600,1786467600.0,1863.95,1864.0,1864.82,-0.0004397207,1.1657e-05,828237.3110000002,600517972.2394997,1863.9,1864.0,1551019.36301,991755.7560700001,-117733.7522,-219637952.211845,243565916.911415,17.2,3.0,12.0,5.425e-05,1863.76,1864.69,3.181e-05,1863.73,0.0,,,,183095396895.77423,72231795398.6715,52.0,75.0,28.0,55.0,36.0,34.0,68.0,63.0,11.0,84.0,41.0,32.0,54.0,29,Fear,4367.85,-4.2593e-05,-2.0153000000000002e-05,-0.7400000000000091,True,17,1,0,us,-0.000160922623038684,-0.000160922623038684,0.5
ETH,1786471200,1786474740.0,1864.55,1864.7,1865.6,-0.0005360206,1.09506e-05,837466.5574,564144188.7262313,1864.5,1864.6,2615390.31831,1632847.2268,-118802.8716,-221453112.358118,244598511.670784,17.2,3.0,12.0,5.425e-05,1865.32,1866.03,3.181e-05,1865.23,12.0,0.29373333333333335,0.5833333333333334,0.0,183095396895.77423,72231795398.6715,55.0,73.0,35.0,54.0,55.0,41.0,64.0,64.0,16.0,82.0,49.0,29.0,54.0,29,Fear,4370.19,-4.3299399999999994e-05,-2.0859400000000002e-05,-1.4800000000000182,True,18,1,0,us,0.00032189704659457696,0.0028350863853594324,0.5
ETH,1786474800,1786478340.0,1882.95,1882.9,1883.54,-0.0002866942,1.25e-05,841393.0242000003,588923289.3010799,1882.9,1883.0,2719899.88504,2060449.6288099997,-123368.4974,-232343163.99244,250200352.25888,17.2,3.0,12.0,5.425e-05,1881.17,1881.9,3.181e-05,1881.14,5.0,0.24855999999999998,0.4,0.0,183095396895.77423,72231795398.6715,55.0,74.0,32.0,59.0,28.0,36.0,65.0,73.0,8.0,80.0,42.0,32.0,58.0,29,Fear,4368.75,-4.175e-05,-1.9310000000000003e-05,1.0499999999999545,True,19,1,0,us,0.009868332841704408,0.006951251853413051,1.0
ETH,1786478400,1786481940.0,1880.45,1880.5,1881.34,-0.0004464903,9.5021e-06,842902.5395999998,601171213.3359008,1880.4,1880.5,1863802.58455,2320708.59071,-122401.2216,-230210994.13665,248474193.70929,17.2,3.0,12.0,5.425e-05,1881.56,1882.22,3.181e-05,1881.61,11.0,0.022654545454545472,0.36363636363636365,0.2727272727272727,183095396895.77423,72231795398.6715,56.0,76.0,33.0,59.0,36.0,37.0,68.0,58.0,11.0,86.0,48.0,31.0,54.0,29,Fear,4368.72,-4.47479e-05,-2.2307900000000004e-05,-1.7699999999999818,True,20,1,0,us,-0.0013277038689291087,-0.004937100234042544,0.25
ETH,1786482000,1786485540.0,1884.35,1884.4,1885.1,-0.0003713331,7.075e-06,843794.0451999999,612348756.1473409,1884.3,1884.4,3329875.07838,1127091.5664,-121686.81659999999,-229134339.97539002,247463794.13659,17.2,3.0,12.0,5.425e-05,1883.81,1884.68,3.181e-05,1883.78,7.0,0.10644285714285714,0.42857142857142855,0.14285714285714285,183095396895.77423,72231795398.6715,52.0,80.0,31.0,54.0,23.0,35.0,73.0,58.0,14.0,88.0,45.0,28.0,49.0,29,Fear,4373.46,-4.7174999999999995e-05,-2.4735000000000003e-05,-0.3300000000001546,True,21,1,0,us,0.002073971655720541,0.003140943989639562,0.75
ETH,1786485600,1786489140.0,1881.45,1881.4,1882.2,-0.0003719052,1.25e-05,838129.2418000001,615601158.60817,1881.4,1881.5,1103252.18239,2300031.73972,-120133.0898,-226034946.45659998,244596052.83451998,17.2,3.0,12.0,5.425e-05,1881.63,1882.16,3.181e-05,1881.48,7.0,-0.06718571428571429,0.14285714285714285,0.2857142857142857,183095396895.77423,72231795398.6715,53.0,93.0,33.0,66.0,28.0,40.0,83.0,63.0,8.0,92.0,47.0,31.0,49.0,29,Fear,4366.55,-4.175e-05,-1.9310000000000003e-05,-0.7100000000000364,True,22,1,0,us,-0.0015389922254357424,-0.001434464921624848,0.5
ETH,1786489200,1786492740.0,1882.35,1882.3,1882.89,-0.0002602383,1.25e-05,822808.7148,635257720.7133995,1882.3,1882.4,1288841.25727,3174394.04226,-124270.5955,-233921221.06509998,246147934.27763999,17.2,3.0,12.0,5.425e-05,1881.8,1882.59,3.181e-05,1881.65,13.0,0.18137692307692307,0.3076923076923077,0.15384615384615385,183095396895.77423,72231795398.6715,49.0,84.0,31.0,50.0,38.0,46.0,86.0,49.0,13.0,95.0,48.0,29.0,47.0,29,Fear,4369.65,-4.175e-05,-1.9310000000000003e-05,-0.2400000000000091,True,23,1,0,us,0.00047835446065525034,0.001619621571580584,0.75
ETH,1786492800,1786496340.0,1881.95,1881.9,1882.41,-0.0002178059,1.25e-05,822467.8925999998,634070522.411289,1881.9,1882.0,2119279.00556,2653322.1230599997,-124516.46399999999,-234372243.118314,246447676.257426,17.2,3.0,12.0,0.0001,1881.73,1882.35,8.25e-05,1881.8,4.0,0.11105,0.25,0.25,183075804840.06546,72136441601.04942,88.0,84.0,36.0,59.0,75.0,61.0,93.0,62.0,15.0,88.0,55.0,40.0,66.0,27,Fear,4380.73,-8.75e-05,-7e-05,-0.3999999999998636,True,0,2,0,asia,-0.00021250033203168428,-0.002617409976544078,0.5
ETH,1786496400,1786499940.0,1884.05,1884.0,1884.53,-0.0002281736,1.25e-05,825402.3042,636176257.7564203,1884.0,1884.1,2450753.64745,1408655.03395,-125833.4034,-237014484.42609,248101073.41491002,17.2,3.0,12.0,0.0001,1884.13,1884.77,8.25e-05,1884.1,4.0,0.300725,0.5,0.25,183075804840.06546,72136441601.04942,90.0,91.0,37.0,61.0,82.0,50.0,91.0,67.0,13.0,91.0,56.0,35.0,91.0,27,Fear,4395.13,-8.75e-05,-7e-05,-0.7200000000000273,True,1,2,0,asia,0.0011158638646084906,4.0429634355171285e-05,0.75
ETH,1786500000,1786501500.0,1883.95,1883.9,1884.34,-0.0001804345,1.25e-05,828679.9898,636365396.1123301,1883.9,1884.0,2439512.15747,1457421.0729500002,-126742.5238,-238829525.569247,249736275.269529,17.2,3.0,12.0,0.0001,1883.85,1884.47,8.25e-05,1883.68,19.0,0.10592631578947369,0.42105263157894735,0.21052631578947367,183075804840.06546,72136441601.04942,96.0,85.0,35.0,54.0,72.0,53.0,78.0,66.0,18.0,86.0,57.0,35.0,87.0,27,Fear,4409.6,-8.75e-05,-7e-05,-0.5199999999999818,True,2,2,0,asia,-5.30771476340286e-05,2.738603171295923e-05,0.75
ETH,1786503600,,,,,,,,,,,,,,,,,,,0.0001,1885.77,1886.62,8.25e-05,1885.78,0.0,,,,183075804840.06546,72136441601.04942,91.0,84.0,34.0,52.0,51.0,50.0,72.0,63.0,13.0,84.0,54.0,35.0,85.0,27,Fear,4399.26,,,,False,3,2,0,asia,,,
ETH,1786507200,,,,,,,,,,,,,,,,,,,0.0001,1888.61,1889.42,8.25e-05,1888.73,0.0,,,,183075804840.06546,72136441601.04942,88.0,80.0,28.0,51.0,59.0,54.0,64.0,60.0,13.0,84.0,61.0,29.0,77.0,27,Fear,4398.94,,,,False,4,2,0,asia,,,
ETH,1786510800,,,,,,,,,,,,,,,,,,,0.0001,1890.7,1891.71,8.25e-05,1890.72,0.0,,,,183075804840.06546,72136441601.04942,73.0,72.0,42.0,44.0,34.0,51.0,58.0,70.0,11.0,90.0,68.0,25.0,59.0,27,Fear,4391.47,,,,False,5,2,0,asia,,,
ETH,1786514400,,,,,,,,,,,,,,,,,,,0.0001,1886.83,1887.73,8.25e-05,1887.0,0.0,,,,183075804840.06546,72136441601.04942,53.0,74.0,36.0,40.0,36.0,51.0,55.0,71.0,7.0,87.0,64.0,28.0,55.0,27,Fear,4402.99,,,,False,6,2,0,asia,,,
ETH,1786518000,,,,,,,,,,,,,,,,,,,0.0001,1890.82,1891.69,8.25e-05,1890.99,0.0,,,,183075804840.06546,72136441601.04942,65.0,61.0,45.0,41.0,27.0,74.0,54.0,69.0,11.0,83.0,65.0,38.0,53.0,27,Fear,4404.48,,,,False,7,2,0,asia,,,
ETH,1786521600,1786525080.0,1890.45,1890.49,1890.96,-0.0002432627,1.25e-05,883346.3032,599849480.0263791,1890.4,1890.5,1567687.3170599998,2820401.57022,-135398.1002,-255950514.34140998,256138339.01411,17.2,2.0,13.0,7.29e-05,1890.1,1890.95,6.972e-05,1890.12,13.0,0.015461538461538459,0.3076923076923077,0.3076923076923077,183075804840.06546,72136441601.04942,48.0,63.0,35.0,40.0,0.0,45.0,52.0,63.0,7.0,79.0,61.0,27.0,49.0,27,Fear,4400.18,-6.04e-05,-5.7220000000000004e-05,-0.5,True,8,2,0,europe,,,
ETH,1786525200,1786528740.0,1905.45,1905.23,1905.84,-0.000178399,1.25e-05,883014.6702000004,620425746.6226206,1905.4,1905.5,1655346.83645,2549439.12389,-136256.7514,-259590343.22237,259774451.186546,17.2,2.0,13.0,7.29e-05,1905.11,1905.84,6.972e-05,1905.05,5.0,-0.1407,0.2,0.2,183075804840.06546,72136441601.04942,48.0,60.0,35.0,39.0,25.0,46.0,52.0,63.0,4.0,77.0,56.0,23.0,49.0,27,Fear,4413.47,-6.04e-05,-5.7220000000000004e-05,-0.38999999999987267,True,9,2,0,europe,0.007934618741569421,,1.0
ETH,1786528800,1786532340.0,1908.65,1908.6,1909.2,-0.0002618898,1.25e-05,878305.3115999998,647620118.6552202,1908.6,1908.7,5527081.8953,849122.32624,-139480.7256,-266333055.32648,266521794.50738,17.2,2.0,13.0,7.29e-05,1908.31,1909.17,6.972e-05,1908.5,13.0,0.18446153846153848,0.3076923076923077,0.0,183075804840.06546,72136441601.04942,48.0,66.0,36.0,41.0,23.0,61.0,54.0,63.0,8.0,78.0,60.0,24.0,56.0,27,Fear,4411.18,-6.04e-05,-5.7220000000000004e-05,-0.5199999999999818,True,10,2,0,europe,0.001679393319163447,,0.75
ETH,1786532400,1786535880.0,1914.25,1914.2,1914.5,-0.0001044659,1.25e-05,879942.6473999997,653319306.607549,1914.2,1914.3,2212518.40918,2549824.56893,-140569.8094,-269090059.886581,269275233.688935,17.2,2.0,13.0,7.29e-05,1914.87,1915.57,6.972e-05,1914.82,6.0,0.3490166666666667,0.8333333333333334,0.0,183075804840.06546,72136441601.04942,50.0,72.0,30.0,37.0,33.0,45.0,61.0,58.0,7.0,82.0,50.0,19.0,58.0,27,Fear,4412.23,-6.04e-05,-5.7220000000000004e-05,-1.3199999999999363,True,11,2,0,europe,0.0029340109501478917,,0.75
ETH,1786536000,1786539480.0,1910.95,1910.7,1911.24,-0.0001255729,1.25e-05,876197.9834,714292632.8272889,1910.9,1911.0,836654.51625,3684398.3175600003,-138926.7007,-265335585.01729,265520343.92479,17.2,2.0,13.0,7.29e-05,1910.59,1911.32,6.972e-05,1910.69,14.0,0.16347142857142855,0.35714285714285715,0.14285714285714285,183075804840.06546,72136441601.04942,49.0,70.0,38.0,36.0,0.0,44.0,64.0,53.0,6.0,82.0,56.0,26.0,56.0,27,Fear,4433.96,-6.04e-05,-5.7220000000000004e-05,-0.36999999999989086,True,12,2,0,europe,-0.0017239127595664039,,0.5
ETH,1786539600,1786543140.0,1903.65,1903.5,1904.01,-0.0001628143,1.25e-05,873460.8098000002,746510376.8495603,1903.6,1903.7,1030623.8101299999,3721641.6878500003,-138020.1941,-262607973.49098,262794435.40322,17.2,2.0,13.0,7.29e-05,1900.38,1901.32,6.972e-05,1900.27,19.0,0.13779473684210528,0.3684210526315789,0.2631578947368421,183075804840.06546,72136441601.04942,61.0,71.0,37.0,45.0,0.0,44.0,63.0,52.0,9.0,78.0,48.0,21.0,61.0,27,Fear,4421.51,-6.04e-05,-5.7220000000000004e-05,2.3300000000001546,True,13,2,0,us,-0.003820089484287914,,0.5
ETH,1786543200,1786546740.0,1885.55,1885.2,1886.0,-0.0002120891,1.25e-05,850786.6737999996,775291572.1598592,1885.5,1885.6,1242042.51663,2048527.6992700002,-135881.2303,-256494620.56655,257468276.19452998,17.2,3.0,12.0,7.29e-05,1886.76,1887.79,6.972e-05,1886.88,9.0,-0.015066666666666685,0.3333333333333333,0.4444444444444444,183075804840.06546,72136441601.04942,74.0,74.0,33.0,57.0,37.0,58.0,59.0,51.0,8.0,72.0,42.0,22.0,68.0,27,Fear,4416.15,-6.04e-05,-5.7220000000000004e-05,-2.240000000000009,True,14,2,0,us,-0.00950805032437696,,0.5
ETH,1786546800,1786550340.0,1891.85,1891.8,1892.5,-0.000317041,1.25e-05,852165.7090000001,745618957.2345902,1891.8,1891.9,4904681.97578,693920.99454,-135879.1512,-257279781.06327403,258392629.425146,17.2,3.0,12.0,7.29e-05,1891.64,1892.75,6.972e-05,1891.76,12.0,0.07523333333333333,0.25,0.08333333333333333,183075804840.06546,72136441601.04942,79.0,69.0,35.0,52.0,41.0,48.0,66.0,53.0,9.0,74.0,42.0,27.0,81.0,27,Fear,4415.91,-6.04e-05,-5.7220000000000004e-05,-0.900000000000091,True,15,2,0,us,0.003341200180318804,,0.5
ETH,1786550400,1786553940.0,1890.15,1890.1,1890.8,-0.000317326,1.25e-05,852511.8102000005,738306003.6417394,1890.1,1890.2,1158173.97356,3648915.04772,-135536.2224,-256319979.13895,257461789.22445,17.2,3.0,12.0,5.726e-05,1889.84,1890.7,4.742e-05,1889.79,12.0,0.12208333333333332,0.25,0.08333333333333333,183075804840.06546,72136441601.04942,77.0,69.0,31.0,50.0,38.0,50.0,62.0,49.0,9.0,71.0,43.0,24.0,68.0,27,Fear,4397.13,-4.476e-05,-3.4920000000000004e-05,-0.5499999999999545,True,16,2,0,us,-0.000898591325950715,,0.25
ETH,1786554000,1786557480.0,1888.05,1888.1,1888.8,-0.0003706057,1.25e-05,853436.4884000008,736233549.8755798,1888.0,1888.1,3851809.74211,706580.04272,-135957.4209,-256685249.40083998,257822046.84622002,17.2,3.0,12.0,5.726e-05,1888.6,1889.56,4.742e-05,1888.86,27.0,0.08961481481481481,0.25925925925925924,0.14814814814814814,183075804840.06546,72136441601.04942,82.0,60.0,32.0,45.0,0.0,39.0,60.0,44.0,10.0,71.0,40.0,22.0,51.0,27,Fear,4398.43,-4.476e-05,-3.4920000000000004e-05,-1.509999999999991,True,17,2,0,us,-0.0011110229346877887,,0.25
ETH,1786557600,1786557960.0,1889.15,1889.1,1889.63,-0.0002275578,1.25e-05,853482.7299999997,733960218.4259295,1889.1,1889.2,540004.19188,4380311.154669999,-135962.5271,-256720611.50635302,257861744.744001,17.2,3.0,12.0,5.726e-05,,,4.742e-05,,0.0,,,,183075804840.06546,72136441601.04942,48.0,65.0,33.0,49.0,38.0,48.0,65.0,47.0,11.0,74.0,42.0,18.0,52.0,27,Fear,,-4.476e-05,-3.4920000000000004e-05,,True,18,2,0,us,0.0005826116893090649,,1.0
ETH,1786561200,,,,,,,,,,,,,,,,,,,5.726e-05,,,4.742e-05,,0.0,,,,183075804840.06546,72136441601.04942,45.0,66.0,28.0,50.0,37.0,40.0,68.0,48.0,12.0,68.0,39.0,19.0,53.0,27,Fear,,,,,False,19,2,0,us,,,
ETH,1786564800,,,,,,,,,,,,,,,,,,,5.726e-05,1885.92,1886.6,4.742e-05,1885.91,0.0,,,,183075804840.06546,72136441601.04942,48.0,71.0,29.0,49.0,33.0,39.0,67.0,55.0,10.0,75.0,42.0,26.0,51.0,27,Fear,4403.02,,,,False,20,2,0,us,,,
ETH,1786568400,,,,,,,,,,,,,,,,,,,5.726e-05,1877.19,1877.95,4.742e-05,1877.05,0.0,,,,183075804840.06546,72136441601.04942,48.0,78.0,29.0,51.0,39.0,41.0,72.0,49.0,12.0,85.0,44.0,30.0,47.0,27,Fear,4401.21,,,,False,21,2,0,us,,,
ETH,1786572000,,,,,,,,,,,,,,,,,,,5.726e-05,1877.55,1878.45,4.742e-05,1877.87,0.0,,,,183075804840.06546,72136441601.04942,47.0,76.0,25.0,59.0,32.0,49.0,77.0,54.0,18.0,87.0,46.0,26.0,46.0,27,Fear,4397.03,,,,False,22,2,0,us,,,
ETH,1786575600,,,,,,,,,,,,,,,,,,,5.726e-05,1878.8,1879.81,4.742e-05,1878.81,0.0,,,,183075804840.06546,72136441601.04942,50.0,78.0,33.0,59.0,41.0,45.0,81.0,47.0,12.0,85.0,48.0,29.0,49.0,27,Fear,4409.58,,,,False,23,2,0,us,,,
ETH,1786579200,,,,,,,,,,,,,,,,,,,5.218e-05,1879.48,1880.29,7.29e-05,1879.46,0.0,,,,183016228206.96475,72018588892.5412,49.0,73.0,31.0,52.0,46.0,41.0,94.0,50.0,14.0,86.0,43.0,41.0,67.0,29,Fear,4422.38,,,,False,0,3,0,asia,,,
ETH,1786582800,,,,,,,,,,,,,,,,,,,5.218e-05,1877.41,1878.09,7.29e-05,1877.25,0.0,,,,183016228206.96475,72018588892.5412,47.0,75.0,38.0,49.0,29.0,41.0,90.0,56.0,16.0,82.0,48.0,42.0,92.0,29,Fear,4404.14,,,,False,1,3,0,asia,,,
ETH,1786586400,,,,,,,,,,,,,,,,,,,5.218e-05,1881.26,1881.93,7.29e-05,1881.01,0.0,,,,183016228206.96475,72018588892.5412,46.0,81.0,31.0,51.0,0.0,51.0,77.0,55.0,18.0,78.0,47.0,31.0,90.0,29,Fear,4403.26,,,,False,2,3,0,asia,,,
ETH,1786590000,,,,,,,,,,,,,,,,,,,5.218e-05,1886.7,1887.52,7.29e-05,1886.8,0.0,,,,183016228206.96475,72018588892.5412,45.0,68.0,24.0,54.0,51.0,44.0,71.0,52.0,13.0,78.0,48.0,25.0,82.0,29,Fear,4395.98,,,,False,3,3,0,asia,,,
ETH,1786593600,,,,,,,,,,,,,,,,,,,5.218e-05,1891.62,1892.37,7.29e-05,1891.56,0.0,,,,183016228206.96475,72018588892.5412,46.0,73.0,25.0,44.0,0.0,48.0,70.0,59.0,8.0,78.0,44.0,34.0,71.0,29,Fear,4394.79,,,,False,4,3,0,asia,,,
ETH,1786597200,,,,,,,,,,,,,,,,,,,5.218e-05,1895.08,1895.81,7.29e-05,1895.01,0.0,,,,183016228206.96475,72018588892.5412,50.0,63.0,34.0,40.0,32.0,44.0,62.0,65.0,11.0,71.0,42.0,20.0,59.0,29,Fear,4380.67,,,,False,5,3,0,asia,,,
ETH,1786600800,,,,,,,,,,,,,,,,,,,5.218e-05,1897.67,1898.62,7.29e-05,1898.0,0.0,,,,183016228206.96475,72018588892.5412,46.0,59.0,40.0,33.0,37.0,41.0,56.0,57.0,6.0,62.0,38.0,27.0,55.0,29,Fear,4377.32,,,,False,6,3,0,asia,,,
ETH,1786604400,1786607880.0,1894.85,1894.8,1895.57,-0.0003534557,8.2126e-06,871323.9318,654472856.3256702,1894.8,1894.9,1337985.09901,3077863.9079,-138709.323,-262881908.94959998,265965254.17728,17.2,3.0,12.0,5.218e-05,1894.62,1895.57,7.29e-05,1894.76,4.0,0.296375,0.5,0.25,183016228206.96475,72018588892.5412,44.0,55.0,32.0,40.0,24.0,43.0,54.0,57.0,8.0,60.0,35.0,26.0,52.0,29,Fear,4368.0,-4.3967399999999995e-05,-6.46874e-05,-0.7200000000000273,True,7,3,0,asia,,,
ETH,1786608000,1786611540.0,1888.75,1888.8,1889.63,-0.0004392394,1.25e-05,873936.8955999997,652279166.5602217,1888.7,1888.8,4816428.3952,474792.71692000004,-140148.1463,-264728488.378048,267256970.72954,17.2,3.0,12.0,8.523e-05,1889.18,1890.05,7.792e-05,1889.28,7.0,0.18235714285714286,0.5714285714285714,0.14285714285714285,183016228206.96475,72018588892.5412,43.0,54.0,30.0,36.0,22.0,43.0,53.0,52.0,8.0,66.0,37.0,23.0,57.0,29,Fear,4375.29,-7.272999999999999e-05,-6.542e-05,-1.2999999999999545,True,8,3,0,europe,-0.0032192521835501253,,0.5
ETH,1786611600,1786615080.0,1889.65,1889.7,1890.38,-0.0002644971,1.22312e-05,858306.1005999995,643588006.9381894,1889.6,1889.7,4877927.551709999,327496.43691000005,-139349.4022,-263196415.326064,265917508.690164,17.2,3.0,12.0,8.523e-05,1889.02,1889.78,7.792e-05,1888.89,8.0,0.203675,0.375,0.0,183016228206.96475,72018588892.5412,42.0,53.0,29.0,34.0,0.0,33.0,53.0,51.0,7.0,68.0,36.0,14.0,54.0,29,Fear,4383.36,-7.29988e-05,-6.56888e-05,-0.12999999999988177,True,9,3,0,europe,0.00047650562541368124,,0.75
ETH,1786615200,1786618740.0,1882.45,1882.4,1883.18,-0.0003610913,1.25e-05,856781.5175999998,637365558.4009694,1882.4,1882.5,3705051.8054600004,1013807.26186,-143722.2539,-270541156.72347,270723010.91012996,17.2,2.0,13.0,8.523e-05,1882.29,1883.17,7.792e-05,1882.27,7.0,0.08524285714285715,0.42857142857142855,0.14285714285714285,183016228206.96475,72018588892.5412,43.0,58.0,30.0,37.0,0.0,36.0,53.0,52.0,8.0,70.0,41.0,11.0,56.0,29,Fear,4390.45,-7.272999999999999e-05,-6.542e-05,-0.7200000000000273,True,10,3,0,europe,-0.00381022940756226,,0.75
ETH,1786618800,1786622340.0,1879.25,1879.2,1879.9,-0.0003191659,1.25e-05,859520.8247999995,654210270.7330792,1879.2,1879.3,4314186.95161,827821.4343600001,-144036.91090000002,-270598840.945428,271040426.17341197,17.2,3.0,12.0,8.523e-05,1879.48,1880.39,7.792e-05,1879.68,9.0,-0.03986666666666667,0.3333333333333333,0.2222222222222222,183016228206.96475,72018588892.5412,47.0,58.0,34.0,36.0,0.0,32.0,59.0,47.0,8.0,73.0,38.0,54.0,56.0,29,Fear,4386.04,-7.272999999999999e-05,-6.542e-05,-1.1400000000001,True,11,3,0,europe,-0.0016999123482696055,,0.75
ETH,1786622400,1786625940.0,1888.35,1888.4,1889.18,-0.0004128775,1.25e-05,867305.5913999999,599387183.43556,1888.3,1888.4,2798319.15575,2111146.72585,-145673.4228,-275061611.46605,275299004.69739,17.2,3.0,12.0,8.523e-05,1888.07,1889.04,7.792e-05,1888.04,10.0,0.29552,0.5,0.2,183016228206.96475,72018588892.5412,44.0,67.0,34.0,33.0,26.0,31.0,65.0,45.0,8.0,76.0,35.0,18.0,60.0,29,Fear,4399.14,-7.272999999999999e-05,-6.542e-05,-0.6900000000000546,True,12,3,0,europe,0.004842357323400215,,0.5
ETH,1786626000,1786629540.0,1888.85,1888.8,1889.8,-0.0004762409,1.25e-05,879816.7280000002,615229588.9484999,1888.8,1888.9,5731259.70702,861967.79086,-148212.9404,-279948348.463172,280135162.227492,17.2,2.0,13.0,8.523e-05,1889.63,1890.39,7.792e-05,1889.63,15.0,0.05943333333333333,0.2,0.13333333333333333,183016228206.96475,72018588892.5412,44.0,67.0,27.0,40.0,0.0,33.0,62.0,46.0,9.0,77.0,41.0,18.0,59.0,29,Fear,4372.41,-7.272999999999999e-05,-6.542e-05,-1.540000000000191,True,13,3,0,us,0.0002647814229352896,,0.5
ETH,1786629600,1786633080.0,1892.45,1892.5,1893.3,-0.0004225427,1.25e-05,883341.6718,558693397.33558,1892.4,1892.5,5558595.0557699995,787559.96991,-146565.3738,-277391333.41294,279760211.1237,17.2,3.0,12.0,8.523e-05,1892.63,1893.43,7.792e-05,1892.56,28.0,0.2649892857142857,0.5,0.10714285714285714,183016228206.96475,72018588892.5412,50.0,72.0,26.0,44.0,0.0,32.0,63.0,52.0,9.0,86.0,44.0,22.0,66.0,29,Fear,4383.52,-7.272999999999999e-05,-6.542e-05,-0.9800000000000182,True,14,3,0,us,0.0019059215925034678,,0.25
ETH,1786633200,1786636740.0,1882.35,1882.4,1883.27,-0.0004619624,1.15335e-05,882108.7141999995,575222166.3861305,1882.3,1882.4,1170832.8845000002,4152205.71663,-144675.6934,-273004881.26026,276449669.58392,17.2,3.0,12.0,8.523e-05,1879.19,1880.01,7.792e-05,1879.15,9.0,-0.22285555555555556,0.1111111111111111,0.4444444444444444,183016228206.96475,72018588892.5412,47.0,68.0,25.0,46.0,18.0,32.0,62.0,50.0,6.0,83.0,42.0,17.0,85.0,29,Fear,4365.37,-7.36965e-05,-6.638649999999999e-05,2.339999999999918,True,15,3,0,us,-0.005336997014452227,,1.0
ETH,1786636800,1786640280.0,1872.85,1872.8,1873.65,-0.0004002882,7.1924e-06,869962.5588000002,657217914.7467405,1872.8,1872.9,1154906.2144300002,4633302.50369,-140143.3475,-262464790.68424,268724034.75224,17.2,3.0,12.0,5.923e-05,1873.99,1874.85,4.152e-05,1874.11,14.0,0.04412142857142858,0.42857142857142855,0.14285714285714285,183016228206.96475,72018588892.5412,47.0,70.0,25.0,50.0,17.0,33.0,66.0,50.0,9.0,88.0,42.0,27.0,73.0,29,Fear,4366.79,-5.20376e-05,-3.43276e-05,-2.0,True,16,3,0,us,-0.0050468828857545,,0.75
ETH,1786640400,1786643940.0,1877.45,1877.5,1878.24,-0.0003939859,1.25e-05,866858.3213999999,674906232.2034085,1877.4,1877.5,1759091.47003,3407940.8293,-141253.595,-265150400.86035,271100717.00871,17.2,3.0,12.0,5.923e-05,1876.05,1876.98,4.152e-05,1876.1,18.0,0.0339888888888889,0.3333333333333333,0.3333333333333333,183016228206.96475,72018588892.5412,49.0,67.0,33.0,47.0,0.0,40.0,64.0,56.0,9.0,85.0,45.0,27.0,58.0,29,Fear,4356.84,-4.673e-05,-2.9020000000000003e-05,0.4700000000000273,True,17,3,0,us,0.0024561497183437364,,0.75
ETH,1786644000,1786647240.0,1883.75,1883.6,1884.4,-0.0003184037,1.25e-05,866658.8198000006,684182939.278308,1883.7,1883.8,3735851.75102,938178.88023,-142084.5516,-267182668.60337,272690751.63651,17.2,3.0,12.0,5.923e-05,1884.64,1885.52,4.152e-05,1884.52,0.0,,,,183016228206.96475,72018588892.5412,48.0,68.0,32.0,50.0,43.0,39.0,63.0,47.0,10.0,85.0,44.0,28.0,51.0,29,Fear,4357.76,-4.673e-05,-2.9020000000000003e-05,-1.7699999999999818,True,18,3,0,us,0.0033556153293030633,,0.75
ETH,1786647600,1786651140.0,1886.05,1886.2,1887.1,-0.0005299136,1.06128e-05,876309.9988000003,748171129.8903799,1886.0,1886.1,2896921.16006,1497910.53487,-142818.6622,-269393976.72973603,277755776.771444,17.2,3.0,12.0,5.923e-05,1886.62,1887.41,4.152e-05,1886.62,9.0,0.2479555555555556,0.6666666666666666,0.2222222222222222,183016228206.96475,72018588892.5412,52.0,74.0,50.0,56.0,50.0,58.0,66.0,55.0,7.0,94.0,64.0,25.0,56.0,29,Fear,4349.48,-4.86172e-05,-3.09072e-05,-1.3600000000001273,True,19,3,0,us,0.0012209688122095663,,0.75
ETH,1786651200,1786654740.0,1885.25,1885.5,1886.55,-0.0006625851,9.3005e-06,877253.4212000008,747315621.6300089,1885.2,1885.3,4923313.70865,556254.49082,-142672.4453,-268923292.14597,277472015.58273,17.2,3.0,12.0,5.923e-05,1885.27,1886.43,4.152e-05,1885.45,14.0,0.06729285714285714,0.2857142857142857,0.21428571428571427,183016228206.96475,72018588892.5412,54.0,77.0,39.0,61.0,37.0,45.0,70.0,59.0,13.0,97.0,57.0,17.0,54.0,29,Fear,4350.63,-4.99295e-05,-3.2219500000000006e-05,-1.1800000000000637,True,20,3,0,us,-0.0004241669096789469,,0.25
ETH,1786654800,1786656540.0,1886.85,1886.84,1887.64,-0.0003920239,1.0579e-05,877832.2632000002,736035789.3168591,1886.8,1886.9,1227475.6502,2661023.72686,-142672.2697,-269258614.55910003,277858516.41994,17.2,3.0,12.0,5.923e-05,1887.87,1888.76,4.152e-05,1887.96,21.0,-0.19496666666666665,0.2857142857142857,0.42857142857142855,183016228206.96475,72018588892.5412,54.0,84.0,41.0,59.0,34.0,54.0,79.0,59.0,14.0,93.0,58.0,34.0,53.0,29,Fear,4353.09,-4.8651e-05,-3.0941e-05,-1.9100000000000819,True,21,3,0,us,0.0008486938071872174,,1.0
ETH,1786658400,,,,,,,,,,,,,,,,,,,5.923e-05,1888.44,1889.4,4.152e-05,1888.63,0.0,,,,183016228206.96475,72018588892.5412,53.0,81.0,39.0,69.0,31.0,57.0,81.0,65.0,15.0,98.0,71.0,41.0,51.0,29,Fear,4353.5,,,,False,22,3,0,us,,,
ETH,1786662000,,,,,,,,,,,,,,,,,,,5.923e-05,1885.39,1886.15,4.152e-05,1885.52,0.0,,,,183016228206.96475,72018588892.5412,53.0,78.0,50.0,62.0,53.0,63.0,78.0,64.0,19.0,94.0,79.0,33.0,49.0,29,Fear,4356.83,,,,False,23,3,0,us,,,
ETH,1786665600,,,,,,,,,,,,,,,,,,,2.697e-05,1888.73,1889.4,5.399e-05,1888.67,0.0,,,,183028276596.99738,71948109765.81747,53.0,77.0,50.0,62.0,36.0,65.0,90.0,67.0,13.0,93.0,76.0,47.0,73.0,29,Fear,4343.87,,,,False,0,4,0,asia,,,
ETH,1786669200,,,,,,,,,,,,,,,,,,,2.697e-05,1888.59,1889.41,5.399e-05,1888.8,0.0,,,,183028276596.99738,71948109765.81747,49.0,74.0,56.0,60.0,55.0,69.0,90.0,60.0,16.0,93.0,79.0,25.0,100.0,29,Fear,4323.13,,,,False,1,4,0,asia,,,
ETH,1786672800,,,,,,,,,,,,,,,,,,,2.697e-05,1885.75,1886.62,5.399e-05,1885.9,0.0,,,,183028276596.99738,71948109765.81747,51.0,73.0,60.0,61.0,48.0,77.0,81.0,59.0,19.0,93.0,84.0,76.0,99.0,29,Fear,4320.79,,,,False,2,4,0,asia,,,
ETH,1786676400,,,,,,,,,,,,,,,,,,,2.697e-05,1882.25,1883.0,5.399e-05,1882.17,0.0,,,,183028276596.99738,71948109765.81747,51.0,74.0,67.0,55.0,52.0,99.0,70.0,59.0,14.0,82.0,93.0,73.0,85.0,29,Fear,4329.5,,,,False,3,4,0,asia,,,
ETH,1786680000,,,,,,,,,,,,,,,,,,,2.697e-05,1883.91,1884.77,5.399e-05,1884.02,0.0,,,,183028276596.99738,71948109765.81747,55.0,74.0,61.0,58.0,42.0,92.0,66.0,70.0,18.0,84.0,87.0,25.0,73.0,29,Fear,4332.01,,,,False,4,4,0,asia,,,
ETH,1786683600,,,,,,,,,,,,,,,,,,,2.697e-05,1883.08,1884.07,5.399e-05,1883.06,0.0,,,,183028276596.99738,71948109765.81747,57.0,70.0,88.0,53.0,55.0,86.0,59.0,75.0,19.0,76.0,89.0,45.0,62.0,29,Fear,4338.56,,,,False,5,4,0,asia,,,
ETH,1786687200,,,,,,,,,,,,,,,,,,,2.697e-05,1871.76,1872.85,5.399e-05,1871.81,0.0,,,,183028276596.99738,71948109765.81747,56.0,67.0,100.0,45.0,52.0,100.0,55.0,77.0,20.0,73.0,100.0,62.0,58.0,29,Fear,4341.58,,,,False,6,4,0,asia,,,
ETH,1786690800,,,,,,,,,,,,,,,,,,,2.697e-05,1872.34,1873.4,5.399e-05,1872.34,0.0,,,,183028276596.99738,71948109765.81747,53.0,59.0,88.0,39.0,33.0,91.0,54.0,67.0,12.0,72.0,98.0,41.0,56.0,29,Fear,4350.46,,,,False,7,4,0,asia,,,
ETH,1786694400,1786697880.0,1875.15,1875.2,1876.0,-0.0003091684,7.278e-06,872669.9167999999,707107530.8629001,1875.1,1875.2,6281963.15023,537390.8189899999,-145478.4759,-272763622.67334,281680236.08484,17.2,3.0,12.0,-6.75e-06,1877.76,1878.71,9.32e-06,1877.91,10.0,0.16402999999999998,0.3,0.0,183028276596.99738,71948109765.81747,50.0,59.0,45.0,34.0,0.0,41.0,51.0,61.0,14.0,66.0,44.0,34.0,53.0,29,Fear,4352.28,1.4027999999999999e-05,-2.042000000000001e-06,-3.5599999999999454,True,8,4,0,europe,,,
ETH,1786698000,1786701540.0,1872.85,1872.9,1873.61,-0.0003789476,1.25e-05,882690.3584000004,708870311.5054398,1872.8,1872.9,2764679.52679,1688217.98547,-148884.8421,-278895706.56283,286234503.13953,17.2,3.0,12.0,-6.75e-06,1872.3,1873.22,9.32e-06,1872.3,7.0,0.06495714285714285,0.14285714285714285,0.14285714285714285,183028276596.99738,71948109765.81747,52.0,60.0,40.0,45.0,35.0,58.0,52.0,70.0,10.0,62.0,50.0,21.0,53.0,29,Fear,4361.44,1.925e-05,3.18e-06,-0.37000000000011823,True,9,4,0,europe,-0.0012265685411834149,,1.0
ETH,1786701600,1786705080.0,1875.75,1875.77,1876.42,-0.0003090992,1.25e-05,898487.8512000003,686875448.0903703,1875.7,1875.8,4690502.34877,854323.31605,-152033.6809,-285142845.90531003,292244482.17011,17.2,3.0,12.0,-6.75e-06,1875.2,1876.19,9.32e-06,1875.12,11.0,0.21953636363636367,0.45454545454545453,0.18181818181818182,183028276596.99738,71948109765.81747,50.0,61.0,30.0,40.0,40.0,35.0,50.0,51.0,7.0,66.0,36.0,27.0,56.0,29,Fear,4351.75,1.925e-05,3.18e-06,-0.44000000000005457,True,10,4,0,europe,0.001548442213738399,,0.75
ETH,1786705200,1786708740.0,1877.45,1877.3,1878.1,-0.0003194718,1.25e-05,897649.9746,648741773.853989,1877.4,1877.5,1269041.88858,2584913.12668,-152320.5018,-286308149.56821,293682439.47923,17.2,3.0,12.0,-6.75e-06,1877.33,1878.2,9.32e-06,1877.26,12.0,-0.01035833333333334,0.08333333333333333,0.25,183028276596.99738,71948109765.81747,45.0,67.0,33.0,36.0,0.0,30.0,59.0,49.0,4.0,67.0,41.0,17.0,61.0,29,Fear,4369.61,1.925e-05,3.18e-06,-0.75,True,11,4,0,europe,0.0009063041450085851,,1.0
ETH,1786708800,1786712340.0,1872.35,1872.4,1873.23,-0.0004430849,1.25e-05,889166.1468000008,650204627.4097193,1872.3,1872.4,567023.79956,4042556.5579299997,-151572.4853,-284059728.24186003,292124034.12766,17.2,3.0,12.0,-6.75e-06,1872.53,1873.51,9.32e-06,1872.46,30.0,-0.004659999999999996,0.2,0.23333333333333334,183028276596.99738,71948109765.81747,48.0,67.0,21.0,38.0,34.0,28.0,68.0,47.0,8.0,76.0,37.0,25.0,58.0,29,Fear,4372.96,1.925e-05,3.18e-06,-1.1600000000000819,True,12,4,0,europe,-0.0027164505046739507,,0.25
ETH,1786712400,1786715940.0,1867.35,1867.3,1868.11,-0.0003800633,1.19242e-05,889573.3036000011,598221607.4918209,1867.3,1867.4,834681.8614,2826355.19318,-151398.8325,-282787916.87235,291223558.55917,17.2,3.0,12.0,-6.75e-06,1869.07,1869.97,9.32e-06,1869.29,0.0,,,,183028276596.99738,71948109765.81747,53.0,77.0,28.0,47.0,19.0,31.0,64.0,53.0,9.0,79.0,42.0,27.0,56.0,29,Fear,4381.67,1.8674199999999998e-05,2.6041999999999996e-06,-2.6200000000001182,True,13,4,0,us,-0.0026704408897909593,,0.25
ETH,1786716000,1786719480.0,1865.25,1865.3,1866.22,-0.0004929751,1.0256e-05,887632.7668000004,587929011.0083808,1865.4,1865.5,2550533.01157,1685619.64707,-151350.3331,-282295510.87479997,291289686.04416,17.2,3.0,12.0,-6.75e-06,1866.0,1866.93,9.32e-06,1865.86,0.0,,,,183028276596.99738,71948109765.81747,50.0,76.0,22.0,46.0,0.0,29.0,64.0,47.0,11.0,79.0,36.0,25.0,65.0,29,Fear,4377.28,1.7006e-05,9.359999999999992e-07,-1.6800000000000637,True,14,4,0,us,-0.0011245883203470086,,0.75
ETH,1786719600,1786723080.0,1881.75,1881.86,1882.53,-0.000387776,1.25e-05,903207.7363999997,588992277.4626994,1881.7,1881.8,1250749.8927699998,2472301.49079,-156463.5314,-294440310.021128,301783433.36489403,17.2,3.0,12.0,-6.75e-06,1880.72,1881.56,9.32e-06,1880.67,15.0,0.10197333333333332,0.4666666666666667,0.2,183028276596.99738,71948109765.81747,52.0,71.0,25.0,48.0,20.0,31.0,69.0,50.0,10.0,83.0,39.0,23.0,76.0,29,Fear,4388.09,1.925e-05,3.18e-06,0.19000000000005457,True,15,4,0,us,0.0088459991958183,,1.0
ETH,1786723200,1786726740.0,1884.75,1884.7,1885.6,-0.0004242681,1.25e-05,901248.6316000002,527095878.2611906,1884.7,1884.8,1665367.9095700001,1709178.97595,-156406.568,-294673050.911844,302199132.97186,17.2,3.0,12.0,6.86e-06,1884.74,1885.41,2.58e-05,1884.82,8.0,0.2300625,0.375,0.0,183028276596.99738,71948109765.81747,50.0,71.0,24.0,48.0,32.0,31.0,62.0,47.0,10.0,81.0,39.0,25.0,64.0,29,Fear,4382.21,5.64e-06,-1.33e-05,-0.6600000000000819,True,16,4,0,us,0.0015942606616181632,,0.5
ETH,1786726800,1786730280.0,1877.15,1877.3,1878.21,-0.000537746,1.0715e-05,895314.9768000002,535479291.1276104,1877.1,1877.2,806966.81052,4083210.52026,-153954.7306,-288935376.600565,299864284.520645,17.2,3.0,12.0,6.86e-06,1877.9,1878.57,2.58e-05,1877.76,17.0,0.20131176470588236,0.47058823529411764,0.11764705882352941,183028276596.99738,71948109765.81747,46.0,62.0,22.0,46.0,0.0,29.0,67.0,46.0,11.0,86.0,38.0,23.0,53.0,29,Fear,4373.89,3.8549999999999995e-06,-1.5085e-05,-1.4199999999998454,True,17,4,0,us,-0.004032365035150476,,0.5
ETH,1786730400,1786733940.0,1875.15,1875.1,1875.95,-0.0003997974,1.21277e-05,889502.4222000001,528395650.6882704,1875.1,1875.2,964954.54391,3265772.8426099997,-153534.03399999999,-287894849.17024,300059331.64682,17.2,3.0,12.0,6.86e-06,1875.05,1875.76,2.58e-05,1874.66,5.0,0.14148,0.4,0.2,183028276596.99738,71948109765.81747,50.0,66.0,26.0,50.0,30.0,32.0,68.0,50.0,15.0,84.0,40.0,19.0,54.0,29,Fear,4371.08,5.2677e-06,-1.36723e-05,-0.6099999999999,True,18,4,0,us,-0.0010654449564498902,,0.75
ETH,1786734000,1786737540.0,1880.25,1880.2,1881.1,-0.0004252831,1.11987e-05,889092.4925999998,464969936.2113107,1880.2,1880.3,1653467.2398,3047549.73441,-154235.7191,-290088319.30967,301405686.544406,17.2,3.0,12.0,6.86e-06,1879.91,1880.89,2.58e-05,1879.76,13.0,-0.049946153846153855,0.23076923076923078,0.38461538461538464,183028276596.99738,71948109765.81747,60.0,70.0,27.0,51.0,26.0,32.0,68.0,49.0,6.0,86.0,45.0,26.0,52.0,29,Fear,4372.21,4.3387e-06,-1.46013e-05,-0.6400000000001,True,19,4,0,us,0.0027197824174065577,,1.0
ETH,1786737600,1786741140.0,1879.55,1879.6,1880.42,-0.0004360728,4.0976e-06,890858.1682,467870582.9784601,1879.5,1879.6,1461862.1121799997,3216050.5983100003,-152645.8429,-286827245.30816,300138046.73924,17.2,3.0,12.0,6.86e-06,1879.49,1880.42,2.58e-05,1879.66,10.0,0.3538,0.6,0.0,183028276596.99738,71948109765.81747,69.0,76.0,29.0,52.0,31.0,29.0,69.0,53.0,12.0,87.0,41.0,31.0,53.0,29,Fear,4373.17,-2.7624e-06,-2.17024e-05,-0.8700000000001182,True,20,4,0,us,-0.000372290918760787,,0.75
ETH,1786741200,1786744740.0,1878.45,1878.4,1879.3,-0.0003831214,3.8794e-06,886153.7580000001,486540062.5297698,1878.4,1878.5,1971037.01957,2221484.13315,-151154.7549,-283708355.639936,298870218.839796,17.2,3.0,12.0,6.86e-06,1878.53,1879.44,2.58e-05,1878.41,6.0,-0.34709999999999996,0.0,0.6666666666666666,183028276596.99738,71948109765.81747,67.0,85.0,26.0,55.0,53.0,31.0,77.0,61.0,14.0,96.0,48.0,31.0,51.0,29,Fear,4377.25,-2.9806000000000007e-06,-2.19206e-05,-0.9900000000000091,True,21,4,0,us,-0.0005852464685696113,,0.25
ETH,1786744800,1786748280.0,1878.45,1878.8,1879.9,-0.0007447205,3.6489e-06,882711.7292000001,487922672.5350106,1878.4,1878.5,5607541.0205,4217722.587710001,-150455.4685,-282595926.92544,298588206.39062,17.2,3.0,12.0,6.86e-06,1878.8,1879.77,2.58e-05,1878.67,5.0,0.07775999999999998,0.4,0.4,183028276596.99738,71948109765.81747,59.0,79.0,29.0,56.0,0.0,36.0,79.0,59.0,9.0,96.0,58.0,40.0,50.0,29,Fear,4376.27,-3.2111000000000005e-06,-2.21511e-05,-1.3199999999999363,True,22,4,0,us,0.0,,0.5
ETH,1786748400,1786751940.0,1881.25,1881.2,1882.15,-0.0004516112,1.2944e-06,884997.3198000002,491127791.11868995,1881.2,1881.3,1796429.23352,1094527.2431899998,-149488.127,-281222924.44246995,298592787.24599,17.2,3.0,12.0,6.86e-06,1881.39,1882.2,2.58e-05,1881.42,7.0,0.007014285714285703,0.2857142857142857,0.2857142857142857,183028276596.99738,71948109765.81747,52.0,78.0,25.0,51.0,50.0,36.0,88.0,51.0,17.0,93.0,47.0,25.0,53.0,29,Fear,4380.4,-5.5656000000000006e-06,-2.45056e-05,-0.9500000000000455,True,23,4,0,us,0.0014905906465436658,,0.5
ETH,1786752000,1786755480.0,1881.45,1881.6,1882.67,-0.0006214578,6.3323e-06,886539.7714000001,470176522.45098984,1881.4,1881.5,3351774.1311,1237234.92055,-149190.5602,-280706048.15163803,298386344.164996,17.2,3.0,12.0,5.131e-05,1881.7,1882.41,9.74e-06,1881.68,10.0,0.008190000000000008,0.2,0.3,183029020989.35953,71883021338.37572,53.0,73.0,32.0,54.0,0.0,38.0,95.0,57.0,19.0,89.0,48.0,50.0,71.0,34,Fear,4377.49,-4.49777e-05,-3.4076999999999996e-06,-0.9600000000000364,True,0,5,1,asia,0.00010631229235880113,,1.0
ETH,1786755600,1786759140.0,1883.55,1883.5,1884.0,-0.0002123142,7.9414e-06,885678.7718000001,469252889.5461201,1883.5,1883.6,912167.4528600001,4401173.80235,-148949.7922,-280546933.6087,298811635.4243,17.2,3.0,12.0,5.131e-05,1883.35,1884.0,9.74e-06,1883.26,10.0,-0.09766000000000001,0.2,0.4,183029020989.35953,71883021338.37572,52.0,77.0,32.0,51.0,34.0,40.0,97.0,59.0,14.0,86.0,50.0,39.0,92.0,34,Fear,4375.29,-4.3368600000000004e-05,-1.7986e-06,-0.4500000000000455,True,1,5,1,asia,0.0011161604081957321,,0.75
ETH,1786759200,1786762680.0,1883.55,1883.64,1884.66,-0.0005624357,3.5549e-06,886749.2423999999,466673959.94850993,1883.5,1883.6,2338096.4933,1545581.2612,-148605.1449,-279921086.11712,298425042.02731,17.2,3.0,12.0,5.131e-05,1884.23,1884.94,9.74e-06,1884.06,7.0,0.19031428571428569,0.42857142857142855,0.0,183029020989.35953,71883021338.37572,50.0,79.0,26.0,52.0,79.0,44.0,79.0,58.0,14.0,87.0,53.0,29.0,84.0,34,Fear,4377.32,-4.77551e-05,-6.1850999999999994e-06,-1.3900000000001,True,2,5,1,asia,0.0,,0.25
ETH,1786762800,1786766340.0,1882.35,1882.3,1883.21,-0.0004301167,1.2776e-06,886129.4532,461796717.97577035,1882.3,1882.4,776431.8099799999,4978742.4615,-148271.0713,-279119721.283966,298385325.679966,17.2,3.0,12.0,5.131e-05,1881.95,1882.68,9.74e-06,1881.95,3.0,-0.12976666666666667,0.3333333333333333,0.3333333333333333,183029020989.35953,71883021338.37572,46.0,72.0,25.0,46.0,62.0,39.0,70.0,53.0,14.0,79.0,50.0,38.0,79.0,34,Fear,4379.3,-5.00324e-05,-8.4624e-06,-0.3300000000001546,True,3,5,1,asia,-0.0006370948474954119,,1.0
ETH,1786766400,1786769940.0,1883.45,1883.5,1884.4,-0.0004776056,-8.49e-08,886207.1679999998,459539206.13978976,1883.4,1883.5,1606642.4543000003,3746568.2339399997,-147999.71,-278757453.78499997,298490208.992,17.2,3.0,12.0,5.131e-05,1883.62,1884.37,9.74e-06,1883.48,7.0,0.16892857142857146,0.42857142857142855,0.14285714285714285,183029020989.35953,71883021338.37572,51.0,70.0,30.0,46.0,46.0,47.0,62.0,55.0,12.0,80.0,51.0,38.0,70.0,34,Fear,4379.23,-5.1394900000000005e-05,-9.8249e-06,-0.9199999999998454,True,4,5,1,asia,0.0005843759130874648,,0.5
ETH,1786770000,1786773540.0,1879.75,1879.8,1880.7,-0.0004785452,6.1801e-06,880371.5509999999,466033041.69365996,1879.7,1879.8,3078944.34101,1520005.98737,-148087.60940000002,-278375088.15012,298101934.1742,17.2,3.0,12.0,5.131e-05,1879.84,1880.66,9.74e-06,1879.97,5.0,0.39597999999999994,0.8,0.2,183029020989.35953,71883021338.37572,58.0,70.0,76.0,41.0,36.0,64.0,56.0,71.0,7.0,75.0,65.0,24.0,59.0,34,Fear,4377.09,-4.51299e-05,-3.5598999999999996e-06,-0.9100000000000819,True,5,5,1,asia,-0.0019644800764554438,,0.5
ETH,1786773600,1786777140.0,1881.25,1881.3,1882.22,-0.0004887845,8.1905e-06,880008.3654000001,445300954.2345702,1881.2,1881.3,2304554.27716,2035849.1227900002,-148094.1665,-278760618.632498,298549909.65237,17.2,3.0,12.0,5.131e-05,1881.38,1882.16,9.74e-06,1881.52,2.0,0.46685,1.0,0.0,183029020989.35953,71883021338.37572,53.0,67.0,53.0,33.0,38.0,57.0,48.0,65.0,8.0,69.0,54.0,30.0,58.0,34,Fear,4375.76,-4.31195e-05,-1.5494999999999993e-06,-0.9100000000000819,True,6,5,1,asia,0.0007979784545817381,,0.75
ETH,1786777200,1786780680.0,1879.35,1879.4,1880.39,-0.0005264865,9.0986e-06,880307.6730000002,409164656.0814998,1879.3,1879.4,1677335.3767400002,980851.3538999999,-148136.9193,-278421806.575769,298181300.252891,17.2,3.0,12.0,5.131e-05,1879.6,1880.4,9.74e-06,1879.53,9.0,0.1141888888888889,0.5555555555555556,0.3333333333333333,183029020989.35953,71883021338.37572,60.0,59.0,85.0,40.0,68.0,75.0,46.0,67.0,100.0,65.0,52.0,100.0,57.0,34,Fear,4379.17,-4.22114e-05,-6.414000000000003e-07,-1.050000000000182,True,7,5,1,asia,-0.0010099667774087218,,0.5
ETH,1786780800,1786784340.0,1876.75,1876.8,1877.5,-0.0003728362,3.5756e-06,871541.3602000002,393455085.87100977,1876.7,1876.8,1754600.8590699998,2027487.4514600001,-147845.6309,-277396915.54061496,296691707.392145,17.2,3.0,12.0,4.368e-05,1876.16,1877.05,3.698e-05,1876.26,6.0,-0.0022166666666666632,0.16666666666666666,0.16666666666666666,183029020989.35953,71883021338.37572,49.0,53.0,71.0,38.0,0.0,47.0,47.0,55.0,8.0,64.0,46.0,16.0,54.0,34,Fear,4377.63,-4.01044e-05,-3.34044e-05,-0.2999999999999545,True,8,5,1,europe,-0.0013834570463191476,,1.0
ETH,1786784400,1786787940.0,1879.95,1880.0,1880.68,-0.0003615713,1.25e-05,873538.8747999999,381439622.46414024,1879.9,1880.0,1805840.22831,1995022.86097,-148280.1072,-278781429.54672,297742961.5092,17.2,3.0,12.0,4.368e-05,1879.55,1880.44,3.698e-05,1879.63,11.0,0.39759999999999995,0.5454545454545454,0.0,183029020989.35953,71883021338.37572,47.0,54.0,29.0,37.0,34.0,44.0,47.0,52.0,7.0,61.0,47.0,19.0,52.0,34,Fear,4377.21,-3.118e-05,-2.4480000000000003e-05,-0.4900000000000091,True,9,5,1,europe,0.0017050752630878296,,0.75
ETH,1786788000,1786791540.0,1880.05,1880.1,1880.9,-0.0004253283,1.25e-05,875027.4218,352430296.8337399,1880.0,1880.1,4145224.25629,582086.6289700001,-148440.1728,-279069487.772444,298032737.12399197,17.2,3.0,12.0,4.368e-05,1880.24,1881.01,3.698e-05,1880.25,10.0,-0.022130000000000004,0.1,0.2,183029020989.35953,71883021338.37572,49.0,60.0,35.0,36.0,0.0,37.0,50.0,56.0,9.0,66.0,39.0,19.0,54.0,34,Fear,4377.13,-3.118e-05,-2.4480000000000003e-05,-0.9600000000000364,True,10,5,1,europe,5.319290406657906e-05,,0.75
ETH,1786791600,1786795140.0,1878.85,1878.7,1879.4,-0.0002660424,1.25e-05,875109.3554000007,342418457.7786602,1878.8,1878.9,1002010.2399599999,3710823.25364,-148474.1023,-278938295.99101,297877726.94569004,17.2,3.0,12.0,4.368e-05,1878.56,1879.49,3.698e-05,1878.51,9.0,0.11954444444444445,0.3333333333333333,0.1111111111111111,183029020989.35953,71883021338.37572,45.0,54.0,27.0,34.0,26.0,36.0,59.0,46.0,8.0,67.0,40.0,25.0,56.0,34,Fear,4376.01,-3.118e-05,-2.4480000000000003e-05,-0.6400000000001,True,11,5,1,europe,-0.0006382808967846376,,0.5
ETH,1786795200,1786798740.0,1882.25,1882.3,1883.29,-0.0005256758,1.25e-05,875427.6364000002,321764002.01511955,1882.2,1882.3,4266459.60537,430791.90739000007,-148514.2997,-279629079.19344,298582429.20306003,17.2,3.0,12.0,4.368e-05,1883.0,1883.86,3.698e-05,1883.11,3.0,0.10313333333333334,0.3333333333333333,0.0,183029020989.35953,71883021338.37572,45.0,59.0,27.0,34.0,26.0,37.0,66.0,49.0,5.0,74.0,44.0,24.0,59.0,34,Fear,4376.83,-3.118e-05,-2.4480000000000003e-05,-1.6099999999999,True,12,5,1,europe,0.0018096175852251317,,0.5
ETH,1786798800,1786802340.0,1882.55,1882.6,1883.78,-0.0006264001,3.7243e-06,883224.8511999999,319798165.74063045,1882.5,1882.6,1975750.9911699996,1625769.17271,-147580.34590000001,-277834759.19133997,298408773.62342,17.2,3.0,12.0,4.368e-05,1882.79,1883.86,3.698e-05,1882.8,11.0,0.2520272727272727,0.45454545454545453,0.09090909090909091,183029020989.35953,71883021338.37572,45.0,59.0,28.0,38.0,0.0,34.0,63.0,48.0,6.0,77.0,42.0,16.0,58.0,34,Fear,4378.26,-3.99557e-05,-3.32557e-05,-1.3099999999999454,True,13,5,1,us,0.00015938371629697912,,0.25
ETH,1786802400,1786805940.0,1883.15,1882.9,1883.6,-0.0002123593,4.3932e-06,890407.8367999998,318234050.93506896,1883.1,1883.2,101024.06053,7496709.308260001,-148005.9467,-278823947.32879,299533296.87181,17.2,3.0,12.0,4.368e-05,1882.68,1883.56,3.698e-05,1882.65,7.0,0.5175285714285714,0.7142857142857143,0.0,183029020989.35953,71883021338.37572,43.0,59.0,28.0,43.0,0.0,33.0,63.0,45.0,12.0,78.0,35.0,19.0,62.0,34,Fear,4376.74,-3.9286800000000005e-05,-3.2586800000000005e-05,-0.4099999999998545,True,14,5,1,us,0.0003187166343523451,,1.0
ETH,1786806000,1786809540.0,1884.25,1884.22,1884.94,-0.0003395334,1.25e-05,891511.1088000003,268800516.47266024,1884.2,1884.3,1028854.48377,1974984.1378100002,-147935.5745,-278740209.47290003,299616331.4985,17.2,3.0,12.0,4.368e-05,1884.09,1884.91,3.698e-05,1884.15,8.0,0.054512500000000005,0.25,0.125,183029020989.35953,71883021338.37572,40.0,57.0,25.0,40.0,23.0,33.0,67.0,45.0,8.0,84.0,34.0,21.0,78.0,34,Fear,4376.6,-3.118e-05,-2.4480000000000003e-05,-0.6600000000000819,True,15,5,1,us,0.000584127658444622,,0.25
ETH,1786809600,1786813140.0,1883.95,1883.9,1884.9,-0.0004774789,7.2447e-06,891517.3634,256656210.18927023,1883.9,1884.0,1549964.30853,2372271.71293,-147991.8579,-278782110.70896,299651617.68898,17.2,3.0,12.0,5.945e-05,1884.05,1884.98,7.122e-05,1883.99,25.0,0.03672799999999999,0.4,0.24,183029020989.35953,71883021338.37572,44.0,56.0,28.0,43.0,27.0,38.0,66.0,48.0,11.0,85.0,38.0,19.0,65.0,34,Fear,4376.74,-5.22053e-05,-6.39753e-05,-1.0299999999999727,True,16,5,1,us,-0.00015921454159473214,,0.5
ETH,1786813200,1786816740.0,1883.65,1883.7,1884.5,-0.0004245158,6.0339e-06,893038.4869999998,223504660.8440199,1883.6,1883.7,1498818.1572699999,2001173.99353,-147625.1793,-278039115.034118,299130716.094154,17.2,3.0,12.0,5.945e-05,1883.62,1884.49,7.122e-05,1883.74,0.0,,,,183029020989.35953,71883021338.37572,63.0,55.0,25.0,39.0,26.0,35.0,66.0,47.0,9.0,86.0,41.0,22.0,52.0,34,Fear,4377.0,-5.34161e-05,-6.51861e-05,-0.8399999999999181,True,17,5,1,us,-0.00015923989490163049,,0.75
ETH,1786816800,1786820340.0,1881.75,1881.7,1882.82,-0.0005417406,-1.5862e-06,893734.0619999999,210815392.39491993,1881.7,1881.8,2031029.93684,1346855.2358399997,-147749.0772,-278034213.47495997,299112372.32291996,17.2,3.0,12.0,5.945e-05,1881.97,1882.82,7.122e-05,1881.9,14.0,-0.1815,0.0,0.2857142857142857,183029020989.35953,71883021338.37572,55.0,59.0,31.0,46.0,45.0,37.0,69.0,48.0,12.0,91.0,45.0,27.0,47.0,34,Fear,4377.96,-6.10362e-05,-7.28062e-05,-1.0699999999999363,True,18,5,1,us,-0.0010086799564675841,,0.5
ETH,1786820400,1786823940.0,1883.75,1883.7,1884.6,-0.0004244933,3.2023e-06,892941.7106,188632009.71650013,1883.7,1883.8,1092114.5847,3475151.59803,-147253.3777,-277395912.91126,298999458.65614,17.2,3.0,12.0,5.945e-05,1883.67,1884.55,7.122e-05,1883.58,8.0,-0.0924375,0.125,0.375,183029020989.35953,71883021338.37572,44.0,57.0,27.0,40.0,0.0,37.0,69.0,49.0,8.0,83.0,61.0,25.0,50.0,34,Fear,4378.81,-5.62477e-05,-6.80177e-05,-0.7999999999999545,True,19,5,1,us,0.0010628404410788495,,0.5
ETH,1786824000,1786827480.0,1882.45,1882.5,1883.4,-0.0004778592,1.3902e-06,891828.7533999999,187510885.00257027,1882.4,1882.5,1138099.69929,3831836.52061,-146994.7886,-276717689.5395,298657228.185,17.2,3.0,12.0,5.945e-05,1882.44,1883.42,7.122e-05,1882.39,0.0,,,,183029020989.35953,71883021338.37572,48.0,64.0,27.0,44.0,51.0,37.0,74.0,52.0,17.0,85.0,45.0,21.0,49.0,34,Fear,4377.97,-5.80598e-05,-6.98298e-05,-0.9700000000000273,True,20,5,1,us,-0.000690112806901122,,0.5
ETH,1786827600,1786831140.0,1884.45,1884.4,1885.2,-0.0003713134,-2.8164e-06,892461.2485999999,171547508.47060984,1884.4,1884.5,937745.5615,5034898.75583,-146333.5684,-275747713.25163,298818747.37061,17.2,3.0,12.0,5.945e-05,1884.14,1885.17,7.122e-05,1884.19,10.0,-0.10540000000000001,0.2,0.3,183029020989.35953,71883021338.37572,48.0,68.0,27.0,47.0,0.0,37.0,77.0,49.0,12.0,89.0,50.0,24.0,47.0,34,Fear,4379.45,-6.22664e-05,-7.40364e-05,-0.7200000000000273,True,21,5,1,us,0.0010624452176684063,,0.75
ETH,1786831200,1786834680.0,1883.65,1883.7,1884.7,-0.0005305884,1.9156e-06,892532.2084000002,156630817.10785007,1883.6,1883.7,2006469.78214,2271918.94965,-146375.47830000002,-275727488.47371,298790770.60287,17.2,3.0,12.0,5.945e-05,1883.71,1884.84,7.122e-05,1883.64,10.0,0.013730000000000003,0.2,0.5,183029020989.35953,71883021338.37572,52.0,71.0,31.0,47.0,37.0,46.0,84.0,62.0,14.0,94.0,53.0,35.0,47.0,34,Fear,4378.24,-5.75344e-05,-6.93044e-05,-1.1899999999998272,True,22,5,1,us,-0.0004245270503329124,,0.75
ETH,1786834800,1786838280.0,1882.25,1882.2,1882.84,-0.0002868008,8.8454e-06,889232.6279999999,152599343.77041978,1882.2,1882.3,846600.4390400001,4368916.41597,-146749.9119,-276198009.18699,299196326.37279,17.2,3.0,12.0,5.945e-05,1881.73,1882.64,7.122e-05,1881.94,2.0,0.2724,0.5,0.0,183029020989.35953,71883021338.37572,51.0,73.0,29.0,52.0,54.0,39.0,87.0,60.0,16.0,94.0,52.0,29.0,47.0,34,Fear,4378.94,-5.06046e-05,-6.23746e-05,-0.39000000000010004,True,23,5,1,us,-0.0007432378626602842,,1.0
ETH,1786838400,1786841940.0,1882.05,1882.03,1882.65,-0.0002921414,7.417e-07,887586.061,156158793.33993965,1882.0,1882.1,676530.00151,6087301.07303,-146844.1207,-276382668.55404997,299449391.00154996,17.2,3.0,12.0,-4.23e-06,1881.54,1882.57,3.929e-05,1881.68,10.0,0.22275,0.4,0.1,183021531699.8318,71861261870.658,51.0,78.0,30.0,51.0,45.0,41.0,100.0,66.0,18.0,87.0,53.0,31.0,73.0,34,Fear,4378.97,4.9717e-06,-3.85483e-05,-0.5199999999999818,True,0,6,1,asia,-0.00010625581086465274,,0.5
ETH,1786842000,1786845540.0,1879.95,1879.9,1880.6,-0.0003190471,1.24703e-05,885982.2930000001,157336931.96678004,1879.9,1880.0,898443.9987300001,4366087.06204,-147217.3003,-276617275.8126,299257438.430452,17.2,3.0,12.0,-4.23e-06,1879.7,1880.54,3.929e-05,1879.68,0.0,,,,183021531699.8318,71861261870.658,47.0,69.0,34.0,52.0,44.0,43.0,95.0,53.0,22.0,87.0,47.0,36.0,90.0,34,Fear,4378.16,1.67003e-05,-2.6819699999999997e-05,-0.5899999999999181,True,1,6,1,asia,-0.0011158045747987622,,0.25
ETH,1786845600,1786849140.0,1882.75,1882.8,1883.72,-0.0004883953,1.25e-05,884498.9393999999,168223652.53680015,1882.7,1882.8,2571259.13794,1951647.54305,-148611.22389999998,-279772288.962613,300841818.972251,17.2,3.0,12.0,-4.23e-06,1882.77,1883.71,3.929e-05,1882.84,6.0,-0.1489333333333333,0.16666666666666666,0.5,183021531699.8318,71861261870.658,59.0,73.0,76.0,51.0,64.0,43.0,77.0,54.0,16.0,81.0,52.0,23.0,88.0,34,Fear,4377.57,1.673e-05,-2.679e-05,-0.9600000000000364,True,2,6,1,asia,0.0014894013138646578,,0.5
ETH,1786849200,1786852740.0,1882.15,1882.2,1883.1,-0.0004779353,9.1344e-06,884371.3498,166848035.4438597,1882.1,1882.2,2625489.7295199996,2719891.64928,-148610.8038,-279729187.749678,300796202.343922,17.2,3.0,12.0,-4.23e-06,1882.15,1883.3,3.929e-05,1882.29,3.0,-0.3055333333333333,0.0,0.3333333333333333,183021531699.8318,71861261870.658,57.0,64.0,36.0,40.0,48.0,42.0,65.0,51.0,12.0,84.0,49.0,30.0,78.0,34,Fear,4378.9,1.33644e-05,-3.01556e-05,-1.1499999999998636,True,3,6,1,asia,-0.00031868277785152,,0.5
ETH,1786852800,1786856340.0,1880.95,1880.9,1881.6,-0.0003188776,1.03026e-05,882960.3494,169335621.26204008,1881.0,1881.1,868613.04154,4764133.0335,-148641.277,-279623970.2924,300644901.6692,17.2,3.0,12.0,-4.23e-06,1880.76,1881.7,3.929e-05,1880.76,4.0,0.280425,0.75,0.25,183021531699.8318,71861261870.658,60.0,73.0,53.0,45.0,0.0,75.0,60.0,52.0,17.0,84.0,76.0,34.0,64.0,34,Fear,4377.69,1.45326e-05,-2.89874e-05,-0.75,True,4,6,1,asia,-0.000637568737879568,,0.75
ETH,1786856400,1786859940.0,1878.95,1879.0,1879.8,-0.0004255772,1.10965e-05,875247.5900000003,176177335.48710993,1878.9,1879.0,1151500.86632,3408076.8271100004,-148224.6235,-278528890.01884997,299116616.66379,17.2,3.0,12.0,-4.23e-06,1879.01,1879.81,3.929e-05,1879.06,14.0,-0.03137142857142856,0.21428571428571427,0.35714285714285715,183021531699.8318,71861261870.658,52.0,64.0,58.0,36.0,48.0,58.0,55.0,64.0,14.0,81.0,54.0,31.0,56.0,34,Fear,4381.69,1.53265e-05,-2.81935e-05,-0.8599999999999,True,5,6,1,asia,-0.0010632924851803338,,0.75
ETH,1786860000,1786863540.0,1879.85,1879.9,1880.64,-0.0003934831,1.25e-05,874482.2443999996,179751099.62021992,1879.8,1879.9,2476951.06821,1314329.62739,-148472.74109999998,-279105350.01522,299447650.42444,17.2,3.0,12.0,-4.23e-06,1879.8,1880.58,3.929e-05,1880.01,8.0,0.53125,1.0,0.0,183021531699.8318,71861261870.658,52.0,62.0,48.0,52.0,32.0,46.0,50.0,65.0,11.0,71.0,41.0,25.0,57.0,34,Fear,4379.9,1.673e-05,-2.679e-05,-0.7300000000000182,True,6,6,1,asia,0.00047899092578296276,,0.5
ETH,1786863600,1786867140.0,1880.75,1880.8,1881.55,-0.0003986075,9.9514e-06,874720.0823999997,178729081.8973699,1880.7,1880.8,936795.96233,2455736.03476,-148480.493,-279247728.452942,299601562.469778,17.2,3.0,12.0,-4.23e-06,1880.73,1881.54,3.929e-05,1880.69,4.0,-0.1707,0.25,0.5,183021531699.8318,71861261870.658,54.0,58.0,66.0,35.0,40.0,51.0,47.0,70.0,10.0,68.0,42.0,40.0,60.0,34,Fear,4379.38,1.41814e-05,-2.9338599999999997e-05,-0.7899999999999636,True,7,6,1,asia,0.0004787616033194997,,0.5
ETH,1786867200,1786870740.0,1880.15,1880.2,1880.9,-0.0003721623,1.25e-05,874832.3782,163511286.2567399,1880.1,1880.2,1315508.4645699998,3156836.6117,-148531.83610000001,-279269558.23522,299485644.62194,17.2,3.0,12.0,1.949e-05,1879.88,1880.94,8.761e-05,1880.27,3.0,0.6204666666666666,1.0,0.0,183021531699.8318,71861261870.658,48.0,56.0,26.0,32.0,34.0,40.0,43.0,54.0,8.0,63.0,37.0,20.0,59.0,34,Fear,4379.01,-6.990000000000001e-06,-7.510999999999999e-05,-0.7899999999999636,True,8,6,1,europe,-0.0003190216668881307,-0.000539838053290031,0.25
ETH,1786870800,1786874340.0,1879.65,1879.66,1880.43,-0.0003882091,1.25e-05,875249.6647999998,156530741.35777995,1879.6,1879.7,851255.69821,4081107.8374000005,-148657.271,-279466613.564509,299654757.78554296,17.2,3.0,12.0,1.949e-05,1879.32,1880.43,8.761e-05,1879.45,21.0,0.08570952380952382,0.38095238095238093,0.2857142857142857,183021531699.8318,71861261870.658,45.0,57.0,28.0,33.0,35.0,38.0,42.0,56.0,13.0,63.0,39.0,20.0,54.0,34,Fear,4379.79,-6.990000000000001e-06,-7.510999999999999e-05,-0.7799999999999727,True,9,6,1,europe,-0.0002659362284923583,0.00134791661257581,1.0
ETH,1786874400,1786877940.0,1879.95,1880.0,1880.9,-0.0004678611,4.8087e-06,875366.137,154963489.31589013,1879.9,1880.0,3312622.77259,1069759.99771,-148689.956,-279527777.25833,299687898.25715,17.2,3.0,12.0,1.949e-05,1879.94,1880.79,8.761e-05,1880.13,0.0,,,,183021531699.8318,71861261870.658,48.0,60.0,27.0,36.0,36.0,41.0,46.0,57.0,7.0,73.0,36.0,23.0,56.0,34,Fear,4377.58,-1.4681300000000001e-05,-8.280129999999999e-05,-0.8399999999999181,True,10,6,1,europe,0.00015960418162963563,-0.0001513113519425045,0.75
ETH,1786878000,1786881480.0,1879.95,1880.1,1880.9,-0.0004784943,1.25e-05,875408.5594,154834073.53196993,1879.9,1880.0,4125794.33876,1142062.4125799998,-148687.5379,-279547440.00579,299662415.19837,17.2,3.0,12.0,1.949e-05,1880.14,1880.94,8.761e-05,1880.1,9.0,-0.1995111111111111,0.1111111111111111,0.4444444444444444,183021531699.8318,71861261870.658,47.0,57.0,28.0,35.0,25.0,33.0,53.0,55.0,8.0,63.0,40.0,23.0,62.0,34,Fear,4377.18,-6.990000000000001e-06,-7.510999999999999e-05,-0.9900000000000091,True,11,6,1,europe,0.0,-0.00021933506757102446,0.25
ETH,1786881600,1786885140.0,1878.85,1878.9,1879.82,-0.0004894086,5.0937e-06,875159.8559999997,151942771.1020301,1878.8,1878.9,1907209.83739,1857038.58398,-148663.54809999999,-279332008.55117,299435204.52317,17.2,3.0,12.0,1.949e-05,1878.95,1879.83,8.761e-05,1879.05,0.0,,,,183021531699.8318,71861261870.658,52.0,56.0,33.0,33.0,33.0,32.0,59.0,50.0,9.0,69.0,40.0,20.0,65.0,34,Fear,4375.19,-1.4396300000000001e-05,-8.25163e-05,-0.9800000000000182,True,12,6,1,europe,-0.0005851219447325917,-0.0004938445416823991,0.75
ETH,1786885200,1786888740.0,1880.95,1880.9,1881.8,-0.0004251249,8.0962e-06,879958.4740000002,136841888.47341013,1880.9,1881.2,3682496.75407,1831009.4576599998,-149374.7843,-280959031.78987,299894445.95033,17.2,3.0,12.0,1.949e-05,1880.94,1881.96,8.761e-05,1881.17,12.0,0.019316666666666666,0.25,0.25,183021531699.8318,71861261870.658,43.0,63.0,22.0,34.0,36.0,28.0,57.0,48.0,9.0,70.0,38.0,21.0,62.0,34,Fear,4376.23,-1.1393800000000001e-05,-7.95138e-05,-1.009999999999991,True,13,6,1,us,0.0011177049791095683,0.000154480537929133,0.75
ETH,1786888800,1786892340.0,1882.25,1882.4,1883.46,-0.0006158878,3.8827e-06,884410.5384000002,135929481.30060002,1882.2,1882.3,4901283.71796,656569.7506,-148271.3204,-279110829.783168,299454231.491548,17.2,3.0,12.0,1.949e-05,1882.51,1883.5,8.761e-05,1882.5,7.0,0.40408571428571427,0.5714285714285714,0.0,183021531699.8318,71861261870.658,41.0,54.0,22.0,35.0,23.0,28.0,57.0,45.0,9.0,72.0,36.0,22.0,63.0,34,Fear,4374.8,-1.5607300000000002e-05,-8.37273e-05,-1.25,True,14,6,1,us,0.0006911401153673058,1.8653084127320764e-05,0.75
ETH,1786892400,1786895940.0,1883.65,1883.6,1884.17,-0.0002494467,4.102e-06,880678.4952,144875672.7270902,1883.6,1883.7,3255391.1264000004,2307887.26706,-148366.28399999999,-279469792.74889,299306390.25519,17.2,3.0,12.0,1.949e-05,1883.22,1884.06,8.761e-05,1883.05,10.0,0.20389,0.4,0.0,183021531699.8318,71861261870.658,45.0,52.0,26.0,34.0,22.0,28.0,58.0,42.0,7.0,75.0,35.0,20.0,82.0,34,Fear,4376.76,-1.5388000000000002e-05,-8.3508e-05,-0.4099999999998545,True,15,6,1,us,0.0007437906760525692,0.0002584218052953051,0.5
ETH,1786896000,1786899540.0,1888.65,1888.64,1889.51,-0.0004286826,1.25e-05,891470.7597999995,191154243.05272013,1888.6,1888.7,1472531.4246,2978227.60303,-149194.5607,-281770406.76022,300440709.75422,17.2,3.0,12.0,3.97e-05,1888.6,1889.58,5.982e-05,1888.74,23.0,0.07027391304347826,0.34782608695652173,0.21739130434782608,183021531699.8318,71861261870.658,57.0,58.0,49.0,36.0,44.0,32.0,56.0,47.0,13.0,79.0,38.0,28.0,69.0,34,Fear,4380.12,-2.7200000000000004e-05,-4.732e-05,-0.9299999999998363,True,16,6,1,us,0.0026544209380723327,0.0008707129065072369,0.75
ETH,1786899600,1786903080.0,1884.35,1884.4,1885.2,-0.0004243582,1.25e-05,889226.8198000002,213644677.53826985,1884.3,1884.4,1886635.1768200002,3212549.4374,-149533.117,-281765252.3631,299344664.90214,17.2,3.0,12.0,3.97e-05,1884.2,1885.17,5.982e-05,1884.29,0.0,,,,183021531699.8318,71861261870.658,54.0,58.0,30.0,43.0,34.0,29.0,65.0,53.0,9.0,83.0,39.0,24.0,58.0,34,Fear,4380.03,-2.7200000000000004e-05,-4.732e-05,-0.8200000000001637,True,17,6,1,us,-0.0022767585312261085,-0.0009798821863129348,0.5
ETH,1786903200,1786906680.0,1885.05,1885.0,1885.53,-0.0002280526,1.25e-05,876099.7692000002,245502056.80432984,1885.0,1885.1,974672.10933,4553363.30314,-150934.5476,-284511622.226,300703945.646,17.2,3.0,12.0,3.97e-05,1884.54,1885.49,5.982e-05,1884.72,10.0,0.05934999999999999,0.4,0.1,183021531699.8318,71861261870.658,50.0,55.0,27.0,41.0,54.0,29.0,70.0,48.0,11.0,78.0,37.0,18.0,53.0,34,Fear,4377.22,-2.7200000000000004e-05,-4.732e-05,-0.44000000000005457,True,18,6,1,us,0.0003714808820016735,0.0005790454968881121,1.0
ETH,1786906800,1786910340.0,1884.85,1884.9,1885.86,-0.0005090516,1.25e-05,872825.5457999995,253021080.67023972,1884.8,1884.9,5003675.9403099995,1046508.91383,-152136.98619999998,-286780582.855646,301282888.96921396,17.2,3.0,12.0,3.97e-05,1884.88,1885.83,5.982e-05,1884.91,10.0,0.022170000000000002,0.3,0.2,183021531699.8318,71861261870.658,50.0,61.0,20.0,41.0,22.0,30.0,69.0,48.0,13.0,84.0,41.0,26.0,55.0,34,Fear,4378.43,-2.7200000000000004e-05,-4.732e-05,-0.9800000000000182,True,19,6,1,us,-0.00010609798148597527,0.0004134383383045014,0.5
ETH,1786910400,1786913940.0,1881.15,1881.1,1882.03,-0.0004410132,1.07726e-05,872346.3415999993,253099055.7775003,1881.1,1881.2,2576224.48936,999374.36622,-152218.12829999998,-286337453.33979,300810421.57717,17.2,3.0,12.0,3.97e-05,1881.08,1882.0,5.982e-05,1880.85,5.0,0.011619999999999997,0.2,0.2,183021531699.8318,71861261870.658,52.0,62.0,21.0,43.0,27.0,31.0,68.0,52.0,12.0,87.0,47.0,25.0,54.0,34,Fear,4375.74,-2.8927400000000004e-05,-4.90474e-05,-0.849999999999909,True,20,6,1,us,-0.00196302093004741,-0.001311440492171667,0.5
ETH,1786914000,1786917540.0,1875.55,1875.5,1876.28,-0.0003624193,9.4064e-06,871443.9947999998,264228354.6271796,1875.5,1875.6,746300.6316,2206058.5792,-152434.3757,-285886284.56954,300305384.40697,17.2,3.0,12.0,3.97e-05,1874.59,1875.56,5.982e-05,1874.56,6.0,0.35231666666666667,0.6666666666666666,0.0,183021531699.8318,71861261870.658,57.0,67.0,22.0,45.0,36.0,32.0,74.0,54.0,14.0,86.0,47.0,24.0,48.0,34,Fear,4375.08,-3.0293600000000004e-05,-5.04136e-05,-0.009999999999990905,True,21,6,1,us,-0.0029769024267071176,-0.001468746447289278,0.75
ETH,1786917600,1786921140.0,1875.05,1875.25,1876.03,-0.0003091635,1.22124e-05,870879.4388000001,298048326.6393199,1875.0,1875.1,7009106.3828300005,70975.19327,-154147.9015,-289044697.71765,302885916.116966,17.2,3.0,12.0,3.97e-05,1875.32,1876.05,5.982e-05,1875.48,8.0,-0.002437500000000009,0.375,0.25,183021531699.8318,71861261870.658,65.0,79.0,24.0,51.0,48.0,36.0,79.0,62.0,11.0,99.0,47.0,32.0,52.0,34,Fear,4383.53,-2.7487600000000004e-05,-4.76076e-05,-1.0,True,22,6,1,us,-0.0002665884673829222,0.00034797586146142014,0.75
ETH,1786921200,1786924740.0,1875.65,1875.5,1876.1,-0.0002132083,1.25e-05,871850.6916000003,298187778.8026904,1875.6,1875.7,4635423.71095,2208184.24884,-154367.1983,-289498715.386808,302851328.586728,17.2,3.0,12.0,3.97e-05,1875.22,1876.0,5.982e-05,1875.31,11.0,0.04463636363636364,0.18181818181818182,0.18181818181818182,183021531699.8318,71861261870.658,65.0,85.0,28.0,47.0,70.0,39.0,85.0,58.0,11.0,96.0,48.0,32.0,51.0,34,Fear,4368.81,-2.7200000000000004e-05,-4.732e-05,-0.34999999999990905,True,23,6,1,us,0.00031999146689432045,0.0006727210179888388,0.75
ETH,1786924800,1786928340.0,1878.15,1878.1,1878.92,-0.0003831989,1.25e-05,875422.4732000002,313346609.96301985,1878.1,1878.2,2024913.8158899997,1156110.62382,-154627.2935,-290479020.98454,303504177.807648,17.2,3.0,12.0,2.723e-05,1878.12,1878.93,2.996e-05,1878.13,0.0,,,,182983055984.286,71742047486.13794,63.0,87.0,27.0,57.0,61.0,42.0,98.0,60.0,15.0,94.0,50.0,34.0,72.0,31,Fear,4397.91,-1.4729999999999998e-05,-1.746e-05,-0.7799999999999727,True,0,0,0,asia,0.0013328712712925572,0.0010601357439821433,0.75
ETH,1786928400,1786931940.0,1890.55,1890.6,1891.6,-0.000528653,1.25e-05,886849.9156,394209272.7628096,1890.5,1890.6,2596593.91916,1994215.3343499997,-152624.3453,-288752389.03066,303323131.83302,17.2,3.0,12.0,2.723e-05,1890.71,1891.65,2.996e-05,1890.63,0.0,,,,182983055984.286,71742047486.13794,53.0,77.0,29.0,52.0,58.0,37.0,95.0,54.0,16.0,87.0,45.0,17.0,98.0,31,Fear,4392.59,-1.4729999999999998e-05,-1.746e-05,-1.1000000000001364,True,1,0,0,asia,0.006602241567499778,0.002642934056884226,0.75
ETH,1786932000,1786935540.0,1901.05,1901.0,1901.8,-0.0003680724,8.6287e-06,883763.4342,411955364.4330896,1901.0,1901.1,671549.41039,4479700.31939,-151425.87170000002,-288076692.391502,303806198.813842,17.2,3.0,12.0,2.723e-05,1901.76,1902.36,2.996e-05,1901.64,13.0,0.35386153846153845,0.5384615384615384,0.07692307692307693,182983055984.286,71742047486.13794,54.0,78.0,27.0,48.0,38.0,45.0,78.0,58.0,17.0,86.0,49.0,28.0,94.0,31,Fear,4390.38,-1.86013e-05,-2.1331300000000004e-05,-1.3099999999999454,True,2,0,0,asia,0.005553939329824731,-0.0006084909779027117,0.75
ETH,1786935600,1786939140.0,1900.35,1900.3,1901.1,-0.0003682079,1.13199e-05,884033.9755999997,445131510.5606596,1900.3,1900.4,714088.53805,5763637.22542,-151239.606,-287587186.46967,303087230.26741,17.2,3.0,12.0,2.723e-05,1900.19,1900.92,2.996e-05,1900.13,0.0,,,,182983055984.286,71742047486.13794,51.0,75.0,29.0,55.0,57.0,40.0,66.0,61.0,8.0,85.0,46.0,40.0,81.0,31,Fear,4395.71,-1.59101e-05,-1.86401e-05,-0.5700000000001637,True,3,0,0,asia,-0.0003682175639778684,-0.0009863306179273901,0.25
ETH,1786939200,1786942740.0,1902.55,1902.6,1903.31,-0.0003730343,1.25e-05,884736.8833999995,447754939.0186604,1902.5,1902.6,2263019.18308,2121630.1958999997,-151862.71600000001,-288900079.113762,303879052.687202,17.2,3.0,12.0,2.723e-05,1902.6,1903.34,2.996e-05,1902.67,0.0,,,,182983055984.286,71742047486.13794,54.0,71.0,49.0,50.0,49.0,42.0,62.0,61.0,9.0,76.0,42.0,26.0,69.0,31,Fear,4388.96,-1.4729999999999998e-05,-1.746e-05,-0.7899999999999636,True,4,0,0,asia,0.0011576814797273904,-0.0011710768086672387,0.75
ETH,1786942800,1786946340.0,1899.05,1898.9,1899.7,-0.0003158393,1.25e-05,886035.9957999996,445499034.0316103,1899.0,1899.1,1030340.4594699999,4849056.43046,-151999.463,-288662180.1833,303034407.93962,17.2,3.0,12.0,2.723e-05,1898.85,1899.65,2.996e-05,1898.89,6.0,0.07701666666666666,0.5,0.3333333333333333,182983055984.286,71742047486.13794,50.0,69.0,29.0,40.0,35.0,39.0,58.0,69.0,9.0,71.0,40.0,36.0,56.0,31,Fear,4392.34,-1.4729999999999998e-05,-1.746e-05,-0.6000000000001364,True,5,0,0,asia,-0.001839636277627399,-0.0014465202570663929,0.75
ETH,1786946400,1786949880.0,1906.75,1906.7,1907.64,-0.0004403347,8.8711e-06,888506.3865999997,457123126.0033702,1906.8,1906.9,2883887.41346,1065557.0527000001,-153430.2015,-292424911.591716,306749072.126656,17.2,3.0,12.0,2.723e-05,1906.19,1907.05,2.996e-05,1906.29,0.0,,,,182983055984.286,71742047486.13794,50.0,64.0,43.0,36.0,33.0,37.0,52.0,63.0,7.0,67.0,39.0,32.0,54.0,31,Fear,4399.98,-1.8358899999999998e-05,-2.10889e-05,-0.2999999999999545,True,6,0,0,asia,0.0040546589084016205,0.0009568528120959445,0.5
ETH,1786950000,1786953540.0,1899.95,1900.0,1900.93,-0.0004892342,9.7102e-06,887427.6841999997,472264291.01544005,1899.9,1900.0,1840291.38504,1336885.73492,-154108.2018,-292851815.88054,307050437.51424,17.2,3.0,12.0,2.723e-05,1900.09,1900.93,2.996e-05,1900.04,0.0,,,,182983055984.286,71742047486.13794,52.0,61.0,33.0,40.0,31.0,39.0,53.0,63.0,9.0,66.0,35.0,30.0,50.0,31,Fear,4404.24,-1.7519799999999998e-05,-2.02498e-05,-0.9800000000000182,True,7,0,0,asia,-0.003566277697653053,-0.0005187178859442417,0.25
ETH,1786953600,1786957140.0,1893.45,1893.5,1894.4,-0.0004750845,7.535e-07,883951.1503999999,494402679.6288697,1893.4,1893.5,1843015.4104299997,3146170.20694,-151469.3845,-286922316.810691,304481771.236791,17.2,3.0,12.0,6.731e-05,1893.31,1894.43,4.736e-05,1893.61,7.0,0.2634142857142857,0.42857142857142855,0.14285714285714285,182983055984.286,71742047486.13794,45.0,57.0,29.0,39.0,30.0,36.0,51.0,53.0,9.0,68.0,37.0,14.0,49.0,31,Fear,4393.59,-6.65565e-05,-4.66065e-05,-0.9800000000000182,True,8,0,0,europe,-0.003421142661648946,-0.00026229885369371576,0.75
ETH,1786957200,1786960740.0,1893.25,1893.2,1894.03,-0.0003854216,7.7364e-06,883782.1068000001,496722921.2951595,1893.2,1893.3,723712.59662,3791464.89339,-151402.8593,-286605611.47183,304141021.79625,17.2,3.0,12.0,6.731e-05,1893.02,1894.02,4.736e-05,1893.17,8.0,0.07147499999999998,0.375,0.25,182983055984.286,71742047486.13794,46.0,59.0,24.0,36.0,30.0,34.0,51.0,55.0,8.0,71.0,39.0,31.0,47.0,31,Fear,4393.77,-5.957360000000001e-05,-3.96236e-05,-0.7699999999999818,True,9,0,0,europe,-0.00010562729409280269,0.001389638235969289,0.5
ETH,1786960800,1786964340.0,1906.15,1906.24,1907.19,-0.0005190883,9.5685e-06,885899.7780000003,508294125.0636195,1906.1,1906.2,463678.97008,3520436.84432,-151443.4039,-288389895.995127,305797182.972019,17.2,3.0,12.0,6.731e-05,1906.27,1907.16,4.736e-05,1906.28,11.0,-0.14935454545454546,0.09090909090909091,0.36363636363636365,182983055984.286,71742047486.13794,52.0,66.0,25.0,42.0,22.0,38.0,51.0,61.0,8.0,74.0,43.0,26.0,54.0,31,Fear,4398.32,-5.77415e-05,-3.77915e-05,-1.009999999999991,True,10,0,0,europe,0.006813680179585502,-0.0009742047658623165,0.75
ETH,1786964400,1786967940.0,1903.25,1903.5,1904.3,-0.0005251273,1.25e-05,888535.0359999997,524113684.4432699,1903.2,1903.3,2867252.5043,2417887.0667399997,-152196.2278,-289899536.63165,306829283.652778,17.2,3.0,12.0,6.731e-05,1903.75,1904.46,4.736e-05,1903.73,5.0,0.18182,0.2,0.0,182983055984.286,71742047486.13794,52.0,74.0,29.0,40.0,44.0,33.0,57.0,60.0,7.0,73.0,40.0,41.0,57.0,31,Fear,4396.72,-5.4810000000000005e-05,-3.486e-05,-1.2100000000000364,True,11,0,0,europe,-0.0015213912861002932,0.0003026993814258666,0.5
ETH,1786968000,1786971540.0,1898.55,1898.6,1899.47,-0.0004580225,8.3402e-06,889665.1612,533865514.13078994,1898.5,1898.6,1141996.35912,3361576.97122,-152075.2379,-288787935.245868,305669347.71235204,17.2,3.0,12.0,6.731e-05,1898.1,1899.22,4.736e-05,1898.28,11.0,0.28351818181818184,0.6363636363636364,0.09090909090909091,182983055984.286,71742047486.13794,59.0,90.0,43.0,47.0,0.0,37.0,58.0,88.0,0.0,79.0,41.0,0.0,55.0,31,Fear,4383.9,-5.8969800000000006e-05,-3.90198e-05,-0.6700000000000728,True,12,0,0,europe,-0.002469460133981416,-0.0018689480924983608,0.75
ETH,1786971600,1786975080.0,1904.25,1904.36,1905.24,-0.0004933762,1.0203e-05,888555.0069999999,549958567.6126096,1904.2,1904.3,3566166.60127,602572.26394,-153198.8259,-291549597.32541,307395917.29599,17.2,3.0,12.0,6.731e-05,1905.86,1907.21,4.736e-05,1906.28,24.0,0.2208375,0.375,0.041666666666666664,182983055984.286,71742047486.13794,,,,,,,,,,,,,,31,Fear,4393.75,-5.710700000000001e-05,-3.7157e-05,-2.9600000000000364,True,13,0,0,us,0.0030022912222484877,0.001014663151452341,1.0
ETH,1786975200,1786977360.0,1900.15,1900.1,1901.01,-0.0004103082,8.0043e-06,891105.0288,555473186.6109399,1900.1,1900.2,3644281.3145600003,555429.3419400001,-152611.3341,-289827993.663081,305625894.010039,17.2,3.0,12.0,6.731e-05,,,4.736e-05,,0.0,,,,182983055984.286,71742047486.13794,,,,,,,,,,,,,,31,Fear,,-5.9305700000000004e-05,-3.93557e-05,,True,14,0,0,us,-0.0021530786398844537,-0.0012474142734177807,0.5
HYPE,1785574800,1785578280.0,52.1415,52.14,52.14,1.91791e-05,1.25e-05,22527576.200000018,317402233.42330027,52.149,52.15,12419.76988,18944.138829999996,-2961344.21,-154144180.97193,160931756.88699,7.764705882352941,3.0,14.0,,,52.058,,,0.0,,,,183652403590.57578,71919740829.19958,,,,,,,,,,,,,,27,Fear,,,,0.0835000000000008,True,9,5,1,europe,,,
HYPE,1785578400,1785581940.0,52.0795,52.071,52.078,0.0,1.25e-05,22503437.140000015,314234068.5074108,52.079,52.08,6839.32402,3552.07943,-2960089.17,-154331935.17712098,161102936.822241,7.764705882352941,3.0,14.0,,52.097,52.062,,52.086,27.0,0.018962962962962966,0.3333333333333333,0.25925925925925924,183652403590.57578,71919740829.19958,,,,,,,,,,,,,,27,Fear,4046.23,,,0.0175000000000054,True,10,5,1,europe,-0.001189072044340822,,0.25
HYPE,1785582000,1785582600.0,52.0645,52.065,52.077,-0.000230428,1.25e-05,22502107.10000005,314214161.22997075,52.064,52.065,9995.434850000001,21444.0556,-2959746.44,-153901434.3107,160661133.57592,7.764705882352941,3.0,14.0,,52.163,52.125,,52.15,0.0,,,,183652403590.57578,71919740829.19958,,,,,,,,,,,,,,27,Fear,4046.57,,,-0.060499999999997556,True,11,5,1,europe,-0.0002880211983602443,,0.25
HYPE,1785585600,,,,,,,,,,,,,,,,,,,5e-05,52.153,52.121,,52.14,0.0,,,,183652403590.57578,71919740829.19958,,,,,,,,,,,,,,27,Fear,4047.07,,,,False,12,5,1,europe,,,
HYPE,1785589200,1785592680.0,52.2115,52.211,52.2251,-0.0002470077,1.25e-05,22471988.200000007,301601415.32600033,52.209,52.21,21158.37222,6900.285150000001,-2968124.7800000003,-154865388.71215,161158594.60137,7.764705882352941,3.0,14.0,5e-05,52.249,52.222,,52.224,18.0,-0.11747777777777776,0.2222222222222222,0.4444444444444444,183652403590.57578,71919740829.19958,,,,,,,,,,,,,,27,Fear,4046.64,-3.7500000000000003e-05,,-0.010500000000000398,True,13,5,1,us,,,
HYPE,1785592800,1785596280.0,52.2995,52.2975,52.317,-0.0001911425,1.25e-05,22490169.239999995,282245642.7824999,52.299,52.3,135732.81186999998,3061.46886,-2969069.4,-155229366.39647,161498637.03161,7.764705882352941,3.0,14.0,5e-05,52.346,52.321,,52.349,25.0,0.115024,0.4,0.32,183652403590.57578,71919740829.19958,,,,,,,,,,,,,,27,Fear,4046.32,-3.7500000000000003e-05,,-0.021499999999996078,True,14,5,1,us,0.0016854524386389347,,0.75
HYPE,1785596400,1785599880.0,52.4295,52.429,52.4505,-0.0003908447,1.0982e-05,22538109.22000002,270443835.63655967,52.429,52.43,64690.204639999996,42784.67130999999,-2968213.88,-155673257.735794,161971775.173734,7.764705882352941,3.0,14.0,5e-05,52.439,52.428,,52.421,23.0,0.020965217391304355,0.34782608695652173,0.2608695652173913,183652403590.57578,71919740829.19958,,,,,,,,,,,,,,27,Fear,4045.44,-3.9018000000000005e-05,,0.0015000000000000568,True,15,5,1,us,0.0024856834195354782,,1.0
HYPE,1785600000,1785603540.0,52.4755,52.4739,52.5,-0.0004285714,1.25e-05,22576020.760000013,239594544.22704044,52.475,52.476,7840.0712300000005,10576.9769,-2968572.43,-155726168.57158,162008616.7982,7.764705882352941,3.0,14.0,5e-05,52.518,52.522,7.137e-05,52.507,39.0,0.1767128205128205,0.4358974358974359,0.3076923076923077,183652403590.57578,71919740829.19958,,,,,,,,,,,,,,27,Fear,4042.7,-3.7500000000000003e-05,-5.8870000000000004e-05,-0.04650000000000176,True,16,5,1,us,0.0008773686569583106,,1.0
HYPE,1785603600,1785606360.0,52.0395,52.035,52.045,-9.60707e-05,1.25e-05,22547616.72,234877379.1873001,52.039,52.04,9766.788480000001,48207.76938,-2967439.24,-154477076.61222398,160684700.472936,7.764705882352941,3.0,14.0,5e-05,52.162,52.145,7.137e-05,52.15,0.0,,,,183652403590.57578,71919740829.19958,,,,,,,,,,,,,,27,Fear,4042.0,-3.7500000000000003e-05,-5.8870000000000004e-05,-0.10550000000000637,True,17,5,1,us,-0.008308639269754448,,0.5
HYPE,1785607200,1785610680.0,52.0945,52.089,52.093,1.91964e-05,1.25e-05,22555875.24000002,223595323.2597298,52.091,52.094,37189.54347,5741.932049999999,-2956712.54,-153983090.37787,160637853.52659,7.764705882352941,3.0,14.0,5e-05,52.158,52.17,7.137e-05,52.152,18.0,0.08222222222222222,0.5,0.2777777777777778,183652403590.57578,71919740829.19958,,,,,,,,,,,,,,27,Fear,4039.2,-3.7500000000000003e-05,-5.8870000000000004e-05,-0.07550000000000523,True,18,5,1,us,0.0010568894781848304,,1.0
HYPE,1785610800,1785614280.0,52.0435,52.051,52.062,-0.0001843955,1.25e-05,22617332.46000003,192073468.10710967,52.044,52.051,78203.69803999999,3089.9295500000003,-2957225.34,-153909221.378577,160604661.895713,7.764705882352941,3.0,14.0,5e-05,52.069,52.029,7.137e-05,52.065,27.0,0.1547,0.4074074074074074,0.18518518518518517,183652403590.57578,71919740829.19958,85.0,79.0,43.0,41.0,58.0,46.0,,70.0,,,,37.0,,27,Fear,4048.26,-3.7500000000000003e-05,-5.8870000000000004e-05,0.014499999999998181,True,19,5,1,us,-0.0009789901045215155,,0.25
HYPE,1785614400,1785614640.0,52.058,52.053,52.06,0.0,1.25e-05,22621125.900000002,193915471.09259024,52.053,52.054,8027.382949999998,11711.98729,-2957186.3200000003,-153921368.101887,160623217.451653,7.764705882352941,3.0,14.0,5e-05,52.05,52.008,7.137e-05,52.042,41.0,0.09345609756097562,0.36585365853658536,0.2682926829268293,183652403590.57578,71919740829.19958,89.0,91.0,44.0,49.0,40.0,45.0,,78.0,65.0,,75.0,41.0,45.0,27,Fear,4048.73,-3.7500000000000003e-05,-5.8870000000000004e-05,0.04999999999999716,True,20,5,1,us,0.0002786130832861389,,0.75
HYPE,1785618000,,,,,,,,,,,,,,,,,,,5e-05,52.186,52.15,7.137e-05,52.18,0.0,,,,183652403590.57578,71919740829.19958,93.0,95.0,42.0,55.0,38.0,46.0,56.0,100.0,38.0,95.0,69.0,49.0,43.0,27,Fear,4049.06,,,,False,21,5,1,us,,,
HYPE,1785621600,,,,,,,,,,,,,,,,,,,5e-05,52.104,52.05,7.137e-05,52.092,0.0,,,,183652403590.57578,71919740829.19958,96.0,94.0,49.0,54.0,64.0,52.0,59.0,91.0,48.0,93.0,85.0,45.0,44.0,27,Fear,4049.37,,,,False,22,5,1,us,,,
HYPE,1785625200,,,,,,,,,,,,,,,,,,,5e-05,52.201,52.135,7.137e-05,52.193,0.0,,,,183652403590.57578,71919740829.19958,96.0,95.0,52.0,51.0,47.0,49.0,61.0,88.0,48.0,94.0,90.0,45.0,45.0,27,Fear,4048.4,,,,False,23,5,1,us,,,
HYPE,1785628800,,,,,,,,,,,,,,,,,,,5e-05,52.41,52.349,0.0001,52.403,0.0,,,,183318565748.8414,71956259992.25401,100.0,94.0,56.0,51.0,86.0,65.0,66.0,100.0,46.0,91.0,94.0,28.0,72.0,27,Fear,4050.06,,,,False,0,6,1,asia,,,
HYPE,1785632400,1785633780.0,52.4375,52.46,52.4605,-0.0004288941,1.25e-05,22742095.820000008,147341528.96342993,52.437,52.438,12903.57502,10811.43409,-2961593.11,-155968672.83984,162920767.6599,7.764705882352941,3.0,14.0,5e-05,52.418,52.364,0.0001,52.414,0.0,,,,183318565748.8414,71956259992.25401,96.0,99.0,56.0,54.0,50.0,53.0,70.0,92.0,65.0,84.0,96.0,39.0,93.0,27,Fear,4053.31,-3.7500000000000003e-05,-8.75e-05,0.07350000000000279,True,1,6,1,asia,,,
HYPE,1785636000,,,,,,,,,,,,,,,,,,,5e-05,52.944,52.903,0.0001,52.929,0.0,,,,183318565748.8414,71956259992.25401,100.0,100.0,100.0,48.0,59.0,53.0,56.0,80.0,100.0,84.0,89.0,33.0,87.0,27,Fear,4056.98,,,,False,2,6,1,asia,,,
HYPE,1785639600,,,,,,,,,,,,,,,,,,,5e-05,52.792,52.752,0.0001,52.783,0.0,,,,183318565748.8414,71956259992.25401,86.0,91.0,85.0,46.0,43.0,58.0,48.0,74.0,53.0,80.0,93.0,23.0,82.0,27,Fear,4059.66,,,,False,3,6,1,asia,,,
HYPE,1785643200,,,,,,,,,,,,,,,,,,,5e-05,52.618,52.556,0.0001,52.603,0.0,,,,183318565748.8414,71956259992.25401,89.0,86.0,79.0,38.0,40.0,58.0,42.0,73.0,41.0,76.0,88.0,23.0,66.0,27,Fear,4061.0,,,,False,4,6,1,asia,,,
HYPE,1785646800,1785649620.0,52.4475,52.4569,52.4685,-0.0003907106,1.25e-05,22742475.520000007,146353827.07535017,52.447,52.448,11859.77852,15851.48936,-2956653.64,-155079200.036047,162066944.595329,7.764705882352941,3.0,14.0,5e-05,52.505,52.436,0.0001,52.492,29.0,0.13375172413793104,0.3793103448275862,0.27586206896551724,183318565748.8414,71956259992.25401,86.0,83.0,78.0,36.0,54.0,53.0,39.0,73.0,54.0,76.0,77.0,24.0,51.0,27,Fear,4061.01,-3.7500000000000003e-05,-8.75e-05,0.011499999999998067,True,5,6,1,asia,,,
HYPE,1785650400,,,,,,,,,,,,,,,,,,,5e-05,52.237,52.177,0.0001,52.23,0.0,,,,183318565748.8414,71956259992.25401,89.0,78.0,62.0,36.0,0.0,48.0,36.0,75.0,51.0,74.0,70.0,26.0,50.0,27,Fear,4060.55,,,,False,6,6,1,asia,,,
HYPE,1785654000,,,,,,,,,,,,,,,,,,,5e-05,51.925,51.864,0.0001,51.914,0.0,,,,183318565748.8414,71956259992.25401,82.0,73.0,61.0,34.0,0.0,46.0,35.0,80.0,43.0,66.0,65.0,28.0,55.0,27,Fear,4059.7,,,,False,7,6,1,asia,,,
HYPE,1785657600,1785661140.0,51.9945,51.994,52.014,-0.0001461145,1.25e-05,22796002.16000002,134660169.21965018,51.999,52.0,22194.58517,12207.86142,-2949415.65,-153402573.121086,160317575.34798598,7.764705882352941,3.0,14.0,5e-05,52.065,52.02,0.0001,52.058,13.0,-0.021923076923076917,0.23076923076923078,0.38461538461538464,183318565748.8414,71956259992.25401,81.0,59.0,64.0,33.0,25.0,48.0,29.0,72.0,42.0,61.0,70.0,25.0,50.0,27,Fear,4059.65,-3.7500000000000003e-05,-8.75e-05,-0.025500000000000966,True,8,6,1,europe,,,
HYPE,1785661200,1785664740.0,51.7755,51.777,51.778,-3.86264e-05,1.25e-05,22848075.740000006,133871509.54849984,51.775,51.776,34185.44935,65098.33467,-2947571.67,-152716421.20756,159611431.38844,7.764705882352941,3.0,14.0,5e-05,51.844,51.795,0.0001,51.839,12.0,0.35065833333333335,0.6666666666666666,0.25,183318565748.8414,71956259992.25401,77.0,59.0,53.0,32.0,40.0,43.0,30.0,65.0,53.0,60.0,65.0,19.0,50.0,27,Fear,4059.84,-3.7500000000000003e-05,-8.75e-05,-0.01950000000000074,True,9,6,1,europe,-0.004211983959841903,,0.25
HYPE,1785664800,1785668340.0,51.4675,51.467,51.488,-0.0002466594,1.25e-05,22826290.499999993,158669709.89579022,51.467,51.468,79629.52119,17838.35148,-2922311.67,-150379718.18040198,157915301.69431,7.764705882352941,4.0,13.0,5e-05,51.498,51.46,0.0001,51.499,9.0,0.36412222222222224,0.5555555555555556,0.1111111111111111,183318565748.8414,71956259992.25401,75.0,64.0,50.0,32.0,37.0,40.0,32.0,63.0,39.0,57.0,63.0,19.0,53.0,27,Fear,4059.74,-3.7500000000000003e-05,-8.75e-05,0.007500000000000284,True,10,6,1,europe,-0.005948759548435101,,0.25
HYPE,1785668400,1785671880.0,51.2445,51.246,51.249,-7.80503e-05,1.25e-05,22838403.659999974,161439062.15826023,51.251,51.252,30456.844999999998,4939.71885,-2921665.84,-149955612.927655,157462039.389045,7.764705882352941,4.0,13.0,5e-05,51.315,51.251,0.0001,51.315,18.0,0.12161666666666665,0.4444444444444444,0.3333333333333333,183318565748.8414,71956259992.25401,78.0,68.0,55.0,33.0,0.0,37.0,38.0,51.0,45.0,65.0,54.0,20.0,58.0,27,Fear,4059.64,-3.7500000000000003e-05,-8.75e-05,-0.006499999999995509,True,11,6,1,europe,-0.004332831398455306,,0.5
HYPE,1785672000,1785675480.0,51.4005,51.411,51.437,-0.000680444,1.25e-05,22885786.200000007,162698909.01780006,51.4,51.401,25843.17957,18462.1331,-2922122.55,-150363281.033446,157626779.955326,7.764705882352941,4.0,13.0,5e-05,51.507,51.464,0.0001,51.507,8.0,-0.04581249999999999,0.375,0.375,183318565748.8414,71956259992.25401,73.0,74.0,47.0,30.0,25.0,41.0,43.0,55.0,37.0,63.0,52.0,23.0,62.0,27,Fear,4060.16,-3.7500000000000003e-05,-8.75e-05,-0.06349999999999767,True,12,6,1,europe,0.00304422913678537,,1.0
HYPE,1785675600,1785679140.0,51.6225,51.626,51.6424,-0.0003756603,1.01301e-05,22931207.46000002,160337876.00767007,51.618,51.621,2691.7676099999994,32702.222330000004,-2923460.24,-150913239.54653,157939310.57133,7.764705882352941,4.0,13.0,5e-05,51.623,51.601,0.0001,51.624,10.0,-0.11659,0.2,0.5,183318565748.8414,71956259992.25401,75.0,66.0,46.0,31.0,29.0,34.0,44.0,46.0,44.0,69.0,50.0,17.0,57.0,27,Fear,4060.09,-3.98699e-05,-8.98699e-05,0.021500000000003183,True,13,6,1,us,0.004319024134006533,,1.0
HYPE,1785679200,1785682740.0,51.3045,51.305,51.334,-0.0005649277,-8.8998e-06,22955878.800000027,159445219.26919007,51.294,51.295,7896.487609999999,11266.42586,-2920512.75,-149896138.72364,156789034.54244,7.764705882352941,4.0,13.0,5e-05,51.436,51.415,0.0001,51.432,9.0,0.1572,0.4444444444444444,0.3333333333333333,183318565748.8414,71956259992.25401,72.0,65.0,48.0,30.0,30.0,34.0,45.0,39.0,39.0,73.0,55.0,21.0,65.0,27,Fear,4060.25,-5.88998e-05,-0.0001088998,-0.11050000000000182,True,14,6,1,us,-0.006160104605550054,,0.25
HYPE,1785682800,1785686280.0,51.3005,51.301,51.3197,-0.0003643825,9.7128e-06,22999178.60000002,157512736.56282005,51.3,51.301,11210.013539999998,21563.01145,-2917115.5700000003,-149750042.17402,156587007.92791998,7.764705882352941,3.0,14.0,5e-05,51.39,51.356,0.0001,51.381,9.0,0.060466666666666655,0.3333333333333333,0.3333333333333333,183318565748.8414,71956259992.25401,70.0,62.0,47.0,36.0,24.0,35.0,45.0,44.0,38.0,74.0,49.0,25.0,85.0,27,Fear,4060.6,-4.02872e-05,-9.02872e-05,-0.0555000000000021,True,15,6,1,us,-7.796587044017755e-05,,0.5
HYPE,1785686400,1785689880.0,52.1685,52.175,52.1985,-0.0005651503,-7.2885e-06,23083163.880000003,166589176.32488993,52.168,52.169,4510.61508,47731.919980000006,-2904353.16,-151670907.80854,158604807.06498,7.764705882352941,3.0,14.0,5e-05,52.19,52.158,0.0001,52.184,28.0,-0.021292857142857134,0.2857142857142857,0.32142857142857145,183318565748.8414,71956259992.25401,70.0,64.0,44.0,33.0,40.0,34.0,45.0,46.0,49.0,75.0,57.0,25.0,78.0,27,Fear,4063.09,-5.7288500000000006e-05,-0.0001072885,0.010500000000000398,True,16,6,1,us,0.01691991306127627,,1.0
HYPE,1785690000,1785693540.0,52.1995,52.199,52.218,-0.0001072427,2.473e-07,23048246.920000006,167681595.34187016,52.199,52.2,82107.26855,6785.87885,-2890546.21,-150902939.60391,157835594.71365,7.764705882352941,3.0,14.0,5e-05,52.238,52.248,0.0001,52.225,12.0,-0.013183333333333333,0.3333333333333333,0.4166666666666667,183318565748.8414,71956259992.25401,74.0,68.0,50.0,35.0,38.0,37.0,48.0,52.0,52.0,80.0,62.0,23.0,58.0,27,Fear,4067.47,-4.97527e-05,-9.975270000000001e-05,-0.0484999999999971,True,17,6,1,us,0.000594228317854606,,0.25
HYPE,1785693600,1785697140.0,52.5165,52.517,52.5465,-0.0004776722,1.25e-05,23038940.220000032,158723534.58309048,52.516,52.517,17393.74059,5760.00272,-2892045.52,-151857748.13255,158702959.67661,7.764705882352941,3.0,14.0,5e-05,52.563,52.548,0.0001,52.555,27.0,0.2503777777777778,0.5925925925925926,0.2222222222222222,183318565748.8414,71956259992.25401,80.0,71.0,62.0,36.0,54.0,42.0,46.0,53.0,51.0,81.0,66.0,24.0,51.0,27,Fear,4066.6,-3.7500000000000003e-05,-8.75e-05,-0.031500000000001194,True,18,6,1,us,0.006072855103976149,,1.0
HYPE,1785697200,1785700680.0,52.6945,52.685,52.713,-0.0003016334,6.561e-06,23021948.3,158112607.65412962,52.694,52.695,6889.20752,21953.18711,-2891363.82,-152334383.194268,159211075.273148,7.764705882352941,3.0,14.0,5e-05,52.729,52.713,0.0001,52.726,20.0,0.218345,0.45,0.2,183318565748.8414,71956259992.25401,91.0,70.0,72.0,38.0,27.0,43.0,48.0,65.0,52.0,84.0,66.0,21.0,49.0,27,Fear,4066.03,-4.3439e-05,-9.343900000000001e-05,-0.01850000000000307,True,19,6,1,us,0.003389410947035598,,1.0
HYPE,1785700800,1785704340.0,52.5425,52.557,52.5675,-0.0004299234,1.25e-05,23020590.420000013,158604448.9176304,52.542,52.543,12562.93519,5217.24657,-2887261.24,-151857252.17141,158758831.91290998,7.764705882352941,3.0,14.0,5e-05,52.593,52.563,0.0001,52.588,26.0,0.18197692307692306,0.5,0.2692307692307692,183318565748.8414,71956259992.25401,87.0,77.0,71.0,43.0,34.0,43.0,51.0,67.0,60.0,83.0,75.0,26.0,45.0,27,Fear,4067.8,-3.7500000000000003e-05,-8.75e-05,-0.020500000000005514,True,20,6,1,us,-0.002884551518659517,,0.25
HYPE,1785704400,1785706560.0,52.8705,52.87,52.8745,-3.78254e-05,1.25e-05,22950326.119999997,162360746.42961994,52.87,52.871,41757.077829999995,7672.45792,-2888651.79,-152646502.09307498,159569165.09222502,7.764705882352941,3.0,14.0,5e-05,52.821,52.82,0.0001,52.816,44.0,0.126725,0.38636363636363635,0.29545454545454547,183318565748.8414,71956259992.25401,86.0,84.0,78.0,47.0,29.0,50.0,53.0,69.0,44.0,91.0,83.0,28.0,44.0,27,Fear,4073.16,-3.7500000000000003e-05,-8.75e-05,0.050499999999999545,True,21,6,1,us,0.006242565542180278,,1.0
HYPE,1785708000,,,,,,,,,,,,,,,,,,,5e-05,52.594,52.572,0.0001,52.59,0.0,,,,183318565748.8414,71956259992.25401,94.0,83.0,80.0,47.0,47.0,51.0,67.0,86.0,48.0,96.0,92.0,26.0,44.0,27,Fear,4063.57,,,,False,22,6,1,us,,,
HYPE,1785711600,,,,,,,,,,,,,,,,,,,5e-05,52.595,52.556,0.0001,52.582,0.0,,,,183318565748.8414,71956259992.25401,94.0,82.0,90.0,49.0,41.0,51.0,69.0,92.0,62.0,95.0,93.0,31.0,45.0,27,Fear,4072.23,,,,False,23,6,1,us,,,
HYPE,1785715200,,,,,,,,,,,,,,,,,,,5e-05,52.679,52.663,9.599e-05,52.669,0.0,,,,183294244405.26926,71925700747.55423,98.0,83.0,95.0,46.0,80.0,56.0,71.0,90.0,58.0,94.0,93.0,26.0,71.0,28,Fear,4054.83,,,,False,0,0,0,asia,,,
HYPE,1785718800,1785720300.0,52.4155,52.411,52.425,-0.000152599,1.25e-05,22887414.420000006,178359282.27704003,52.424,52.425,10945.73855,10579.25522,-2891183.6799999997,-151571169.245502,158083013.29232,7.764705882352941,3.0,14.0,5e-05,52.566,52.527,9.599e-05,52.546,18.0,0.2399777777777778,0.3888888888888889,0.05555555555555555,183294244405.26926,71925700747.55423,83.0,82.0,61.0,45.0,60.0,32.0,74.0,77.0,55.0,86.0,60.0,24.0,100.0,28,Fear,4054.43,-3.7500000000000003e-05,-8.348999999999999e-05,-0.11149999999999949,True,1,0,0,asia,,,
HYPE,1785722400,,,,,,,,,,,,,-2892320.65,-151704187.06928,158084417.7242,7.764705882352941,3.0,14.0,5e-05,52.37,52.342,9.599e-05,52.353,21.0,0.1900047619047619,0.5714285714285714,0.2857142857142857,183294244405.26926,71925700747.55423,81.0,80.0,55.0,48.0,46.0,33.0,63.0,67.0,55.0,83.0,59.0,23.0,93.0,28,Fear,4059.55,,,,False,2,0,0,asia,,,
HYPE,1785726000,,,,,,,,,,,,,,,,,,,5e-05,52.243,52.211,9.599e-05,52.221,0.0,,,,183294244405.26926,71925700747.55423,86.0,79.0,86.0,58.0,40.0,82.0,55.0,94.0,61.0,81.0,97.0,29.0,75.0,28,Fear,4061.61,,,,False,3,0,0,asia,,,
HYPE,1785729600,,,,,,,,,,,,,,,,,,,5e-05,52.294,52.259,9.599e-05,52.268,0.0,,,,183294244405.26926,71925700747.55423,92.0,81.0,100.0,59.0,10.0,92.0,49.0,78.0,63.0,78.0,100.0,29.0,65.0,28,Fear,4061.14,,,,False,4,0,0,asia,,,
HYPE,1785733200,1785736260.0,52.5245,52.526,52.548,-0.0004262769,1.25e-05,22910106.819999997,171607846.25289008,52.524,52.525,15880.73279,4124.68459,-2902204.48,-152420783.190933,157905185.016773,7.764705882352941,3.0,14.0,5e-05,52.826,52.783,9.599e-05,52.809,0.0,,,,183294244405.26926,71925700747.55423,91.0,77.0,81.0,54.0,6.0,75.0,48.0,70.0,49.0,70.0,92.0,31.0,54.0,28,Fear,4065.01,-3.7500000000000003e-05,-8.348999999999999e-05,-0.25849999999999795,True,5,0,0,asia,,,
HYPE,1785736800,,,,,,,,,,,,,,,,,,,5e-05,52.252,52.198,9.599e-05,52.241,0.0,,,,183294244405.26926,71925700747.55423,89.0,64.0,83.0,38.0,10.0,52.0,42.0,62.0,40.0,66.0,80.0,24.0,48.0,28,Fear,4061.51,,,,False,6,0,0,asia,,,
HYPE,1785740400,1785740760.0,52.2605,52.263,52.287,-0.0004972555,9.6741e-06,22876910.480000004,175490937.99698016,52.264,52.266,25009.395989999997,5050.204699999999,-2903692.63,-151713641.70152,156850858.46096,7.764705882352941,4.0,13.0,5e-05,52.377,52.37,9.599e-05,52.371,0.0,,,,183294244405.26926,71925700747.55423,83.0,60.0,80.0,39.0,11.0,57.0,42.0,66.0,44.0,63.0,74.0,23.0,48.0,28,Fear,4058.76,-4.03259e-05,-8.63159e-05,-0.10949999999999704,True,7,0,0,asia,,,
HYPE,1785744000,,,,,,,,,,,,,,,,,,,5e-05,52.483,52.462,9.545e-05,52.472,0.0,,,,183294244405.26926,71925700747.55423,81.0,59.0,71.0,43.0,0.0,65.0,41.0,67.0,30.0,59.0,72.0,14.0,50.0,28,Fear,4056.67,,,,False,8,0,0,europe,,,
HYPE,1785747600,,,,,,,,,,,,,,,,,,,5e-05,52.8,52.777,9.545e-05,52.801,0.0,,,,183294244405.26926,71925700747.55423,80.0,62.0,68.0,37.0,7.0,46.0,41.0,58.0,41.0,58.0,70.0,24.0,49.0,28,Fear,4053.55,,,,False,9,0,0,europe,,,
HYPE,1785751200,,,,,,,,,,,,,,,,,,,5e-05,52.802,52.783,9.545e-05,52.797,0.0,,,,183294244405.26926,71925700747.55423,80.0,69.0,100.0,36.0,15.0,47.0,42.0,69.0,33.0,62.0,95.0,17.0,50.0,28,Fear,4048.04,,,,False,10,0,0,europe,,,
HYPE,1785754800,,,,,,,,,,,,,,,,,,,5e-05,52.75,52.725,9.545e-05,52.743,0.0,,,,183294244405.26926,71925700747.55423,86.0,70.0,100.0,33.0,64.0,44.0,43.0,60.0,29.0,63.0,92.0,29.0,54.0,28,Fear,4059.93,,,,False,11,0,0,europe,,,
HYPE,1785758400,,,,,,,,,,,,,,,,,,,5e-05,52.845,52.822,9.545e-05,52.84,0.0,,,,183294244405.26926,71925700747.55423,84.0,71.0,82.0,33.0,13.0,38.0,44.0,55.0,39.0,68.0,80.0,22.0,54.0,28,Fear,4046.98,,,,False,12,0,0,europe,,,
HYPE,1785762000,,,,,,,,,,,,,,,,,,,5e-05,53.719,53.693,9.545e-05,53.709,0.0,,,,183294244405.26926,71925700747.55423,87.0,83.0,87.0,41.0,18.0,40.0,46.0,58.0,31.0,71.0,88.0,31.0,52.0,28,Fear,4033.07,,,,False,13,0,0,us,,,
HYPE,1785765600,,,,,,,,,,,,,,,,,,,5e-05,54.178,54.148,9.545e-05,54.174,0.0,,,,183294244405.26926,71925700747.55423,91.0,89.0,83.0,47.0,18.0,39.0,46.0,56.0,21.0,73.0,79.0,23.0,57.0,28,Fear,4037.53,,,,False,14,0,0,us,,,
HYPE,1785769200,,,,,,,,,,,,,,,,,,,5e-05,54.33,54.304,9.545e-05,54.331,0.0,,,,183294244405.26926,71925700747.55423,89.0,84.0,83.0,46.0,0.0,37.0,48.0,56.0,36.0,74.0,84.0,25.0,74.0,28,Fear,4037.27,,,,False,15,0,0,us,,,
HYPE,1785772800,,,,,,,,,,,,,,,,,,,5e-05,54.604,54.589,0.0001,54.59,0.0,,,,183294244405.26926,71925700747.55423,84.0,81.0,91.0,47.0,14.0,38.0,48.0,57.0,38.0,78.0,84.0,21.0,62.0,28,Fear,4038.04,,,,False,16,0,0,us,,,
HYPE,1785776400,,,,,,,,,,,,,,,,,,,5e-05,54.64,54.612,0.0001,54.632,0.0,,,,183294244405.26926,71925700747.55423,83.0,82.0,88.0,49.0,0.0,39.0,49.0,55.0,42.0,81.0,91.0,21.0,46.0,28,Fear,4032.23,,,,False,17,0,0,us,,,
HYPE,1785780000,,,,,,,,,,,,,,,,,,,5e-05,54.244,54.228,0.0001,54.237,0.0,,,,183294244405.26926,71925700747.55423,88.0,81.0,93.0,49.0,37.0,41.0,47.0,61.0,56.0,82.0,91.0,22.0,43.0,28,Fear,4044.55,,,,False,18,0,0,us,,,
HYPE,1785783600,,,,,,,,,,,,,,,,,,,5e-05,54.51,54.487,0.0001,54.501,0.0,,,,183294244405.26926,71925700747.55423,90.0,71.0,84.0,49.0,16.0,44.0,50.0,62.0,49.0,85.0,100.0,19.0,38.0,28,Fear,4051.35,,,,False,19,0,0,us,,,
HYPE,1785787200,,,,,,,,,,,,,,,,,,,5e-05,54.233,54.22,0.0001,54.224,0.0,,,,183294244405.26926,71925700747.55423,100.0,78.0,72.0,50.0,16.0,35.0,50.0,69.0,53.0,88.0,88.0,29.0,40.0,28,Fear,4054.16,,,,False,20,0,0,us,,,
HYPE,1785790800,,,,,,,,,,,,,,,,,,,5e-05,53.946,53.918,0.0001,53.928,0.0,,,,183294244405.26926,71925700747.55423,89.0,88.0,52.0,54.0,32.0,29.0,53.0,69.0,41.0,94.0,78.0,22.0,37.0,28,Fear,4052.76,,,,False,21,0,0,us,,,
HYPE,1785794400,,,,,,,,,,,,,,,,,,,5e-05,54.034,54.022,0.0001,54.033,0.0,,,,183294244405.26926,71925700747.55423,84.0,75.0,71.0,55.0,37.0,44.0,58.0,65.0,76.0,97.0,93.0,43.0,39.0,28,Fear,4052.19,,,,False,22,0,0,us,,,
HYPE,1785798000,,,,,,,,,,,,,,,,,,,5e-05,53.999,53.976,0.0001,53.993,0.0,,,,183294244405.26926,71925700747.55423,71.0,73.0,28.0,43.0,23.0,26.0,62.0,50.0,39.0,83.0,56.0,35.0,44.0,28,Fear,4052.2,,,,False,23,0,0,us,,,
HYPE,1785801600,,,,,,,,,,,,,,,,,,,5e-05,53.585,53.572,0.0001,53.583,0.0,,,,183257981671.08038,72085533591.37706,67.0,68.0,28.0,43.0,30.0,20.0,69.0,50.0,54.0,83.0,50.0,27.0,68.0,25,Extreme Fear,4046.38,,,,False,0,1,0,asia,,,
HYPE,1785805200,,,,,,,,,,,,,,,,,,,5e-05,54.298,54.295,0.0001,54.294,0.0,,,,183257981671.08038,72085533591.37706,62.0,65.0,24.0,44.0,54.0,17.0,69.0,44.0,37.0,82.0,50.0,26.0,97.0,25,Extreme Fear,4057.76,,,,False,1,1,0,asia,,,
HYPE,1785808800,,,,,,,,,,,,,,,,,,,5e-05,54.3,54.277,0.0001,54.302,0.0,,,,183257981671.08038,72085533591.37706,66.0,69.0,22.0,44.0,29.0,18.0,61.0,47.0,24.0,76.0,46.0,47.0,93.0,25,Extreme Fear,4055.75,,,,False,2,1,0,asia,,,
HYPE,1785812400,,,,,,,,,,,,,,,,,,,5e-05,54.158,54.123,0.0001,54.149,0.0,,,,183257981671.08038,72085533591.37706,67.0,61.0,26.0,40.0,66.0,18.0,58.0,48.0,22.0,73.0,43.0,100.0,78.0,25,Extreme Fear,4050.01,,,,False,3,1,0,asia,,,
HYPE,1785816000,,,,,,,,,,,,,,,,,,,5e-05,54.538,54.522,0.0001,54.535,0.0,,,,183257981671.08038,72085533591.37706,65.0,61.0,25.0,41.0,36.0,18.0,54.0,49.0,33.0,72.0,47.0,34.0,71.0,25,Extreme Fear,4060.54,,,,False,4,1,0,asia,,,
HYPE,1785819600,,,,,,,,,,,,,,,,,,,5e-05,54.441,54.406,0.0001,54.43,0.0,,,,183257981671.08038,72085533591.37706,69.0,62.0,34.0,38.0,27.0,15.0,48.0,54.0,33.0,68.0,42.0,19.0,57.0,25,Extreme Fear,4059.43,,,,False,5,1,0,asia,,,
HYPE,1785823200,,,,,,,,,,,,,,,,,,,5e-05,54.305,54.269,0.0001,54.282,0.0,,,,183257981671.08038,72085533591.37706,62.0,54.0,46.0,32.0,27.0,16.0,45.0,55.0,30.0,63.0,42.0,15.0,53.0,25,Extreme Fear,4059.11,,,,False,6,1,0,asia,,,
HYPE,1785826800,,,,,,,,,,,,,,,,,,,5e-05,54.774,54.748,0.0001,54.753,0.0,,,,183257981671.08038,72085533591.37706,60.0,48.0,34.0,31.0,24.0,14.0,42.0,50.0,24.0,59.0,35.0,20.0,49.0,25,Extreme Fear,4061.31,,,,False,7,1,0,asia,,,
HYPE,1785830400,,,,,,,,,,,,,,,,,,,5e-05,54.781,54.758,3.128e-05,54.764,0.0,,,,183257981671.08038,72085533591.37706,59.0,45.0,38.0,32.0,0.0,19.0,41.0,50.0,17.0,57.0,32.0,19.0,50.0,25,Extreme Fear,4052.84,,,,False,8,1,0,europe,,,
HYPE,1785834000,,,,,,,,,,,,,,,,,,,5e-05,54.79,54.777,3.128e-05,54.774,0.0,,,,183257981671.08038,72085533591.37706,60.0,46.0,28.0,32.0,26.0,17.0,39.0,45.0,32.0,57.0,30.0,15.0,47.0,25,Extreme Fear,4047.46,,,,False,9,1,0,europe,,,
HYPE,1785837600,,,,,,,,,,,,,,,,,,,5e-05,55.239,55.239,3.128e-05,55.237,0.0,,,,183257981671.08038,72085533591.37706,59.0,47.0,25.0,31.0,21.0,11.0,39.0,42.0,19.0,54.0,21.0,12.0,50.0,25,Extreme Fear,4052.21,,,,False,10,1,0,europe,,,
HYPE,1785841200,,,,,,,,,,,,,,,,,,,5e-05,55.532,55.523,3.128e-05,55.53,0.0,,,,183257981671.08038,72085533591.37706,60.0,49.0,20.0,31.0,0.0,14.0,41.0,42.0,18.0,60.0,32.0,21.0,50.0,25,Extreme Fear,4071.49,,,,False,11,1,0,europe,,,
HYPE,1785844800,,,,,,,,,,,,,,,,,,,5e-05,55.671,55.644,3.128e-05,55.67,0.0,,,,183257981671.08038,72085533591.37706,64.0,54.0,32.0,35.0,25.0,15.0,47.0,44.0,19.0,69.0,38.0,24.0,52.0,25,Extreme Fear,4066.95,,,,False,12,1,0,europe,,,
HYPE,1785848400,,,,,,,,,,,,,,,,,,,5e-05,55.261,55.208,3.128e-05,55.252,0.0,,,,183257981671.08038,72085533591.37706,64.0,61.0,26.0,41.0,23.0,15.0,46.0,44.0,18.0,72.0,35.0,21.0,48.0,25,Extreme Fear,4079.17,,,,False,13,1,0,us,,,
HYPE,1785852000,,,,,,,,,,,,,,,,,,,5e-05,55.43,55.385,3.128e-05,55.427,0.0,,,,183257981671.08038,72085533591.37706,65.0,60.0,27.0,45.0,20.0,16.0,44.0,44.0,21.0,72.0,36.0,22.0,55.0,25,Extreme Fear,4079.82,,,,False,14,1,0,us,,,
HYPE,1785855600,,,,,,,,,,,,,,,,,,,5e-05,55.438,55.398,3.128e-05,55.42,0.0,,,,183257981671.08038,72085533591.37706,66.0,57.0,29.0,49.0,0.0,20.0,47.0,43.0,34.0,75.0,37.0,23.0,75.0,25,Extreme Fear,4081.21,,,,False,15,1,0,us,,,
HYPE,1785859200,,,,,,,,,,,,,,,,,,,5e-05,55.294,55.292,5.429e-05,55.271,0.0,,,,183257981671.08038,72085533591.37706,66.0,58.0,27.0,59.0,16.0,46.0,50.0,48.0,30.0,76.0,36.0,17.0,56.0,25,Extreme Fear,4088.12,,,,False,16,1,0,us,,,
HYPE,1785862800,,,,,,,,,,,,,,,,,,,5e-05,55.59,55.592,5.429e-05,55.577,0.0,,,,183257981671.08038,72085533591.37706,67.0,57.0,29.0,69.0,24.0,53.0,50.0,49.0,27.0,76.0,36.0,26.0,47.0,25,Extreme Fear,4081.59,,,,False,17,1,0,us,,,
HYPE,1785866400,1785869880.0,55.4095,55.409,55.4322,-0.0004004892,1.25e-05,22448284.640000023,203118535.36349007,55.409,55.41,26003.97343,16696.245389999996,-2917270.27,-161683779.510772,164725349.695052,7.882352941176471,2.0,15.0,5e-05,55.345,55.331,5.429e-05,55.33,37.0,0.18591891891891893,0.4594594594594595,0.16216216216216217,183257981671.08038,72085533591.37706,72.0,57.0,43.0,70.0,61.0,64.0,50.0,53.0,32.0,74.0,46.0,28.0,41.0,25,Extreme Fear,4075.09,-3.7500000000000003e-05,-4.179e-05,0.07849999999999824,True,18,1,0,us,,,
HYPE,1785870000,1785873540.0,55.5185,55.516,55.541,-0.0003961038,1.1857e-05,22459696.90000002,203533215.01651016,55.518,55.519,48516.53373,10352.06364,-2915255.03,-161561263.935182,164621076.521682,7.882352941176471,2.0,15.0,5e-05,55.584,55.56,5.429e-05,55.571,27.0,0.06533333333333334,0.3333333333333333,0.2222222222222222,183257981671.08038,72085533591.37706,76.0,56.0,46.0,74.0,22.0,63.0,48.0,56.0,24.0,74.0,48.0,23.0,41.0,25,Extreme Fear,4073.08,-3.8143000000000004e-05,-4.2433e-05,-0.041499999999999204,True,19,1,0,us,0.0019671716943845396,,0.75
HYPE,1785873600,1785874860.0,55.3445,55.358,55.3715,-0.0004785856,9.2361e-06,22483007.440000016,205493296.45341003,55.344,55.345,14412.79257,63666.118819999996,-2914291.74,-161543339.37695,164605182.59377,7.882352941176471,2.0,15.0,5e-05,55.46,55.431,5.429e-05,55.454,0.0,,,,183257981671.08038,72085533591.37706,79.0,67.0,46.0,90.0,24.0,82.0,53.0,63.0,27.0,83.0,49.0,24.0,42.0,25,Extreme Fear,4073.36,-4.0763900000000005e-05,-4.50539e-05,-0.08650000000000091,True,20,1,0,us,-0.0031340904383224677,,1.0
HYPE,1785877200,1785880740.0,55.1885,55.188,55.205,-0.0002898288,1.25e-05,22421483.52000002,207028984.79029995,55.188,55.189,9470.549970000002,48661.51983,-2909254.44,-160573652.953615,163634679.83937502,7.882352941176471,2.0,15.0,5e-05,55.259,55.208,5.429e-05,55.241,0.0,,,,183257981671.08038,72085533591.37706,81.0,69.0,42.0,100.0,42.0,100.0,59.0,63.0,30.0,86.0,50.0,28.0,40.0,25,Extreme Fear,4078.04,-3.7500000000000003e-05,-4.179e-05,-0.01950000000000074,True,21,1,0,us,-0.002818708272728121,,0.25
HYPE,1785880800,1785884340.0,55.1235,55.123,55.125,-1.81406e-05,1.25e-05,22409663.400000017,208855049.02247038,55.127,55.128,18002.18073,16175.66606,-2903813.39,-160147282.002974,163190322.23097402,7.882352941176471,2.0,15.0,5e-05,55.172,55.12,5.429e-05,55.149,13.0,0.27674615384615386,0.5384615384615384,0.15384615384615385,183257981671.08038,72085533591.37706,79.0,64.0,43.0,87.0,46.0,96.0,57.0,63.0,28.0,87.0,52.0,27.0,39.0,25,Extreme Fear,4072.81,-3.7500000000000003e-05,-4.179e-05,0.003500000000002501,True,22,1,0,us,-0.0011777816030512644,,0.25
HYPE,1785884400,1785887940.0,55.0155,55.015,55.039,-0.0003252239,1.25e-05,22408108.040000036,208864430.77797025,55.015,55.021,31082.006139999998,9934.44677,-2905789.63,-159874186.447408,162903725.153908,7.882352941176471,2.0,15.0,5e-05,55.06,55.038,5.429e-05,55.04,11.0,0.10171818181818182,0.45454545454545453,0.45454545454545453,183257981671.08038,72085533591.37706,75.0,65.0,56.0,92.0,90.0,91.0,65.0,59.0,49.0,89.0,69.0,21.0,41.0,25,Extreme Fear,4068.67,-3.7500000000000003e-05,-4.179e-05,-0.022499999999993747,True,23,1,0,us,-0.0019592369860403913,,1.0
HYPE,1785888000,1785891480.0,54.7075,54.7091,54.735,-0.0004841509,3.9036e-06,22360530.860000007,212420140.83161968,54.707,54.708,6123.11245,23014.81581,-2902582.71,-158781932.56723,161805846.93006998,7.882352941176471,2.0,15.0,5e-05,54.767,54.739,0.0001,54.753,20.0,0.13548,0.3,0.1,183164524608.55377,72172098708.52711,77.0,71.0,63.0,44.0,33.0,30.0,70.0,58.0,29.0,88.0,70.0,24.0,65.0,27,Fear,4076.63,-4.60964e-05,-9.609640000000001e-05,-0.03149999999999409,True,0,2,0,asia,-0.005598422262816816,,0.25
HYPE,1785891600,1785895140.0,55.2895,55.29,55.316,-0.0004049461,1.25e-05,22334478.680000003,213775695.06367004,55.289,55.29,27633.04928,47675.56734,-2899896.0999999996,-160498335.13595402,163534356.820822,7.882352941176471,2.0,15.0,5e-05,55.341,55.276,0.0001,55.32,13.0,0.26023846153846153,0.46153846153846156,0.15384615384615385,183164524608.55377,72172098708.52711,69.0,65.0,57.0,43.0,34.0,29.0,66.0,50.0,44.0,79.0,66.0,21.0,93.0,27,Fear,4095.3,-3.7500000000000003e-05,-8.75e-05,0.013499999999993406,True,1,2,0,asia,0.01063839510122011,,1.0
HYPE,1785895200,1785898740.0,56.3865,56.36,56.389,-3.54679e-05,1.25e-05,22210335.479999997,228637503.9449001,56.389,56.39,19374.78078,56430.08559,-2883534.27,-162359786.16087002,165431674.84173,7.882352941176471,2.0,15.0,5e-05,56.421,56.365,0.0001,56.376,8.0,0.071475,0.25,0.125,183164524608.55377,72172098708.52711,67.0,62.0,50.0,42.0,54.0,28.0,56.0,43.0,38.0,79.0,66.0,27.0,80.0,27,Fear,4122.37,-3.7500000000000003e-05,-8.75e-05,0.021499999999996078,True,2,2,0,asia,0.01984101863825871,,1.0
HYPE,1785898800,1785902340.0,55.9805,55.972,55.977,5.35934e-05,1.25e-05,22155604.66000002,234950927.2322698,55.98,55.981,34743.03438,6789.21305,-2870597.77,-160670959.66685998,163760952.9027,7.882352941176471,2.0,15.0,5e-05,56.018,55.964,0.0001,55.979,5.0,0.21997999999999998,0.4,0.4,183164524608.55377,72172098708.52711,66.0,62.0,46.0,44.0,41.0,28.0,53.0,45.0,32.0,75.0,60.0,26.0,70.0,27,Fear,4120.47,-3.7500000000000003e-05,-8.75e-05,0.016500000000000625,True,3,2,0,asia,-0.007200305037553312,,0.25
HYPE,1785902400,1785905880.0,56.2465,56.249,56.2565,-0.0001030992,1.25e-05,22165509.580000024,233298677.96757036,56.246,56.247,18586.07851,9474.43806,-2871278.75,-161554229.66009998,164651281.82588,7.882352941176471,2.0,15.0,5e-05,56.262,56.215,0.0001,56.216,8.0,-0.034099999999999984,0.375,0.25,183164524608.55377,72172098708.52711,63.0,56.0,31.0,43.0,35.0,21.0,49.0,46.0,28.0,74.0,45.0,20.0,61.0,27,Fear,4129.23,-3.7500000000000003e-05,-8.75e-05,0.03149999999999409,True,4,2,0,asia,0.0047516545940102795,,1.0
HYPE,1785906000,1785909540.0,56.9185,56.917,56.9325,-0.0002195582,1.25e-05,22108133.200000055,247197863.29737958,56.918,56.919,61302.19833000001,58928.47234999999,-2875797.9699999997,-163672849.502532,166798881.734856,7.882352941176471,2.0,15.0,5e-05,56.925,56.888,0.0001,56.89,6.0,0.2125,0.5,0.16666666666666666,183164524608.55377,72172098708.52711,65.0,57.0,39.0,37.0,29.0,20.0,45.0,56.0,22.0,65.0,46.0,15.0,51.0,27,Fear,4153.25,-3.7500000000000003e-05,-8.75e-05,0.030500000000003524,True,5,2,0,asia,0.011947410061070585,,1.0
HYPE,1785909600,1785913140.0,57.022,57.026,57.0435,-0.0003453505,1.25e-05,22078778.400000047,256094070.7605302,57.025,57.026,505347.79929000005,51468.13727,-2869895.7800000003,-163771064.094242,167173244.371438,7.882352941176471,3.0,14.0,5e-05,57.064,57.029,0.0001,57.028,9.0,0.11050000000000001,0.3333333333333333,0.2222222222222222,183164524608.55377,72172098708.52711,65.0,51.0,51.0,37.0,47.0,20.0,43.0,52.0,18.0,66.0,43.0,21.0,50.0,27,Fear,4168.18,-3.7500000000000003e-05,-8.75e-05,-0.007000000000005002,True,6,2,0,asia,0.0018183894515841903,,1.0
HYPE,1785913200,1785916740.0,56.9455,56.954,57.0015,-0.0009736586,2.536e-06,21991449.239999995,256548037.0243305,56.945,56.946,16644.59472,115300.81035999999,-2851140.8,-162530423.725339,167272547.544125,7.882352941176471,3.0,14.0,5e-05,57.112,57.08,0.0001,57.103,11.0,0.05426363636363636,0.36363636363636365,0.18181818181818182,183164524608.55377,72172098708.52711,61.0,44.0,43.0,35.0,0.0,19.0,41.0,49.0,36.0,60.0,43.0,20.0,47.0,27,Fear,4162.61,-4.7464000000000005e-05,-9.7464e-05,-0.13449999999999562,True,7,2,0,asia,-0.0013415874574724818,,0.5
HYPE,1785916800,1785920340.0,57.487,57.483,57.516,-0.0002955699,-1.7781e-06,21945941.219999988,273954600.6952902,57.489,57.49,61381.90538,2095.67793,-2827943.07,-162760117.95787,168239672.80549002,7.882352941176471,3.0,14.0,5e-05,57.615,57.579,0.0001,57.598,11.0,-0.10615454545454545,0.18181818181818182,0.36363636363636365,183164524608.55377,72172098708.52711,58.0,45.0,42.0,35.0,34.0,29.0,39.0,50.0,24.0,59.0,44.0,17.0,44.0,27,Fear,4153.59,-5.1778100000000005e-05,-0.00010177810000000001,-0.09199999999999875,True,8,2,0,europe,0.009509092026586785,,1.0
HYPE,1785920400,1785923880.0,57.2205,57.2135,57.258,-0.0006461979,-1.44652e-05,21950265.979999997,277241023.993149,57.214,57.217,11553.81737,3334.75058,-2825236.18,-161700787.19818002,167410772.2632,7.882352941176471,3.0,14.0,5e-05,57.283,57.272,0.0001,57.271,14.0,0.3317571428571428,0.42857142857142855,0.07142857142857142,183164524608.55377,72172098708.52711,64.0,58.0,35.0,31.0,19.0,25.0,39.0,50.0,16.0,61.0,41.0,13.0,44.0,27,Fear,4150.51,-6.44652e-05,-0.00011446520000000001,-0.051499999999997215,True,9,2,0,europe,-0.004635830709551758,,0.25
HYPE,1785924000,1785927540.0,57.3385,57.3385,57.377,-0.0006622863,5.677e-06,21965447.020000003,270646923.192201,57.338,57.339,61733.79661,27642.75174,-2823689.7800000003,-161893521.15139198,167709541.435372,7.882352941176471,3.0,14.0,5e-05,57.41,57.391,0.0001,57.405,9.0,0.18495555555555557,0.5555555555555556,0.2222222222222222,183164524608.55377,72172098708.52711,62.0,50.0,52.0,32.0,24.0,21.0,39.0,45.0,16.0,61.0,43.0,17.0,49.0,27,Fear,4154.43,-4.4323e-05,-9.4323e-05,-0.052499999999994884,True,10,2,0,europe,0.002062197988483172,,1.0
HYPE,1785927600,1785931140.0,56.8875,56.8919,56.9215,-0.0005024464,-8.5983e-06,21907337.560000066,273088912.0323386,56.893,56.894,25553.045690000003,15381.768049999999,-2812675.27,-160117995.644726,166899011.172682,7.882352941176471,3.0,14.0,5e-05,57.065,57.012,0.0001,57.06,12.0,0.16749166666666668,0.4166666666666667,0.08333333333333333,183164524608.55377,72172098708.52711,59.0,50.0,35.0,30.0,36.0,21.0,43.0,43.0,27.0,64.0,40.0,13.0,50.0,27,Fear,4181.23,-5.8598300000000004e-05,-0.0001085983,-0.12449999999999761,True,11,2,0,europe,-0.00786557025384338,,0.25
HYPE,1785931200,1785934740.0,57.0545,57.045,57.0765,-0.0003766874,-8.1764e-06,21888711.940000024,263178282.9884506,57.043,57.044,8612.17217,128829.87281,-2805635.8200000003,-159865138.54284,167463279.09284002,7.882352941176471,3.0,14.0,5e-05,57.102,57.067,0.0001,57.09,18.0,0.08181666666666666,0.2777777777777778,0.1111111111111111,183164524608.55377,72172098708.52711,60.0,56.0,37.0,32.0,0.0,19.0,43.0,40.0,15.0,64.0,40.0,11.0,51.0,27,Fear,4177.79,-5.81764e-05,-0.0001081764,-0.012500000000002842,True,12,2,0,europe,0.0029356185453746075,,0.25
HYPE,1785934800,1785938340.0,57.1765,57.181,57.2107,-0.0005663276,3.8829e-06,21796586.120000027,256658365.4989598,57.171,57.177,21332.30919,3322.94818,-2784511.69,-158562883.85742,166292335.05062,7.882352941176471,3.0,14.0,5e-05,57.199,57.171,0.0001,57.183,24.0,0.20991666666666667,0.4166666666666667,0.20833333333333334,183164524608.55377,72172098708.52711,63.0,53.0,42.0,37.0,17.0,20.0,41.0,38.0,13.0,65.0,38.0,18.0,49.0,27,Fear,4200.39,-4.61171e-05,-9.611710000000001e-05,0.00549999999999784,True,13,2,0,us,0.002138306356203268,,1.0
HYPE,1785938400,1785941940.0,57.3405,57.343,57.3815,-0.0006814043,-9.1798e-06,21810171.92000001,259747875.67589983,57.34,57.341,45370.032979999996,3975.5495,-2767239.61,-158628950.43814,166486609.64536,7.882352941176471,3.0,14.0,5e-05,57.295,57.319,0.0001,57.286,0.0,,,,183164524608.55377,72172098708.52711,62.0,59.0,36.0,42.0,15.0,17.0,45.0,42.0,19.0,72.0,39.0,22.0,55.0,27,Fear,4236.33,-5.91798e-05,-0.00010917980000000001,0.021499999999996078,True,14,2,0,us,0.002868311281732927,,1.0
HYPE,1785942000,1785945540.0,57.0175,57.017,57.0545,-0.0006397392,-1.41088e-05,21812293.10000002,259886541.5060894,57.02,57.021,49374.666450000004,42584.878710000005,-2759031.21,-157578047.04671198,165334773.314868,7.882352941176471,3.0,14.0,5e-05,57.076,57.098,0.0001,57.067,19.0,0.07806315789473683,0.2631578947368421,0.21052631578947367,183164524608.55377,72172098708.52711,63.0,56.0,38.0,41.0,15.0,20.0,43.0,41.0,15.0,69.0,43.0,32.0,71.0,27,Fear,4226.03,-6.41088e-05,-0.0001141088,-0.08050000000000068,True,15,2,0,us,-0.005633016803132218,,0.25
HYPE,1785945600,1785949140.0,57.4935,57.493,57.5221,-0.0004885079,1.24811e-05,21833354.360000037,270483406.09776837,57.493,57.494,21667.11319,15159.715700000002,-2759082.8,-158535750.11211002,165437540.47933,7.882352941176471,3.0,14.0,5e-05,57.529,57.518,1.9e-07,57.522,10.0,0.16081,0.6,0.1,183164524608.55377,72172098708.52711,62.0,53.0,36.0,41.0,0.0,20.0,45.0,41.0,30.0,69.0,41.0,15.0,59.0,27,Fear,4236.27,-3.7518900000000004e-05,1.22911e-05,-0.024500000000003297,True,16,2,0,us,0.008348314114087874,,0.75
HYPE,1785949200,1785952740.0,57.7255,57.726,57.733,-0.0001212478,1.25e-05,21891532.96000001,276483618.81939876,57.725,57.726,106813.67875,35840.37643999999,-2785457.31,-160810227.93929,164952784.51343,7.882352941176471,3.0,14.0,5e-05,57.764,57.744,1.9e-07,57.743,16.0,0.09295624999999999,0.375,0.3125,183164524608.55377,72172098708.52711,63.0,52.0,37.0,48.0,24.0,20.0,48.0,44.0,23.0,74.0,42.0,15.0,47.0,27,Fear,4244.67,-3.7500000000000003e-05,1.231e-05,-0.01850000000000307,True,17,2,0,us,0.00403523876612133,,0.75
HYPE,1785952800,1785956280.0,57.2215,57.222,57.2531,-0.0004698436,5.3827e-06,21863861.340000033,278300611.4597297,57.221,57.222,33970.34071999999,2170.70099,-2787519.75,-159540133.06877,163122552.14195,7.882352941176471,4.0,13.0,5e-05,57.256,57.258,1.9e-07,57.24,15.0,-0.10489333333333332,0.26666666666666666,0.5333333333333333,183164524608.55377,72172098708.52711,61.0,53.0,35.0,48.0,25.0,20.0,47.0,49.0,37.0,81.0,47.0,22.0,41.0,27,Fear,4254.98,-4.4617300000000004e-05,5.1927e-06,-0.03650000000000375,True,18,2,0,us,-0.008730976778027033,,0.25
HYPE,1785956400,1785959940.0,57.2265,57.239,57.271,-0.0007682771,-4.0853e-06,21797614.820000026,277138942.78667104,57.226,57.227,5847.290940000001,102528.98178,-2772603.25,-158648271.38322,162222722.97922,7.882352941176471,4.0,13.0,5e-05,57.23,57.22,1.9e-07,57.219,12.0,0.3016083333333333,0.5833333333333334,0.08333333333333333,183164524608.55377,72172098708.52711,67.0,59.0,37.0,56.0,0.0,20.0,48.0,54.0,21.0,73.0,45.0,18.0,41.0,27,Fear,4240.17,-5.40853e-05,-4.2752999999999995e-06,0.006500000000002615,True,19,2,0,us,8.737974362782452e-05,,0.5
HYPE,1785960000,1785963480.0,57.1705,57.1656,57.1955,-0.0004283554,1.2024e-06,21741505.420000013,284914236.69673026,57.17,57.171,47198.23302,37272.18487,-2749087.32,-157088923.4741,161449294.02697998,7.882352941176471,4.0,13.0,4.955e-05,57.16,57.133,1.9e-07,57.143,15.0,0.39514,0.5333333333333333,0.06666666666666667,183164524608.55377,72172098708.52711,78.0,66.0,38.0,51.0,25.0,24.0,52.0,57.0,27.0,78.0,49.0,20.0,41.0,27,Fear,4243.44,-4.83476e-05,1.0123999999999998e-06,0.037499999999994316,True,20,2,0,us,-0.0009785676216439443,,0.5
HYPE,1785963600,1785967080.0,56.836,56.839,56.881,-0.0006610292,-9.6145e-06,21709887.459999993,284965857.1061589,56.833,56.834,8223.922729999998,15697.48313,-2725276.3899999997,-154971011.33135,160463235.01351,7.882352941176471,4.0,13.0,4.955e-05,56.807,56.803,1.9e-07,56.808,6.0,-0.31931666666666664,0.0,0.5,183164524608.55377,72172098708.52711,71.0,66.0,46.0,50.0,36.0,26.0,56.0,56.0,30.0,87.0,55.0,22.0,42.0,27,Fear,4243.1,-5.91645e-05,-9.804499999999999e-06,0.03300000000000125,True,21,2,0,us,-0.005850919617634953,,0.25
HYPE,1785967200,1785970740.0,56.7115,56.711,56.74,-0.0004917166,-1.23443e-05,21670772.620000035,285259978.48247075,56.711,56.712,9445.605580000001,66386.11925,-2713897.83,-153818686.576585,159490450.32810098,7.882352941176471,4.0,13.0,4.955e-05,56.739,56.736,1.9e-07,56.732,13.0,0.024369230769230768,0.38461538461538464,0.3076923076923077,183164524608.55377,72172098708.52711,71.0,64.0,49.0,48.0,31.0,20.0,59.0,49.0,17.0,83.0,49.0,28.0,43.0,27,Fear,4243.6,-6.18943e-05,-1.25343e-05,-0.02449999999999619,True,22,2,0,us,-0.0021905130551058694,,0.5
HYPE,1785970800,1785974340.0,56.8985,56.899,56.938,-0.0006849556,-9.7366e-06,21635517.42,286821164.47083,56.898,56.899,17720.899820000002,17294.30725,-2705535.2,-153912645.26713,159591933.62351,7.882352941176471,4.0,13.0,4.955e-05,56.953,56.949,1.9e-07,56.948,16.0,0.19775625000000002,0.375,0.0625,183164524608.55377,72172098708.52711,67.0,64.0,37.0,51.0,40.0,17.0,65.0,50.0,31.0,79.0,50.0,24.0,43.0,27,Fear,4272.06,-5.9286599999999996e-05,-9.926599999999999e-06,-0.050499999999999545,True,23,2,0,us,0.0032973911816827073,,1.0
HYPE,1785974400,1785977880.0,56.9145,56.91,56.933,-0.0002423902,7.515e-07,21631395.999999993,284071082.8223401,56.922,56.923,61023.914549999994,9473.552960000003,-2701186.4699999997,-153728689.5447,159264523.48788,7.882352941176471,4.0,13.0,5e-05,56.945,56.934,-6.858e-05,56.94,13.0,0.33789230769230766,0.5384615384615384,0.07692307692307693,183103910275.10278,71728840853.7331,68.0,60.0,47.0,43.0,0.0,23.0,66.0,45.0,29.0,79.0,55.0,15.0,69.0,25,Extreme Fear,4288.74,-4.92485e-05,6.93315e-05,-0.01950000000000074,True,0,3,0,asia,0.00028120249215701776,,0.25
HYPE,1785978000,1785981480.0,56.4745,56.474,56.502,-0.0004778592,-7.9321e-06,21609716.419999994,283344033.88430965,56.474,56.475,11786.65403,18607.67235,-2695188.06,-152231881.166536,157947170.113144,7.882352941176471,4.0,13.0,5e-05,56.516,56.494,-6.858e-05,56.509,13.0,0.15674615384615384,0.46153846153846156,0.15384615384615385,183103910275.10278,71728840853.7331,64.0,62.0,63.0,41.0,39.0,26.0,65.0,43.0,30.0,79.0,67.0,24.0,98.0,25,Extreme Fear,4281.52,-5.79321e-05,6.06479e-05,-0.01950000000000074,True,1,3,0,asia,-0.007730894587495207,,0.25
HYPE,1785981600,1785985080.0,56.1255,56.126,56.1555,-0.000525327,4.7207e-06,21598116.060000017,273704120.07800055,56.125,56.126,10804.38147,81682.84472,-2685890.45,-150733195.1021,157113962.1107,7.882352941176471,4.0,13.0,5e-05,56.167,56.164,-6.858e-05,56.172,3.0,-0.3811333333333333,0.0,0.6666666666666666,183103910275.10278,71728840853.7331,59.0,58.0,57.0,44.0,34.0,22.0,56.0,39.0,46.0,72.0,60.0,31.0,87.0,25,Extreme Fear,4271.44,-4.5279300000000005e-05,7.33007e-05,-0.03849999999999909,True,2,3,0,asia,-0.006179780254805256,,0.25
HYPE,1785985200,1785988680.0,56.2475,56.236,56.257,0.0,1.25e-05,21606144.739999983,270095543.6196304,56.255,56.256,26903.76442,1567.4444300000002,-2687313.25,-151208917.2163,157493837.4572,7.882352941176471,4.0,13.0,5e-05,56.348,56.341,-6.858e-05,56.35,11.0,-0.03796363636363636,0.18181818181818182,0.09090909090909091,183103910275.10278,71728840853.7331,60.0,66.0,78.0,35.0,0.0,25.0,52.0,41.0,49.0,70.0,62.0,60.0,78.0,25,Extreme Fear,4260.71,-3.7500000000000003e-05,8.108e-05,-0.0934999999999988,True,3,3,0,asia,0.0021737000115811256,,1.0
HYPE,1785988800,1785992280.0,56.3495,56.35,56.3625,-0.0002022621,2.0557e-06,21598319.05999999,269220175.58774,56.349,56.35,28051.4099,17937.56312,-2687801.74,-151397251.38296402,157697878.962444,7.882352941176471,4.0,13.0,1.78e-05,56.376,56.346,-6.858e-05,56.386,8.0,-0.014662499999999988,0.125,0.25,183103910275.10278,71728840853.7331,66.0,58.0,94.0,37.0,46.0,30.0,50.0,53.0,70.0,70.0,68.0,73.0,66.0,25,Extreme Fear,4257.32,-1.5744299999999998e-05,7.06357e-05,0.003500000000002501,True,4,3,0,asia,0.0018134139295078455,,0.25
HYPE,1785992400,1785995940.0,56.4015,56.401,56.417,-0.0002658773,1.25e-05,21571246.920000017,255897934.1533801,56.392,56.393,36657.85944,13422.46916,-2688998.84,-151664429.13422,157970651.02136,7.882352941176471,4.0,13.0,1.78e-05,56.488,56.464,-6.858e-05,56.485,11.0,0.14271818181818183,0.36363636363636365,0.18181818181818182,183103910275.10278,71728840853.7331,68.0,57.0,79.0,36.0,0.0,35.0,45.0,63.0,37.0,66.0,68.0,36.0,51.0,25,Extreme Fear,4262.24,-5.299999999999998e-06,8.108e-05,-0.0625,True,5,3,0,asia,0.0009228120923876482,,0.25
HYPE,1785996000,1785999540.0,56.1135,56.111,56.097,0.0001657843,1.25e-05,21570059.460000034,249038871.66860995,56.105,56.106,4325.437199999999,10790.77057,-2686697.1799999997,-150869021.94509,157177174.58699,7.882352941176471,3.0,14.0,1.78e-05,56.157,56.1,-6.858e-05,56.157,6.0,0.2944666666666667,0.5,0.16666666666666666,183103910275.10278,71728840853.7331,75.0,52.0,93.0,33.0,27.0,32.0,41.0,63.0,17.0,62.0,62.0,48.0,48.0,25,Extreme Fear,4250.71,-5.299999999999998e-06,8.108e-05,0.013500000000000512,True,6,3,0,asia,-0.005106247174277212,,0.25
HYPE,1785999600,1786003140.0,55.9895,55.99,56.001,-0.000112498,1.25e-05,21557071.520000033,246783184.93557015,55.989,55.99,71676.95902,2979.36283,-2686168.27,-150398128.47492,156596903.19788,7.882352941176471,4.0,13.0,1.78e-05,56.029,55.995,-6.858e-05,56.029,8.0,0.2624375,0.5,0.25,183103910275.10278,71728840853.7331,63.0,46.0,75.0,32.0,0.0,33.0,40.0,53.0,25.0,70.0,80.0,14.0,46.0,25,Extreme Fear,4258.0,-5.299999999999998e-06,8.108e-05,-0.00549999999999784,True,7,3,0,asia,-0.0022098069092107986,,0.25
HYPE,1786003200,1786006740.0,56.0955,56.096,56.118,-0.000219181,1.25e-05,21565432.840000022,227992521.54293966,56.095,56.096,71443.01666,5863.01772,-2690594.1399999997,-150957212.180504,156805699.37626398,7.882352941176471,3.0,14.0,5e-05,56.135,56.1,0.0001,56.124,10.0,0.32441,0.5,0.0,183103910275.10278,71728840853.7331,60.0,43.0,76.0,31.0,20.0,43.0,38.0,47.0,24.0,66.0,75.0,19.0,47.0,25,Extreme Fear,4273.68,-3.7500000000000003e-05,-8.75e-05,-0.0045000000000001705,True,8,3,0,europe,0.001893212120129606,,0.25
HYPE,1786006800,1786010340.0,55.5675,55.568,55.5855,-0.0003148303,1.25e-05,21569498.979999986,227436666.49310964,55.557,55.558,6322.0853,20972.684999999998,-2687469.4699999997,-149252784.335091,154919851.22738302,7.882352941176471,4.0,13.0,5e-05,55.589,55.584,0.0001,55.593,0.0,,,,183103910275.10278,71728840853.7331,62.0,42.0,82.0,28.0,20.0,33.0,36.0,40.0,17.0,70.0,86.0,14.0,43.0,25,Extreme Fear,4269.65,-3.7500000000000003e-05,-8.75e-05,-0.016500000000000625,True,9,3,0,europe,-0.009412519720833235,,0.5
HYPE,1786010400,1786013940.0,55.4985,55.498,55.5149,-0.0002864096,1.25e-05,21583094.840000004,223508484.25553012,55.498,55.499,32644.939559999995,21540.375610000003,-2683033.29,-148751194.17171,153904953.15662998,7.882352941176471,3.0,14.0,5e-05,55.574,55.554,0.0001,55.556,7.0,-0.05387142857142857,0.2857142857142857,0.5714285714285714,183103910275.10278,71728840853.7331,60.0,49.0,64.0,29.0,19.0,33.0,39.0,46.0,16.0,74.0,89.0,14.0,48.0,25,Extreme Fear,4266.61,-3.7500000000000003e-05,-8.75e-05,-0.0555000000000021,True,10,3,0,europe,-0.0012417330273991611,,0.5
HYPE,1786014000,1786017540.0,55.3285,55.326,55.3345,-8.31308e-05,1.25e-05,21615392.600000013,214599945.25906023,55.325,55.328,44828.90739,6481.092720000001,-2678074.7800000003,-148234316.042638,153144664.496112,7.882352941176471,3.0,14.0,5e-05,55.379,55.343,0.0001,55.369,8.0,0.075725,0.625,0.125,183103910275.10278,71728840853.7331,71.0,53.0,66.0,32.0,24.0,31.0,43.0,49.0,18.0,75.0,77.0,37.0,53.0,25,Extreme Fear,4259.76,-3.7500000000000003e-05,-8.75e-05,-0.014500000000005286,True,11,3,0,europe,-0.0030631458507888176,,0.25
HYPE,1786017600,1786021140.0,54.9385,54.9408,54.9615,-0.0003147658,1.25e-05,21620844.500000004,220202806.48878992,54.933,54.934,23857.93465,128288.74630000001,-2679103.34,-147174617.234911,151834627.24123102,7.882352941176471,4.0,13.0,4.236e-05,54.998,54.951,0.0001,54.984,17.0,0.15553529411764708,0.47058823529411764,0.35294117647058826,183103910275.10278,71728840853.7331,66.0,55.0,63.0,40.0,51.0,30.0,46.0,47.0,19.0,82.0,87.0,15.0,51.0,25,Extreme Fear,4246.74,-2.9860000000000002e-05,-8.75e-05,-0.012500000000002842,True,12,3,0,europe,-0.007048808480258795,,0.25
HYPE,1786021200,1786024740.0,55.0935,55.087,55.1295,-0.0005205924,1.25e-05,21708379.4,227104428.51571047,55.089,55.098,17394.9203,15584.549579999999,-2675931.75,-147496278.4353,152902706.22351,7.882352941176471,3.0,14.0,4.236e-05,55.161,55.156,0.0001,55.156,19.0,0.06522105263157894,0.21052631578947367,0.15789473684210525,183103910275.10278,71728840853.7331,65.0,58.0,63.0,40.0,54.0,30.0,47.0,46.0,18.0,76.0,71.0,18.0,49.0,25,Extreme Fear,4263.56,-2.9860000000000002e-05,-8.75e-05,-0.0625,True,13,3,0,us,0.0028213365854545813,,0.75
HYPE,1786024800,1786028340.0,55.842,55.8295,55.862,-0.0003222226,3.9523e-06,21691704.12000005,247568841.15085042,55.843,55.844,27367.63676,30776.63089,-2689080.32,-149894033.21844,153961307.08988002,7.882352941176471,2.0,15.0,4.236e-05,55.912,55.891,0.0001,55.893,18.0,0.1769611111111111,0.3333333333333333,0.05555555555555555,183103910275.10278,71728840853.7331,63.0,56.0,69.0,40.0,18.0,32.0,47.0,44.0,18.0,73.0,66.0,18.0,57.0,25,Extreme Fear,4266.82,-3.84077e-05,-9.60477e-05,-0.04899999999999949,True,14,3,0,us,0.013585994718070094,,1.0
HYPE,1786028400,1786031880.0,55.6445,55.641,55.663,-0.0003233746,-3.1099e-06,21665517.560000017,248118177.46958962,55.644,55.645,5892.57235,106112.9066,-2672386.87,-148645156.308034,153998364.213334,7.882352941176471,3.0,14.0,4.236e-05,55.599,55.587,0.0001,55.586,12.0,0.25805,0.3333333333333333,0.0,183103910275.10278,71728840853.7331,61.0,55.0,66.0,44.0,25.0,30.0,45.0,41.0,19.0,73.0,63.0,21.0,73.0,25,Extreme Fear,4228.87,-4.54699e-05,-0.0001031099,0.05749999999999744,True,15,3,0,us,-0.003536764442534257,,0.25
HYPE,1786032000,1786035480.0,56.1435,56.15,56.1772,-0.0005909871,1.25e-05,21685213.500000015,251876874.37093988,56.136,56.137,25096.19126,91818.97142000002,-2687777.2,-151018207.939875,154934838.802135,7.882352941176471,2.0,15.0,5e-05,56.277,56.279,4.771e-05,56.265,20.0,0.25975000000000004,0.55,0.3,183103910275.10278,71728840853.7331,62.0,56.0,60.0,45.0,23.0,24.0,48.0,43.0,24.0,75.0,53.0,17.0,58.0,25,Extreme Fear,4239.42,-3.7500000000000003e-05,-3.5210000000000003e-05,-0.1355000000000004,True,16,3,0,us,0.008967642803870968,,1.0
HYPE,1786035600,1786039140.0,56.2195,56.225,56.2445,-0.0004355981,3.2464e-06,21624043.26,250078915.0721704,56.219,56.22,2916.52041,52718.62891,-2686504.09,-151241352.472225,154967106.972905,7.882352941176471,3.0,14.0,5e-05,56.222,56.21,4.771e-05,56.214,4.0,-0.233025,0.0,0.5,183103910275.10278,71728840853.7331,62.0,57.0,60.0,41.0,17.0,28.0,49.0,41.0,20.0,77.0,58.0,21.0,50.0,25,Extreme Fear,4243.81,-4.6753600000000006e-05,-4.44636e-05,0.009499999999995623,True,17,3,0,us,0.001353674067345212,,1.0
HYPE,1786039200,1786042740.0,56.0345,56.034,56.0445,-0.0001695082,1.25e-05,21667757.520000026,246248493.59790033,56.034,56.035,36464.082879999994,9389.87521,-2688402.6799999997,-150644812.388747,154209342.710963,7.882352941176471,3.0,14.0,5e-05,56.072,56.058,4.771e-05,56.054,11.0,0.07024545454545454,0.2727272727272727,0.09090909090909091,183103910275.10278,71728840853.7331,65.0,54.0,60.0,46.0,46.0,28.0,50.0,43.0,30.0,73.0,61.0,17.0,43.0,25,Extreme Fear,4239.6,-3.7500000000000003e-05,-3.5210000000000003e-05,-0.023499999999998522,True,18,3,0,us,-0.003290673165004976,0.0023528794755455877,0.75
HYPE,1786042800,1786046280.0,56.0985,56.099,56.122,-0.0004098215,1.25e-05,21665395.58000004,244607877.07250962,56.098,56.099,6469.100640000001,99298.90684,-2688224.6,-150879556.070613,154425319.558313,7.882352941176471,3.0,14.0,5e-05,56.068,56.043,4.771e-05,56.059,20.0,0.20695000000000002,0.45,0.15,183103910275.10278,71728840853.7331,54.0,67.0,54.0,58.0,25.0,48.0,54.0,59.0,47.0,81.0,69.0,23.0,49.0,25,Extreme Fear,4245.99,-3.7500000000000003e-05,-3.5210000000000003e-05,0.0555000000000021,True,19,3,0,us,0.0011421534947220202,0.000278494889001497,0.75
HYPE,1786046400,1786049940.0,55.8545,55.856,55.8835,-0.0005099895,1.25e-05,21644430.060000025,231292340.3667501,55.85,55.851,3169.45404,64127.15319,-2686957.08,-150032053.450378,153586714.43466198,7.882352941176471,4.0,13.0,5e-05,55.88,55.862,4.771e-05,55.875,0.0,,,,183103910275.10278,71728840853.7331,56.0,70.0,54.0,62.0,24.0,51.0,100.0,63.0,42.0,91.0,70.0,27.0,46.0,25,Extreme Fear,4237.6,-3.7500000000000003e-05,-3.5210000000000003e-05,-0.007500000000000284,True,20,3,0,us,-0.004349492410670508,-0.003903981676017365,0.25
HYPE,1786050000,1786053540.0,56.0115,56.022,56.031,-0.000339098,1.25e-05,21651782.460000027,225002149.82658008,56.011,56.012,4195.50368,54871.65359,-2683846.7800000003,-150177229.829722,154015402.61264,7.882352941176471,4.0,13.0,5e-05,56.02,55.99,4.771e-05,56.011,7.0,0.22245714285714288,0.42857142857142855,0.14285714285714285,183103910275.10278,71728840853.7331,55.0,71.0,53.0,54.0,0.0,51.0,66.0,60.0,62.0,92.0,63.0,49.0,46.0,25,Extreme Fear,4236.56,-3.7500000000000003e-05,-3.5210000000000003e-05,0.021499999999996078,True,21,3,0,us,0.0028108746833288567,0.0026956353457308585,1.0
HYPE,1786053600,1786057140.0,56.1965,56.198,56.226,-0.0004802049,1.25e-05,21653588.940000016,222311505.70518985,56.19,56.191,28718.729769999998,20628.495629999998,-2684061.1,-150825989.95505,154668602.48629,7.882352941176471,2.0,15.0,5e-05,56.208,56.198,4.771e-05,56.208,11.0,0.17594545454545454,0.36363636363636365,0.18181818181818182,183103910275.10278,71728840853.7331,58.0,75.0,59.0,60.0,23.0,61.0,65.0,63.0,32.0,91.0,69.0,41.0,46.0,25,Extreme Fear,4237.97,-3.7500000000000003e-05,-3.5210000000000003e-05,-0.0015000000000000568,True,22,3,0,us,0.003302893155869846,0.005899014319238545,1.0
HYPE,1786057200,1786060740.0,56.1545,56.154,56.179,-0.0004272059,1.8635e-06,21604920.260000028,224450463.65929994,56.154,56.155,9703.278330000001,16667.37197,-2671392.67,-149963706.84086,154388819.88874,7.882352941176471,4.0,13.0,5e-05,56.209,56.183,4.771e-05,56.201,7.0,-0.2115857142857143,0.2857142857142857,0.42857142857142855,183103910275.10278,71728840853.7331,54.0,71.0,64.0,53.0,30.0,61.0,61.0,58.0,63.0,90.0,77.0,35.0,47.0,25,Extreme Fear,4248.73,-4.81365e-05,-4.58465e-05,-0.02850000000000108,True,23,3,0,us,-0.0007473775057166288,0.00024295700746377008,0.25
HYPE,1786060800,1786064340.0,55.7335,55.737,55.7622,-0.0005057189,1.25e-05,21607374.940000013,225016788.23212972,55.733,55.734,7116.19622,39920.5693,-2668874.3200000003,-148747928.455202,153415809.07519,7.882352941176471,4.0,13.0,5e-05,55.817,55.795,0.0001,55.825,5.0,0.46731999999999996,0.6,0.0,183420562378.61417,71901809218.364,55.0,70.0,68.0,56.0,30.0,72.0,66.0,62.0,53.0,84.0,71.0,45.0,65.0,29,Fear,4228.45,-3.7500000000000003e-05,-8.75e-05,-0.06150000000000233,True,0,4,0,asia,-0.007497172978122801,-0.0071790170952900955,0.25
HYPE,1786064400,1786067880.0,55.7625,55.757,55.7875,-0.0004230338,9.8518e-06,21611574.720000006,222414236.61244026,55.757,55.758,10251.07965,14793.877410000001,-2666086.88,-148666780.34719998,153595099.58734,7.882352941176471,4.0,13.0,5e-05,55.822,55.81,0.0001,55.82,5.0,0.22222,0.4,0.2,183420562378.61417,71901809218.364,50.0,67.0,69.0,53.0,0.0,72.0,65.0,58.0,64.0,83.0,77.0,51.0,98.0,29,Fear,4252.15,-4.01482e-05,-9.01482e-05,-0.04749999999999943,True,1,4,0,asia,0.0005203333722088033,-0.0028325797230207054,0.5
HYPE,1786068000,1786071540.0,55.6605,55.66,55.687,-0.0004668953,1.25e-05,21623663.64,215685694.3525396,55.652,55.657,28131.37899,41776.40902,-2664401.12,-148413924.28640902,153514359.122047,7.882352941176471,4.0,13.0,5e-05,55.713,55.7,0.0001,55.703,5.0,0.0988,0.4,0.2,183420562378.61417,71901809218.364,51.0,67.0,60.0,54.0,30.0,65.0,54.0,61.0,51.0,84.0,79.0,100.0,88.0,29,Fear,4246.07,-3.7500000000000003e-05,-8.75e-05,-0.039500000000003865,True,2,4,0,asia,-0.0018291862811029569,-0.0009482832249820415,0.25
HYPE,1786071600,1786075080.0,55.5745,55.575,55.607,-0.0005143237,8.2311e-06,21624082.920000006,213309918.6749601,55.56,55.563,13638.73787,52801.648660000006,-2662842.23,-147959711.19446498,153171359.270055,7.882352941176471,4.0,13.0,5e-05,55.647,55.64,0.0001,55.636,4.0,0.167625,0.25,0.0,183420562378.61417,71901809218.364,48.0,66.0,63.0,44.0,41.0,64.0,47.0,54.0,45.0,74.0,78.0,52.0,76.0,29,Fear,4262.15,-4.1768900000000006e-05,-9.17689e-05,-0.06550000000000011,True,3,4,0,asia,-0.0015450813413461217,0.0010911957782390115,0.75
HYPE,1786075200,1786078740.0,55.2065,55.207,55.246,-0.0006914528,7.385e-06,21625086.780000005,218905901.2574105,55.208,55.209,142562.52105,176574.07142999998,-2650457.76,-146606528.05017,152590197.51131,7.882352941176471,4.0,13.0,5e-05,55.3,55.281,0.0001,55.301,6.0,0.2638333333333333,0.6666666666666666,0.16666666666666666,183420562378.61417,71901809218.364,50.0,65.0,64.0,42.0,32.0,76.0,49.0,54.0,67.0,73.0,72.0,28.0,65.0,29,Fear,4260.96,-4.2615000000000004e-05,-9.261500000000001e-05,-0.07450000000000045,True,4,4,0,asia,-0.006621741985982865,-0.005588606535777462,0.25
HYPE,1786078800,1786082340.0,55.3835,55.383,55.411,-0.0004241035,-2.7277e-06,21554975.31999999,221860778.3170602,55.383,55.384,45118.1176,3959.60955,-2629910.21,-145414371.456712,152717240.38455,7.882352941176471,4.0,13.0,5e-05,55.402,55.398,0.0001,55.399,0.0,,,,183420562378.61417,71901809218.364,51.0,59.0,90.0,39.0,30.0,71.0,42.0,60.0,71.0,70.0,71.0,19.0,51.0,29,Fear,4274.47,-5.27277e-05,-0.0001027277,-0.014500000000005286,True,5,4,0,asia,0.0032061442040338672,0.0007408215330387382,1.0
HYPE,1786082400,1786085940.0,55.6065,55.602,55.642,-0.0006290212,-2.6892e-06,21565829.620000035,219858238.03463992,55.606,55.607,49922.805490000006,66920.74395999999,-2624949.32,-145936562.91304,153956983.3523,7.882352941176471,3.0,14.0,5e-05,55.594,55.587,0.0001,55.596,3.0,-0.19063333333333332,0.0,0.3333333333333333,183420562378.61417,71901809218.364,52.0,56.0,77.0,34.0,0.0,67.0,42.0,71.0,45.0,61.0,70.0,28.0,49.0,29,Fear,4291.5,-5.2689200000000004e-05,-0.0001026892,0.019499999999993634,True,6,4,0,asia,0.004026469977520319,0.004530391395531011,1.0
HYPE,1786086000,1786089540.0,55.5695,55.568,55.6,-0.0005395683,1.25e-05,21582428.940000072,212411056.33001977,55.569,55.57,5341.48446,64958.58868999999,-2618759.61,-145641222.981558,153785073.05135798,7.882352941176471,4.0,13.0,5e-05,55.624,55.615,0.0001,55.617,13.0,0.2893,0.46153846153846156,0.0,183420562378.61417,71901809218.364,48.0,51.0,77.0,35.0,17.0,65.0,37.0,63.0,40.0,59.0,71.0,20.0,46.0,29,Fear,4286.81,-3.7500000000000003e-05,-8.75e-05,-0.04550000000000409,True,7,4,0,asia,-0.0006653898375189593,-0.00048690332211391666,0.5
HYPE,1786089600,1786093140.0,56.2715,56.279,56.3046,-0.0005772175,8.6958e-06,21661302.339999992,217152898.14629015,56.267,56.268,46118.43253,24645.079209999996,-2620025.6799999997,-147471420.49299502,156039586.091495,7.882352941176471,2.0,15.0,5e-05,56.306,56.291,0.0001,56.297,9.0,0.3015333333333333,0.5555555555555556,0.2222222222222222,183420562378.61417,71901809218.364,47.0,50.0,89.0,35.0,20.0,69.0,37.0,62.0,32.0,56.0,61.0,14.0,45.0,29,Fear,4302.05,-4.1304200000000003e-05,-9.13042e-05,-0.019499999999993634,True,8,4,0,europe,0.012632829159880954,0.005231496995344571,1.0
HYPE,1786093200,1786096740.0,56.5155,56.5081,56.526,-0.0001769097,1.25e-05,21786434.840000015,222384813.09885025,56.515,56.516,41128.203519999995,41705.25735,-2636478.77,-148921333.00705,156735050.53609002,7.882352941176471,2.0,15.0,5e-05,56.57,56.567,0.0001,56.57,7.0,0.18114285714285713,0.42857142857142855,0.14285714285714285,183420562378.61417,71901809218.364,47.0,50.0,79.0,34.0,22.0,63.0,38.0,53.0,31.0,54.0,62.0,17.0,45.0,29,Fear,4311.29,-3.7500000000000003e-05,-8.75e-05,-0.051499999999997215,True,9,4,0,europe,0.004336120416196465,-0.0022156014273877677,0.75
HYPE,1786096800,1786100340.0,56.7775,56.777,56.804,-0.0004225055,8.1798e-06,21741456.86,224999581.06734985,56.777,56.778,11053.07142,91517.35832,-2639403.5700000003,-149882025.816275,157371549.672275,7.882352941176471,2.0,15.0,5e-05,56.833,56.824,0.0001,56.813,9.0,0.2887111111111111,0.5555555555555556,0.1111111111111111,183420562378.61417,71901809218.364,47.0,50.0,55.0,33.0,25.0,59.0,39.0,51.0,32.0,58.0,57.0,20.0,51.0,29,Fear,4311.24,-4.18202e-05,-9.182020000000001e-05,-0.04649999999999466,True,10,4,0,europe,0.0046358963470198855,0.0026365929072899434,1.0
HYPE,1786100400,1786103880.0,56.8205,56.821,56.8425,-0.0003782381,2.2789e-06,21693597.680000026,227669842.43658015,56.82,56.821,6730.121099999999,19713.775799999996,-2635592.55,-149766382.22498,157252644.08786,7.882352941176471,4.0,13.0,5e-05,56.973,56.966,0.0001,56.957,18.0,0.18405555555555556,0.4444444444444444,0.2222222222222222,183420562378.61417,71901809218.364,49.0,57.0,49.0,33.0,0.0,57.0,58.0,49.0,27.0,61.0,56.0,24.0,55.0,29,Fear,4316.28,-4.77211e-05,-9.77211e-05,-0.1454999999999984,True,11,4,0,europe,0.0007573422570561483,-0.002977218306570485,0.25
HYPE,1786104000,1786107480.0,56.5075,56.508,56.5345,-0.0003396156,1.25e-05,21687316.860000025,231230495.7013198,56.507,56.508,41255.91877999999,4739.7294999999995,-2629031.87,-148756080.45812398,155583489.427324,7.882352941176471,3.0,14.0,5e-05,56.604,56.584,0.0001,56.574,15.0,0.23947333333333334,0.4,0.2,183420562378.61417,71901809218.364,49.0,60.0,48.0,38.0,0.0,55.0,63.0,51.0,37.0,64.0,58.0,36.0,56.0,29,Fear,4351.79,-3.7500000000000003e-05,-8.75e-05,-0.0765000000000029,True,12,4,0,europe,-0.005508575250129821,-0.012103059607865434,0.25
HYPE,1786107600,1786111080.0,56.3035,56.304,56.3165,-0.0002024274,1.10073e-05,21835015.340000037,226402776.94098035,56.305,56.307,22338.91989,21182.16476,-2625967.7800000003,-148140438.97534,154716052.12426,7.882352941176471,3.0,14.0,5e-05,56.283,56.253,0.0001,56.267,6.0,-0.16149999999999998,0.16666666666666666,0.5,183420562378.61417,71901809218.364,53.0,67.0,49.0,43.0,14.0,53.0,59.0,54.0,38.0,68.0,60.0,25.0,53.0,29,Fear,4338.52,-3.8992700000000004e-05,-8.89927e-05,0.050499999999999545,True,13,4,0,us,-0.0036101402468698973,0.0021046103924667707,0.5
HYPE,1786111200,1786114740.0,55.8995,55.899,55.895,4.47267e-05,1.25e-05,21886018.240000017,217844077.39588976,55.9,55.901,12586.092399999998,44245.45406,-2634674.81,-147230635.52572,153207231.513,7.882352941176471,3.0,14.0,5e-05,55.898,55.863,0.0001,55.878,12.0,0.2803583333333333,0.5,0.08333333333333333,183420562378.61417,71901809218.364,52.0,62.0,54.0,49.0,14.0,57.0,60.0,51.0,37.0,69.0,60.0,34.0,60.0,29,Fear,4333.59,-3.7500000000000003e-05,-8.75e-05,0.03650000000000375,True,14,4,0,us,-0.007175397621817403,-0.005679264837588957,0.25
HYPE,1786114800,1786118340.0,55.7385,55.739,55.7402,-2.15284e-05,1.25e-05,21832009.34000004,217361698.31652004,55.738,55.739,2382.06706,31010.726419999995,-2643977.6100000003,-147302090.54848802,152406487.89773202,7.882352941176471,3.0,14.0,5e-05,55.778,55.764,0.0001,55.767,14.0,0.10837142857142858,0.2857142857142857,0.21428571428571427,183420562378.61417,71901809218.364,49.0,64.0,47.0,49.0,13.0,52.0,63.0,49.0,40.0,75.0,62.0,42.0,74.0,29,Fear,4334.27,-3.7500000000000003e-05,-8.75e-05,-0.025500000000000966,True,15,4,0,us,-0.002880168874498046,-0.0015250906537020912,0.25
HYPE,1786118400,1786121940.0,55.178,55.174,55.1635,0.0002247863,1.25e-05,21757241.480000056,218657963.72253975,55.165,55.166,7065.22925,77816.33896,-2629621.52,-145169520.103706,151062857.108486,7.882352941176471,3.0,14.0,5e-05,55.146,55.097,3.309e-05,55.121,13.0,0.10056153846153847,0.46153846153846156,0.38461538461538464,183420562378.61417,71901809218.364,48.0,63.0,47.0,47.0,14.0,52.0,62.0,47.0,33.0,76.0,59.0,31.0,60.0,29,Fear,4323.43,-3.7500000000000003e-05,-2.0590000000000004e-05,0.08099999999999596,True,16,4,0,us,-0.01005588596750906,-0.007513599697009405,0.25
HYPE,1786122000,1786125540.0,54.081,54.077,54.086,-7.21074e-05,1.25e-05,21707667.26000003,262124527.62860972,54.076,54.077,8222.60295,46304.411510000005,-2587611.61,-139550215.02008,149086676.67180002,7.882352941176471,3.0,14.0,5e-05,54.189,54.156,3.309e-05,54.168,10.0,0.10527,0.2,0.2,183420562378.61417,71901809218.364,49.0,64.0,45.0,51.0,18.0,54.0,65.0,49.0,35.0,75.0,69.0,26.0,49.0,29,Fear,4333.53,-3.7500000000000003e-05,-2.0590000000000004e-05,-0.07499999999999574,True,17,4,0,us,-0.019881112037406057,-0.017944261666002312,0.25
HYPE,1786125600,1786129140.0,54.0145,54.003,54.025,-0.0001425266,-2.0657e-06,21783888.980000045,280696484.59751,54.014,54.015,4548.67182,36818.175839999996,-2585962.67,-139587029.979819,149173332.777519,7.882352941176471,3.0,14.0,5e-05,54.042,54.039,3.309e-05,54.042,19.0,0.18577894736842104,0.5263157894736842,0.15789473684210525,183420562378.61417,71901809218.364,54.0,63.0,56.0,59.0,40.0,57.0,61.0,57.0,75.0,76.0,61.0,42.0,46.0,29,Fear,4329.11,-5.2065700000000005e-05,-3.5155700000000006e-05,-0.024500000000003297,True,18,4,0,us,-0.001229637025942698,0.00027487082166615913,0.5
HYPE,1786129200,1786131540.0,54.4655,54.474,54.493,-0.0004954765,1.25e-05,21802681.880000025,287770248.32574856,54.465,54.466,19821.73772,12878.575540000002,-2593485.57,-141281036.536362,150976896.78269202,7.882352941176471,3.0,14.0,5e-05,54.625,54.613,3.309e-05,54.627,16.0,0.2313625,0.5,0.1875,183420562378.61417,71901809218.364,50.0,69.0,51.0,51.0,0.0,57.0,85.0,56.0,38.0,77.0,60.0,34.0,45.0,29,Fear,4337.34,-3.7500000000000003e-05,-2.0590000000000004e-05,-0.14750000000000085,True,19,4,0,us,0.008349609826990845,0.0010821308611587421,1.0
HYPE,1786132800,1786136340.0,54.3005,54.301,54.344,-0.0007912557,1.3711e-06,21857179.580000017,294123126.6573691,54.3,54.301,45095.67419,14385.69178,-2592609.01,-140835404.21644002,150515451.99673998,7.882352941176471,3.0,14.0,4.653e-05,54.361,54.352,3.309e-05,54.358,0.0,,,,183420562378.61417,71901809218.364,58.0,70.0,28.0,57.0,65.0,36.0,68.0,70.0,47.0,82.0,46.0,43.0,46.0,29,Fear,4335.34,-4.51589e-05,-3.1718900000000006e-05,-0.051499999999997215,True,20,4,0,us,-0.003029440655093585,-0.0031716324436228496,0.25
HYPE,1786136400,1786139940.0,54.0225,54.021,54.0391,-0.0002720253,4.6542e-06,21780775.22000002,300666189.9430606,54.022,54.023,18554.81201,18013.75376,-2577764.41,-139319355.3588,148994391.61246002,7.882352941176471,3.0,14.0,4.653e-05,54.039,54.035,3.309e-05,54.036,10.0,0.11979999999999999,0.4,0.2,183420562378.61417,71901809218.364,52.0,67.0,18.0,49.0,26.0,19.0,75.0,55.0,48.0,86.0,31.0,43.0,45.0,29,Fear,4338.28,-4.1875799999999996e-05,-2.8435800000000003e-05,-0.012499999999995737,True,21,4,0,us,-0.005119658198359134,-0.0038152750899699515,0.25
HYPE,1786140000,1786143540.0,54.1745,54.174,54.209,-0.0006272021,2.3814e-06,21794840.56,306178936.2975701,54.174,54.175,11231.072779999999,8070.33362,-2579253.76,-139723312.00438,149442257.43581998,7.882352941176471,3.0,14.0,4.653e-05,54.206,54.209,3.309e-05,54.212,9.0,0.3612777777777778,0.5555555555555556,0.1111111111111111,183420562378.61417,71901809218.364,54.0,70.0,19.0,55.0,35.0,22.0,77.0,59.0,53.0,90.0,37.0,37.0,51.0,29,Fear,4343.73,-4.41486e-05,-3.0708600000000006e-05,-0.03450000000000131,True,22,4,0,us,0.002813642463788346,0.004225160568850423,1.0
HYPE,1786143600,1786147080.0,54.0595,54.06,54.093,-0.0006082118,-1.64869e-05,21782062.44000001,304457080.6499395,54.059,54.06,7212.0371,15114.35166,-2572790.08,-139088256.257413,148892203.55963302,7.882352941176471,3.0,14.0,4.653e-05,54.087,54.103,3.309e-05,54.092,23.0,0.07764347826086956,0.391304347826087,0.2608695652173913,183420562378.61417,71901809218.364,54.0,74.0,18.0,55.0,0.0,26.0,85.0,59.0,64.0,93.0,38.0,57.0,50.0,29,Fear,4344.47,-6.30169e-05,-4.95769e-05,-0.04350000000000165,True,23,4,0,us,-0.00212276993788596,-0.003190388467284159,0.25
HYPE,1786147200,1786150740.0,54.0215,54.022,54.0435,-0.0003978277,8.1904e-06,21750471.420000006,303713698.57768047,54.021,54.022,8767.480319999999,15371.781410000001,-2562633.1,-138438565.32819998,148241625.42104,7.882352941176471,3.0,14.0,-5.969e-05,53.984,53.985,8.19e-05,53.979,0.0,,,,183416069330.6819,72129802847.59998,55.0,74.0,19.0,52.0,0.0,28.0,93.0,55.0,51.0,83.0,42.0,34.0,74.0,30,Fear,4344.58,6.78804e-05,-7.37096e-05,0.03650000000000375,True,0,5,1,asia,-0.0007029291798850146,-0.000674872880148473,0.25
HYPE,1786150800,1786154340.0,54.1595,54.158,54.185,-0.0004613823,1.25e-05,21766906.700000003,303404703.02080935,54.159,54.16,59512.920889999994,26017.30122,-2563550.55,-138834644.41800898,148628055.928929,7.882352941176471,3.0,14.0,-5.969e-05,54.182,54.185,8.19e-05,54.178,0.0,,,,183416069330.6819,72129802847.59998,45.0,68.0,16.0,44.0,0.0,24.0,91.0,49.0,50.0,74.0,30.0,35.0,100.0,30,Fear,4338.15,7.219e-05,-6.939999999999999e-05,-0.025500000000000966,True,1,5,1,asia,0.002554538470793899,0.002444326598063068,0.75
HYPE,1786154400,1786157940.0,54.1135,54.1076,54.1335,-0.0003602206,9.84e-06,21769793.600000024,302394727.83630884,54.113,54.114,11999.629470000002,22469.154329999998,-2564078.45,-138742284.92949998,148527290.58789998,7.882352941176471,3.0,14.0,-5.969e-05,54.123,54.131,8.19e-05,54.114,11.0,0.15474545454545455,0.45454545454545453,0.09090909090909091,183416069330.6819,72129802847.59998,44.0,62.0,15.0,40.0,36.0,24.0,75.0,51.0,49.0,76.0,29.0,39.0,100.0,30,Fear,4338.74,6.953e-05,-7.206e-05,-0.017499999999998295,True,2,5,1,asia,-0.0008493431438620913,-0.0008766909417195734,0.25
HYPE,1786158000,1786161540.0,54.3515,54.352,54.376,-0.0003622922,3.666e-06,21799134.100000035,303155654.56918967,54.351,54.352,14595.426739999999,3072.18888,-2564977.41,-139416241.93454,149261612.25856,7.882352941176471,3.0,14.0,-5.969e-05,54.351,54.351,8.19e-05,54.335,5.0,-0.008520000000000017,0.2,0.4,183416069330.6819,72129802847.59998,44.0,66.0,13.0,46.0,33.0,23.0,69.0,54.0,64.0,77.0,37.0,0.0,92.0,30,Fear,4340.33,6.3356e-05,-7.8234e-05,0.0005000000000023874,True,3,5,1,asia,0.004398163120108656,0.0013061743019436227,0.75
HYPE,1786161600,1786165140.0,54.2285,54.23,54.2505,-0.0003963097,1.25e-05,21823440.66000005,296927799.378041,54.228,54.229,1938.9797199999998,48003.037809999994,-2566078.98,-139166161.32234,148996713.65996,7.882352941176471,3.0,14.0,-4.53e-06,54.236,54.235,8.19e-05,54.226,6.0,0.04803333333333332,0.3333333333333333,0.16666666666666666,183416069330.6819,72129802847.59998,42.0,61.0,11.0,34.0,28.0,20.0,59.0,49.0,35.0,71.0,30.0,33.0,74.0,30,Fear,4333.27,1.703e-05,-6.939999999999999e-05,-0.006500000000002615,True,4,5,1,asia,-0.0022630470180217133,-0.0014144112751206988,0.5
HYPE,1786165200,1786168740.0,54.3905,54.39,54.4306,-0.0005107421,-7.89e-07,21825818.920000024,292745521.7510793,54.394,54.395,50757.52174,1764.83657,-2565191.7199999997,-139534701.66676,149442826.3892,7.882352941176471,3.0,14.0,-4.53e-06,54.431,54.435,8.19e-05,54.413,8.0,0.1515,0.375,0.25,183416069330.6819,72129802847.59998,43.0,54.0,16.0,37.0,0.0,21.0,54.0,62.0,39.0,69.0,28.0,31.0,57.0,30,Fear,4336.92,3.741e-06,-8.2689e-05,-0.04449999999999932,True,5,5,1,asia,0.002987359045520499,0.0031612005346064297,1.0
HYPE,1786168800,1786172340.0,54.3355,54.336,54.35,-0.0002575897,1.13264e-05,21832424.400000032,290107897.5670898,54.335,54.336,6317.66272,67709.64223,-2562135.04,-139274990.12052,149143515.50646,7.882352941176471,3.0,14.0,-4.53e-06,54.364,54.359,8.19e-05,54.344,8.0,0.41168750000000004,0.75,0.125,183416069330.6819,72129802847.59998,47.0,56.0,47.0,33.0,0.0,20.0,51.0,81.0,26.0,74.0,27.0,39.0,57.0,30,Fear,4337.99,1.58564e-05,-7.05736e-05,-0.023499999999998522,True,6,5,1,asia,-0.0010112060010479818,-0.001413785536776073,0.25
HYPE,1786172400,1786175880.0,54.3585,54.359,54.377,-0.0003310223,1.25e-05,21829662.16000003,288915728.59573,54.358,54.359,15067.986560000001,10018.58562,-2558155.58,-139091632.51653,148963257.34063,7.882352941176471,3.0,14.0,-4.53e-06,54.393,54.392,8.19e-05,54.385,5.0,0.49326,0.8,0.2,183416069330.6819,72129802847.59998,43.0,50.0,25.0,33.0,0.0,21.0,50.0,71.0,30.0,67.0,26.0,37.0,55.0,30,Fear,4338.71,1.703e-05,-6.939999999999999e-05,-0.03350000000000364,True,7,5,1,asia,0.00042329600353352426,0.0018781812098706142,0.75
HYPE,1786176000,1786179540.0,54.6325,54.637,54.7,-0.0012248629,-1.49524e-05,21882448.619999994,287931583.4043896,54.628,54.629,8967.523640000001,120523.51924,-2557855.66,-139565005.70114,149492493.58098,7.882352941176471,3.0,14.0,4.469e-05,54.64,54.678,7.288e-05,54.625,11.0,0.21943636363636365,0.5454545454545454,0.18181818181818182,183416069330.6819,72129802847.59998,40.0,49.0,20.0,30.0,0.0,19.0,45.0,60.0,30.0,59.0,25.0,25.0,56.0,30,Fear,4341.81,-5.96424e-05,-8.78324e-05,-0.04549999999999699,True,8,5,1,europe,0.0050406100241913165,0.003997765257612123,1.0
HYPE,1786179600,1786183080.0,54.5925,54.603,54.632,-0.0007138673,1.701e-06,21854876.560000006,280475010.6944494,54.581,54.584,4944.7049,6994.3301200000005,-2552872.12,-139389264.55058,149168323.919312,7.882352941176471,3.0,14.0,4.469e-05,54.62,54.627,7.288e-05,54.611,11.0,0.012572727272727275,0.18181818181818182,0.18181818181818182,183416069330.6819,72129802847.59998,39.0,47.0,11.0,27.0,0.0,20.0,45.0,49.0,0.0,60.0,21.0,20.0,53.0,30,Fear,4342.75,-4.2989e-05,-7.117899999999999e-05,-0.03450000000000131,True,9,5,1,europe,-0.0007321649201482705,-0.0007037672438090719,0.25
HYPE,1786183200,1786186740.0,54.7975,54.797,54.825,-0.0004705882,1.21636e-05,21867877.30000001,275394571.81065106,54.797,54.798,8288.2991,9660.063199999999,-2554372.3,-139637511.30285,149294403.77029002,7.882352941176471,3.0,14.0,4.469e-05,54.811,54.81,7.288e-05,54.804,9.0,-0.09861111111111111,0.1111111111111111,0.3333333333333333,183416069330.6819,72129802847.59998,41.0,56.0,16.0,31.0,34.0,26.0,47.0,55.0,28.0,60.0,27.0,30.0,55.0,30,Fear,4338.86,-3.25264e-05,-6.0716399999999994e-05,-0.012500000000002842,True,10,5,1,europe,0.0037550945642716993,0.0030379028897402106,1.0
HYPE,1786186800,1786190280.0,54.5525,54.551,54.5615,-0.0001557875,1.25e-05,21886213.49999998,267736723.22055006,54.552,54.553,4968.48516,40781.96924,-2561854.9299999997,-139807032.480147,148650912.557207,7.882352941176471,3.0,14.0,4.469e-05,54.528,54.536,7.288e-05,54.519,3.0,0.3932666666666667,0.6666666666666666,0.0,183416069330.6819,72129802847.59998,42.0,56.0,17.0,33.0,28.0,25.0,54.0,48.0,39.0,63.0,31.0,15.0,60.0,30,Fear,4340.24,-3.219e-05,-6.0379999999999994e-05,0.016500000000000625,True,11,5,1,europe,-0.004471006889000373,-0.0030516194615793166,0.25
HYPE,1786190400,1786193880.0,54.5005,54.502,54.5215,-0.0003448181,1.25e-05,21877437.380000018,256953427.75266975,54.5,54.501,4144.55098,53119.88862000001,-2562091.12,-139691411.05151,148459754.37763,7.882352941176471,3.0,14.0,4.758e-05,54.634,54.634,7.288e-05,54.624,17.0,0.051435294117647065,0.23529411764705882,0.17647058823529413,183416069330.6819,72129802847.59998,44.0,57.0,16.0,30.0,0.0,28.0,59.0,50.0,33.0,65.0,30.0,28.0,59.0,30,Fear,4341.24,-3.508e-05,-6.0379999999999994e-05,-0.13349999999999795,True,12,5,1,europe,-0.0009532102103477769,-0.0020437781156511887,0.5
HYPE,1786194000,1786197480.0,54.3365,54.342,54.359,-0.0004047168,1.25e-05,21917496.459999997,243076104.3376398,54.336,54.337,14920.04267,12167.831890000001,-2566722.92,-139470997.30327,147875277.59677,7.882352941176471,3.0,14.0,4.758e-05,54.359,54.359,7.288e-05,54.351,14.0,-0.1475357142857143,0.21428571428571427,0.42857142857142855,183416069330.6819,72129802847.59998,45.0,54.0,22.0,30.0,0.0,28.0,58.0,45.0,43.0,71.0,34.0,16.0,62.0,30,Fear,4342.23,-3.508e-05,-6.0379999999999994e-05,-0.022500000000000853,True,13,5,1,us,-0.0030091467050761267,-0.0033803332798703857,0.25
HYPE,1786197600,1786201140.0,54.6265,54.634,54.6465,-0.000356839,1.25e-05,21934471.31999999,219056572.99568,54.623,54.624,120274.82383,194157.78595999998,-2573795.54,-140675668.598791,148606321.691105,7.882352941176471,3.0,14.0,4.758e-05,54.636,54.636,7.288e-05,54.625,9.0,0.06016666666666665,0.3333333333333333,0.3333333333333333,183416069330.6819,72129802847.59998,42.0,57.0,19.0,36.0,0.0,25.0,58.0,47.0,42.0,77.0,28.0,35.0,63.0,30,Fear,4342.61,-3.508e-05,-6.0379999999999994e-05,-0.009500000000002728,True,14,5,1,us,0.005337112254193865,0.002168529893898106,0.75
HYPE,1786201200,1786204680.0,54.7395,54.74,54.7561,-0.0002830735,1.25e-05,21920292.739999995,211247786.30035084,54.745,54.746,9674.521549999998,28206.375640000002,-2574735.4299999997,-140932036.73571,148919565.49609,7.882352941176471,3.0,14.0,4.758e-05,54.747,54.741,7.288e-05,54.73,16.0,0.33274375,0.625,0.125,183416069330.6819,72129802847.59998,45.0,55.0,25.0,41.0,0.0,20.0,61.0,48.0,14.0,74.0,26.0,20.0,83.0,30,Fear,4345.18,-3.508e-05,-6.0379999999999994e-05,-0.0015000000000000568,True,15,5,1,us,0.002068593082112047,0.0030500089133139842,1.0
HYPE,1786204800,1786208340.0,54.9695,54.964,54.987,-0.0002837034,1.25e-05,21898711.060000017,190874329.94697037,54.965,54.969,35857.74959,26094.03671,-2574566.94,-141567957.376588,149565715.961968,7.882352941176471,3.0,14.0,5e-05,55.05,55.03,6.927e-05,55.021,5.0,0.12332000000000001,0.2,0.0,183416069330.6819,72129802847.59998,47.0,54.0,44.0,37.0,0.0,23.0,62.0,53.0,10.0,80.0,28.0,30.0,66.0,30,Fear,4341.26,-3.7500000000000003e-05,-5.677000000000001e-05,-0.06050000000000466,True,16,5,1,us,0.004201719051142083,0.00444684354912777,1.0
HYPE,1786208400,1786211940.0,54.9765,54.976,55.016,-0.0007088847,-1.3572e-06,21890339.02,140625029.25400954,54.976,54.977,44420.52541,13682.831569999998,-2573107.86,-141470555.15004998,149799341.83843,7.882352941176471,3.0,14.0,5e-05,55.015,55.019,6.927e-05,55.0,8.0,0.4247625,0.75,0.25,183416069330.6819,72129802847.59998,44.0,55.0,22.0,37.0,0.0,24.0,62.0,54.0,17.0,79.0,28.0,23.0,53.0,30,Fear,4341.65,-5.1357200000000004e-05,-7.06272e-05,-0.042499999999996874,True,17,5,1,us,0.00012734334494601818,-0.0005682210259157149,0.25
HYPE,1786212000,1786215540.0,54.7845,54.781,54.8165,-0.0005655232,-6.1798e-06,21893629.45999999,120167382.5219601,54.784,54.785,3833.53935,30164.81784,-2572390.4,-140758257.199375,149159463.269517,7.882352941176471,3.0,14.0,5e-05,54.815,54.819,6.927e-05,54.807,12.0,0.18500000000000003,0.5,0.08333333333333333,183416069330.6819,72129802847.59998,48.0,57.0,24.0,40.0,58.0,29.0,62.0,56.0,19.0,78.0,35.0,29.0,54.0,30,Fear,4343.12,-5.61798e-05,-7.54498e-05,-0.03450000000000131,True,18,5,1,us,-0.003492401298736736,-0.001466356341294361,0.5
HYPE,1786215600,1786219140.0,54.9665,54.967,54.996,-0.0005273111,-1.1221e-06,21893990.460000027,108337323.76943971,54.966,54.967,5743.37614,31278.30539,-2567781.16,-141055113.37265,149625390.92801,7.882352941176471,3.0,14.0,5e-05,54.933,54.946,6.927e-05,54.939,17.0,0.0877235294117647,0.35294117647058826,0.23529411764705882,183416069330.6819,72129802847.59998,49.0,55.0,23.0,43.0,19.0,29.0,63.0,58.0,9.0,83.0,39.0,35.0,54.0,30,Fear,4342.28,-5.11221e-05,-7.03921e-05,0.020500000000005514,True,19,5,1,us,0.0033221075304146197,0.002220200761296877,1.0
HYPE,1786219200,1786222740.0,55.1185,55.119,55.151,-0.0005675328,7.9756e-06,21875941.98,102462070.13600996,55.118,55.119,78613.44381,14351.2883,-2568015.37,-141563329.16586,150121688.51038,7.882352941176471,3.0,14.0,5e-05,,55.158,6.927e-05,,9.0,0.3802333333333333,0.5555555555555556,0.0,183416069330.6819,72129802847.59998,53.0,62.0,27.0,47.0,31.0,30.0,63.0,64.0,13.0,79.0,47.0,23.0,52.0,30,Fear,4342.72,-4.2024400000000004e-05,-6.12944e-05,-0.039500000000003865,True,20,5,1,us,0.0027653206953324183,0.002955361782874425,1.0
HYPE,1786222800,1786226340.0,55.0775,55.0773,55.102,-0.0004010744,8.2274e-06,21870877.08000001,94421222.22151023,55.077,55.078,16220.652320000001,18686.343640000003,-2561241.42,-141090632.32243,149745012.58603,7.882352941176471,3.0,14.0,5e-05,,55.13,6.927e-05,,16.0,0.024531249999999994,0.3125,0.3125,183416069330.6819,72129802847.59998,58.0,71.0,27.0,46.0,23.0,42.0,77.0,64.0,19.0,85.0,48.0,41.0,48.0,30,Fear,4342.97,-4.17726e-05,-6.10426e-05,-0.05250000000000199,True,21,5,1,us,-0.0007438518827616036,0.0009800504045795282,0.5
HYPE,1786226400,1786229940.0,55.0105,55.011,55.045,-0.0006176764,6.063e-07,21888936.379999988,89697922.13558978,55.01,55.011,6873.25201,63132.08667,-2557525.53,-140609971.92334,149417515.96457,7.882352941176471,3.0,14.0,5e-05,,55.019,6.927e-05,,10.0,0.06808,0.1,0.0,183416069330.6819,72129802847.59998,57.0,68.0,30.0,53.0,32.0,38.0,74.0,68.0,17.0,86.0,48.0,35.0,50.0,30,Fear,4342.98,-4.93937e-05,-6.866370000000001e-05,-0.008499999999997954,True,22,5,1,us,-0.0012164677045980454,0.0005934097906314802,0.75
HYPE,1786230000,1786233480.0,55.0735,55.074,55.106,-0.000580699,-9.777e-07,21881812.620000012,86558448.19929998,55.073,55.074,51333.886979999996,33779.47319,-2554415.05,-140681854.4637,149675296.57278,7.882352941176471,3.0,14.0,5e-05,,55.108,6.927e-05,,9.0,-0.026544444444444457,0.2222222222222222,0.2222222222222222,183416069330.6819,72129802847.59998,57.0,68.0,29.0,52.0,32.0,40.0,86.0,70.0,19.0,86.0,47.0,25.0,51.0,30,Fear,4347.04,-5.0977700000000005e-05,-7.02477e-05,-0.0344999999999942,True,23,5,1,us,0.0011452359095083242,0.0007473703532669355,0.75
HYPE,1786233600,1786237140.0,55.1325,55.131,55.154,-0.0002774051,1.25e-05,21899410.319999997,84558613.23107994,55.133,55.134,13394.32933,1737.88449,-2554870.62,-140815029.34127402,149818619.141054,7.882352941176471,3.0,14.0,5e-05,,55.16,6.927e-05,,7.0,0.2637285714285714,0.42857142857142855,0.2857142857142857,183135442645.17242,72152411817.81174,55.0,72.0,33.0,55.0,53.0,33.0,92.0,73.0,18.0,86.0,50.0,30.0,69.0,31,Fear,4345.9,-3.7500000000000003e-05,-5.677000000000001e-05,-0.027499999999996305,True,0,6,1,asia,0.0010712956322005418,0.0007067613720778684,1.0
HYPE,1786237200,1786240740.0,55.1145,55.114,55.1435,-0.0005168334,1.00887e-05,21894542.640000004,83340863.5611199,55.112,55.113,9273.47439,24680.405519999997,-2555146.33,-140834585.799236,149711969.946356,7.882352941176471,3.0,14.0,5e-05,,55.156,6.927e-05,,6.0,0.01608333333333334,0.16666666666666666,0.16666666666666666,183135442645.17242,72152411817.81174,53.0,77.0,37.0,58.0,69.0,39.0,88.0,72.0,22.0,87.0,52.0,36.0,100.0,31,Fear,4344.33,-3.99113e-05,-5.918130000000001e-05,-0.041499999999999204,True,1,6,1,asia,-0.00032648619235475795,0.0025371313463813812,1.0
HYPE,1786240800,1786244280.0,54.8425,54.84,54.865,-0.0004009842,-1.0298e-05,21892166.599999998,84245166.47743993,54.837,54.839,7626.0391500000005,395482.80918,-2544467.5300000003,-139514051.57097,148854870.35677,7.882352941176471,3.0,14.0,5e-05,,54.867,6.927e-05,,4.0,0.10577500000000001,0.5,0.25,183135442645.17242,72152411817.81174,53.0,75.0,62.0,57.0,50.0,39.0,76.0,62.0,21.0,85.0,57.0,33.0,96.0,31,Fear,4347.27,-6.0298000000000004e-05,-7.956800000000001e-05,-0.02449999999999619,True,2,6,1,asia,-0.004935180397173111,-0.0034960322806739403,0.25
HYPE,1786244400,1786247940.0,54.7275,54.728,54.755,-0.000489453,2.9944e-06,21892492.90000001,83067271.38373986,54.727,54.728,9284.804979999999,566088.2210300001,-2541602.86,-139051533.21106,148525168.65186,7.882352941176471,3.0,14.0,5e-05,,54.73,6.927e-05,,3.0,0.25256666666666666,0.3333333333333333,0.0,183135442645.17242,72152411817.81174,52.0,71.0,39.0,53.0,52.0,36.0,61.0,61.0,14.0,79.0,43.0,35.0,91.0,31,Fear,4343.83,-4.70056e-05,-6.62756e-05,-0.0024999999999977263,True,3,6,1,asia,-0.002096913889775287,-0.0011754783877243689,0.25
HYPE,1786248000,1786251540.0,54.7805,54.784,54.8115,-0.0005564526,8.0443e-06,21893186.00000001,83571516.31235003,54.78,54.781,9341.306600000002,77622.78086,-2534114.44,-138823159.7878,148653930.1022,7.882352941176471,3.0,14.0,5e-05,,54.799,6.927e-05,,8.0,0.0920625,0.25,0.125,183135442645.17242,72152411817.81174,52.0,69.0,30.0,51.0,24.0,42.0,57.0,63.0,14.0,80.0,46.0,34.0,78.0,31,Fear,4345.52,-4.19557e-05,-6.12257e-05,-0.018499999999995964,True,4,6,1,asia,0.0009684345164679975,0.0010529601953982333,1.0
HYPE,1786251600,1786255140.0,54.6525,54.653,54.6855,-0.0005650492,-7.7011e-06,21895395.520000026,82601576.13729988,54.652,54.653,66890.5205,48836.674300000006,-2532361.0300000003,-138333079.8283,148221460.36044002,7.882352941176471,3.0,14.0,5e-05,,54.704,6.927e-05,,5.0,0.07379999999999998,0.4,0.4,183135442645.17242,72152411817.81174,53.0,57.0,38.0,45.0,28.0,36.0,52.0,66.0,14.0,73.0,38.0,24.0,63.0,31,Fear,4346.5,-5.77011e-05,-7.697110000000001e-05,-0.051499999999997215,True,5,6,1,asia,-0.0023365978769818163,-0.0025885667176652064,0.25
HYPE,1786255200,1786258740.0,54.7395,54.74,54.77,-0.0004929706,1.9705e-06,21892953.36000003,82589367.03890996,54.739,54.74,18172.53803,3754.2495999999996,-2531730.7,-138621393.00725,148481497.04273,7.882352941176471,3.0,14.0,5e-05,,54.744,6.927e-05,,4.0,0.10972500000000002,0.5,0.25,183135442645.17242,72152411817.81174,53.0,68.0,16.0,39.0,49.0,31.0,47.0,24.0,9.0,75.0,35.0,31.0,64.0,31,Fear,4346.62,-4.8029500000000005e-05,-6.72995e-05,-0.0045000000000001705,True,6,6,1,asia,0.0015918759434609964,-0.00017008721644967044,0.5
HYPE,1786258800,1786262280.0,54.7505,54.748,54.7735,-0.0003213233,1.25e-05,21895234.200000018,82088004.42805007,54.75,54.751,25265.419729999998,1538.0758700000001,-2533600.2199999997,-138681066.854018,148345797.605358,7.882352941176471,3.0,14.0,5e-05,,54.774,6.927e-05,,10.0,0.20118,0.5,0.2,183135442645.17242,72152411817.81174,50.0,58.0,11.0,39.0,25.0,31.0,44.0,20.0,11.0,67.0,29.0,38.0,63.0,31,Fear,4354.53,-3.7500000000000003e-05,-5.677000000000001e-05,-0.023499999999998522,True,7,6,1,asia,0.0002009517807068928,0.0010760866049248372,1.0
HYPE,1786262400,1786265940.0,54.5885,54.5898,54.63,-0.0007505034,-4.4599e-06,21901745.800000053,75724017.0860398,54.588,54.589,4413.46825,17171.04675,-2534616.62,-138294931.13692,147829663.791632,7.882352941176471,3.0,14.0,5e-05,,54.628,6.927e-05,,10.0,0.16663,0.3,0.2,183135442645.17242,72152411817.81174,44.0,51.0,8.0,35.0,0.0,28.0,44.0,19.0,0.0,60.0,31.0,15.0,59.0,31,Fear,4350.73,-5.4459900000000004e-05,-7.372990000000001e-05,-0.03949999999999676,True,8,6,1,europe,-0.0029588770878804516,-0.0027899941868515686,0.25
HYPE,1786266000,1786269540.0,54.5285,54.5359,54.56,-0.0005480205,-6.8348e-06,21920750.100000013,73300250.38380025,54.528,54.529,16311.88281,7353.63846,-2529754.74,-137935425.33754998,147557190.70647,7.882352941176471,3.0,14.0,5e-05,,54.568,6.927e-05,,6.0,0.28063333333333335,0.6666666666666666,0.0,183135442645.17242,72152411817.81174,44.0,48.0,8.0,36.0,26.0,29.0,41.0,20.0,8.0,63.0,29.0,20.0,54.0,31,Fear,4347.52,-5.68348e-05,-7.61048e-05,-0.03949999999999676,True,9,6,1,europe,-0.0010991326011889901,-0.0021478238941154758,0.25
HYPE,1786269600,1786273080.0,54.4655,54.469,54.49,-0.0004404478,1.25e-05,21918767.759999994,71988641.09096982,54.465,54.466,15611.378960000002,18386.647350000003,-2525116.35,-137613428.38449,147293282.88913,7.882352941176471,3.0,14.0,5e-05,,54.508,6.927e-05,,4.0,0.504475,0.75,0.0,183135442645.17242,72152411817.81174,45.0,51.0,7.0,32.0,0.0,34.0,44.0,18.0,9.0,58.0,28.0,24.0,57.0,31,Fear,4348.59,-3.7500000000000003e-05,-5.677000000000001e-05,-0.04250000000000398,True,10,6,1,europe,-0.001155359124127786,-0.0034432379653482584,0.25
HYPE,1786273200,1786276740.0,54.2245,54.223,54.233,-0.0001475117,1.25e-05,21878614.440000005,75090373.72969984,54.216,54.217,9164.15477,68687.99899000001,-2519559.01,-136584233.53833,146751288.74245,7.882352941176471,3.0,14.0,5e-05,,54.23,6.927e-05,,7.0,0.07875714285714286,0.2857142857142857,0.14285714285714285,183135442645.17242,72152411817.81174,47.0,61.0,6.0,37.0,0.0,25.0,53.0,17.0,5.0,62.0,28.0,34.0,62.0,31,Fear,4351.05,-3.7500000000000003e-05,-5.677000000000001e-05,-0.00549999999999784,True,11,6,1,europe,-0.004424819381076084,-0.004424819381076084,0.25
HYPE,1786276800,1786280340.0,54.1465,54.139,54.1555,-6.09356e-05,1.25e-05,21882083.98,72998142.91634972,54.148,54.149,11755.898309999999,24794.13351,-2518475.48,-136403567.95488602,146678747.12585598,7.882352941176471,3.0,14.0,5e-05,,54.162,6.927e-05,,0.0,,,,183135442645.17242,72152411817.81174,45.0,64.0,18.0,36.0,24.0,29.0,55.0,54.0,8.0,65.0,33.0,15.0,65.0,31,Fear,4353.99,-3.7500000000000003e-05,-5.677000000000001e-05,-0.01549999999999585,True,12,6,1,europe,-0.0014384641628782946,-0.0008826721377512432,0.5
HYPE,1786280400,1786283880.0,54.4605,54.461,54.4695,-0.0001450353,1.25e-05,21887347.90000003,73565923.95145977,54.46,54.461,7766.15453,32517.437420000002,-2520561.19,-137426708.25755,147566134.03588998,7.882352941176471,3.0,14.0,5e-05,,54.475,6.927e-05,,11.0,-0.08142727272727274,0.2727272727272727,0.36363636363636365,183135442645.17242,72152411817.81174,46.0,61.0,19.0,37.0,28.0,23.0,58.0,52.0,11.0,71.0,27.0,20.0,61.0,31,Fear,4354.53,-3.7500000000000003e-05,-5.677000000000001e-05,-0.014499999999998181,True,13,6,1,us,0.005799082119804622,-0.004004864838989777,1.0
HYPE,1786284000,1786287540.0,54.6225,54.623,54.6565,-0.0006001116,1.25e-05,21888612.78000001,73955430.1867696,54.622,54.623,10366.891829999999,339862.43741,-2525376.8899999997,-137913191.899552,147549042.964324,7.882352941176471,3.0,14.0,5e-05,,54.657,6.927e-05,,17.0,0.0695764705882353,0.35294117647058826,0.17647058823529413,183135442645.17242,72152411817.81174,43.0,61.0,17.0,37.0,28.0,25.0,53.0,47.0,9.0,72.0,28.0,18.0,68.0,31,Fear,4355.47,-3.7500000000000003e-05,-5.677000000000001e-05,-0.0344999999999942,True,14,6,1,us,0.002974632990883297,0.000602284284251799,0.75
HYPE,1786287600,1786291080.0,54.8715,54.8566,54.888,-0.0002459554,1.25e-05,21868622.579999994,73755173.0880002,54.871,54.872,62480.97994999999,6267.36294,-2531318.4,-138857289.86281,147943343.928794,7.882352941176471,3.0,14.0,5e-05,,54.855,6.927e-05,,11.0,0.08628181818181818,0.36363636363636365,0.09090909090909091,183135442645.17242,72152411817.81174,44.0,60.0,18.0,36.0,21.0,24.0,58.0,50.0,9.0,71.0,30.0,23.0,84.0,31,Fear,4358.0,-3.7500000000000003e-05,-5.677000000000001e-05,0.016500000000000625,True,15,6,1,us,0.004558561032541375,0.006594334514091732,0.75
HYPE,1786291200,1786294740.0,54.8555,54.856,54.877,-0.0003535179,1.15811e-05,21852984.380000006,72970694.8208502,54.855,54.856,15236.12714,12650.841309999998,-2536859.15,-139161945.5324,147347599.54296,7.882352941176471,3.0,14.0,5e-05,,54.886,6.927e-05,,3.0,-0.3223333333333333,0.0,0.3333333333333333,183135442645.17242,72152411817.81174,45.0,62.0,20.0,41.0,27.0,23.0,60.0,52.0,9.0,75.0,30.0,22.0,67.0,31,Fear,4356.58,-3.8418900000000006e-05,-5.76889e-05,-0.030500000000003524,True,16,6,1,us,-0.0002915903520042118,-0.00035191050706605054,0.75
HYPE,1786294800,1786298280.0,54.6765,54.677,54.7075,-0.0005575104,3.8893e-06,21845342.360000003,67699201.67465,54.676,54.677,3715.6579199999996,13344.55996,-2539170.87,-138932230.21811998,146848983.53926,7.882352941176471,3.0,14.0,5e-05,,54.719,6.927e-05,,8.0,-0.011637500000000009,0.125,0.25,183135442645.17242,72152411817.81174,46.0,62.0,18.0,39.0,18.0,26.0,63.0,51.0,12.0,80.0,28.0,25.0,56.0,31,Fear,4353.78,-4.61107e-05,-6.538070000000001e-05,-0.04250000000000398,True,17,6,1,us,-0.003263118556935951,-0.0023211475180970297,0.25
HYPE,1786298400,1786301880.0,54.5625,54.556,54.5767,-0.0001539118,1.15956e-05,21844346.640000004,65614197.34270008,54.564,54.565,13979.544650000002,16567.563059999997,-2540295.15,-138602105.216723,146470111.17074698,7.882352941176471,3.0,14.0,5e-05,,54.639,6.927e-05,,6.0,-0.0899,0.16666666666666666,0.16666666666666666,183135442645.17242,72152411817.81174,53.0,67.0,22.0,48.0,72.0,31.0,66.0,63.0,16.0,82.0,31.0,26.0,55.0,31,Fear,4353.96,-3.84044e-05,-5.7674400000000005e-05,-0.0765000000000029,True,18,6,1,us,-0.002084990809579912,-0.002084990809579912,0.25
HYPE,1786302000,1786305480.0,54.6955,54.6925,54.7195,-0.000429463,6.8762e-06,21846484.680000015,65049911.14763998,54.695,54.696,6470.5103500000005,8026.0591,-2541684.91,-138982952.461912,146799220.737454,7.882352941176471,3.0,14.0,5e-05,,54.687,6.927e-05,,5.0,-0.22523999999999997,0.0,0.4,183135442645.17242,72152411817.81174,50.0,64.0,20.0,43.0,21.0,26.0,67.0,61.0,12.0,78.0,29.0,23.0,57.0,31,Fear,4357.03,-4.31238e-05,-6.23938e-05,0.008500000000005059,True,19,6,1,us,0.0024375715922109187,0.0025036482068284942,1.0
HYPE,1786305600,1786309140.0,54.6805,54.688,54.7165,-0.0006487988,8.3932e-06,21851356.220000006,63161594.818860024,54.68,54.681,6676.16318,44257.871139999996,-2544388.06,-139090993.8707,146741096.38092,7.882352941176471,3.0,14.0,5e-05,,54.693,6.927e-05,,6.0,0.16908333333333334,0.16666666666666666,0.0,183135442645.17242,72152411817.81174,55.0,72.0,23.0,52.0,30.0,31.0,72.0,67.0,17.0,85.0,34.0,28.0,55.0,31,Fear,4359.1,-4.16068e-05,-6.0876800000000006e-05,-0.012499999999995737,True,20,6,1,us,-0.0002742455960728085,0.0008796067115289003,0.75
HYPE,1786309200,1786312740.0,54.3235,54.325,54.353,-0.0005298696,9.941e-06,21872807.72000001,65196786.09875996,54.323,54.324,6443.01002,9980.68536,-2546754.85,-138434358.76471,145998086.85135,7.882352941176471,3.0,14.0,5e-05,,54.39,6.927e-05,,10.0,0.19906,0.3,0.1,183135442645.17242,72152411817.81174,55.0,75.0,19.0,53.0,23.0,34.0,73.0,52.0,7.0,88.0,35.0,36.0,52.0,31,Fear,4347.29,-4.0059000000000004e-05,-5.932900000000001e-05,-0.06649999999999778,True,21,6,1,us,-0.006528835690968404,-0.007741321341852056,0.25
HYPE,1786312800,1786316340.0,54.0785,54.08,54.1045,-0.0004491308,4.237e-07,21844095.340000007,79023458.95710997,54.069,54.074,2327.01205,54582.85343,-2546584.66,-137688700.67043,144860940.38611,7.882352941176471,4.0,13.0,5e-05,,54.056,6.927e-05,,7.0,-0.24475714285714287,0.14285714285714285,0.42857142857142855,183135442645.17242,72152411817.81174,62.0,79.0,19.0,56.0,39.0,42.0,81.0,73.0,17.0,92.0,42.0,46.0,50.0,31,Fear,4338.32,-4.95763e-05,-6.88463e-05,0.022500000000000853,True,22,6,1,us,-0.004510018684363182,-0.002085531844314563,0.5
HYPE,1786316400,1786319880.0,53.8155,53.816,53.846,-0.0005571444,-5.0864e-06,21830420.22,83614900.42834006,53.722,53.757,14934.566909999998,16025.989589999997,-2546243.87,-136838937.87203,143856857.23053,7.882352941176471,4.0,13.0,5e-05,,53.866,6.927e-05,,6.0,-0.11695,0.16666666666666666,0.16666666666666666,183135442645.17242,72152411817.81174,66.0,86.0,33.0,59.0,61.0,42.0,87.0,68.0,19.0,93.0,49.0,29.0,49.0,31,Fear,4330.07,-5.50864e-05,-7.43564e-05,-0.050499999999999545,True,23,6,1,us,-0.004863300572316098,-0.0005221712354994352,0.75
HYPE,1786320000,1786323480.0,54.0475,54.047,54.0715,-0.0003976217,7.5711e-06,21828645.2,87543962.96555997,54.043,54.045,11655.975180000001,19942.16831,-2536536.34,-137138131.28909,144213658.23295,7.882352941176471,4.0,13.0,5e-05,,53.986,6.927e-05,,7.0,0.04181428571428571,0.42857142857142855,0.2857142857142857,183137749619.77078,72178217059.14728,60.0,78.0,32.0,67.0,70.0,53.0,100.0,87.0,20.0,86.0,53.0,38.0,75.0,30,Fear,4328.0,-4.24289e-05,-6.16989e-05,0.06150000000000233,True,0,0,0,asia,0.004311025633878751,0.001765319883389818,0.75
HYPE,1786323600,1786327140.0,54.3435,54.343,54.3744,-0.0004983963,1.26e-08,21813156.639999997,88632102.83768,54.352,54.353,20225.7308,15238.01204,-2534831.69,-137744854.296804,145016327.796804,7.882352941176471,2.0,15.0,5e-05,,54.41,6.927e-05,,12.0,0.17770833333333333,0.5833333333333334,0.25,183137749619.77078,72178217059.14728,54.0,83.0,32.0,63.0,49.0,45.0,94.0,77.0,21.0,83.0,58.0,26.0,97.0,30,Fear,4319.39,-4.99874e-05,-6.92574e-05,-0.06649999999999778,True,1,0,0,asia,0.0054766640455155,0.0008321460255741146,0.75
HYPE,1786327200,1786330740.0,54.3305,54.3358,54.3585,-0.0003145782,4.034e-06,21814298.159999996,88283711.92569003,54.33,54.331,107286.67126,4550.040260000001,-2534501.3,-137808527.49418,145091195.01476002,7.882352941176471,2.0,15.0,5e-05,,54.35,6.927e-05,,6.0,0.06696666666666666,0.3333333333333333,0.16666666666666666,183137749619.77078,72178217059.14728,52.0,76.0,29.0,58.0,38.0,47.0,79.0,70.0,15.0,80.0,57.0,24.0,90.0,30,Fear,4314.79,-4.5966e-05,-6.523600000000001e-05,-0.01950000000000074,True,2,0,0,asia,-0.00023921904183565879,0.0017903861680410946,1.0
HYPE,1786330800,1786334340.0,54.0325,54.032,54.075,-0.000776699,-2.4567e-06,21807699.080000002,89925229.67665994,54.032,54.033,6465.96579,76579.37864,-2532835.6799999997,-137085594.156154,144486584.49613398,7.882352941176471,4.0,13.0,5e-05,,54.096,6.927e-05,,5.0,0.4255,0.6,0.0,183137749619.77078,72178217059.14728,57.0,75.0,27.0,55.0,88.0,48.0,72.0,83.0,12.0,92.0,53.0,39.0,78.0,30,Fear,4321.71,-5.24567e-05,-7.17267e-05,-0.06349999999999767,True,3,0,0,asia,-0.005484948601614192,-0.002418350478699848,0.25
HYPE,1786334400,1786337940.0,53.9095,53.911,53.944,-0.0006302833,-1.00272e-05,21821886.90000001,88944180.49255018,53.909,53.91,7201.691870000001,24404.18281,-2527742.7800000003,-136477802.18012,144029167.565052,7.882352941176471,4.0,13.0,5e-05,,53.966,6.927e-05,,9.0,-0.0059666666666666635,0.2222222222222222,0.4444444444444444,183137749619.77078,72178217059.14728,56.0,73.0,36.0,47.0,100.0,50.0,64.0,81.0,12.0,72.0,55.0,23.0,72.0,30,Fear,4332.3,-6.00272e-05,-7.929720000000001e-05,-0.05649999999999977,True,4,0,0,asia,-0.002276407717577311,-0.002902296418248291,0.25
HYPE,1786338000,1786341480.0,54.2575,54.232,54.2655,-5.5284e-06,1.25e-05,21819601.359999992,89140144.06011994,54.255,54.256,29863.69431,18299.05489,-2527187.86,-137124737.36532998,144776147.24151,7.882352941176471,3.0,14.0,5e-05,,54.29,6.927e-05,,14.0,0.16584285714285715,0.35714285714285715,0.07142857142857142,183137749619.77078,72178217059.14728,50.0,71.0,35.0,47.0,40.0,45.0,60.0,74.0,14.0,71.0,51.0,31.0,59.0,30,Fear,4341.88,-3.7500000000000003e-05,-5.677000000000001e-05,-0.03249999999999886,True,5,0,0,asia,0.006455262987043131,0.0032281119036201475,1.0
HYPE,1786341600,1786345140.0,54.6665,54.657,54.6645,2.74401e-05,-1.736e-07,21781156.539999973,95730297.65340987,54.666,54.667,568018.97208,130021.42605000001,-2532157.55,-138422540.23035002,146141114.60066998,7.882352941176471,3.0,14.0,5e-05,,54.67,6.927e-05,,10.0,0.22134,0.5,0.2,183137749619.77078,72178217059.14728,60.0,62.0,51.0,50.0,35.0,51.0,59.0,91.0,10.0,68.0,44.0,33.0,59.0,30,Fear,4352.09,-5.0173600000000004e-05,-6.944360000000001e-05,-0.003500000000002501,True,6,0,0,asia,0.007538128369349861,0.003468044396163855,1.0
HYPE,1786345200,1786348680.0,54.7475,54.747,54.7625,-0.0002647797,1.25e-05,21750682.820000004,101406807.71191,54.767,54.768,16468.23277,7833.76004,-2539380.63,-138928773.781375,145987896.30221498,7.882352941176471,3.0,14.0,5e-05,,54.756,6.927e-05,,9.0,0.22707777777777782,0.4444444444444444,0.1111111111111111,183137749619.77078,72178217059.14728,57.0,57.0,40.0,44.0,47.0,47.0,50.0,79.0,15.0,68.0,44.0,26.0,53.0,30,Fear,4349.01,-3.7500000000000003e-05,-5.677000000000001e-05,-0.008499999999997954,True,7,0,0,asia,0.0014817118344874203,0.003619356887489143,1.0
HYPE,1786348800,1786352280.0,54.7045,54.704,54.7295,-0.0004476562,1.1336e-05,21735392.260000017,103679760.92165989,54.704,54.705,20243.672590000002,18928.247349999998,-2545221.89,-139235927.28052998,145620816.66991,7.882352941176471,3.0,14.0,5e-05,,54.744,6.927e-05,,9.0,-0.006755555555555558,0.2222222222222222,0.1111111111111111,183137749619.77078,72178217059.14728,49.0,53.0,31.0,47.0,33.0,48.0,51.0,73.0,13.0,67.0,44.0,14.0,49.0,30,Fear,4340.81,-3.8664e-05,-5.7934000000000005e-05,-0.03949999999999676,True,8,0,0,europe,-0.0007854239919631301,-0.0020942687514051575,0.25
HYPE,1786352400,1786355940.0,54.4965,54.496,54.5254,-0.0005208582,1.9576e-06,21644020.880000006,106987818.37222019,54.496,54.497,8717.348179999999,92814.77394,-2549117.31,-138962597.98915,144851795.07421,7.882352941176471,3.0,14.0,5e-05,,54.493,6.927e-05,,8.0,-0.003724999999999992,0.25,0.25,183137749619.77078,72178217059.14728,48.0,54.0,37.0,43.0,17.0,44.0,49.0,64.0,9.0,64.0,43.0,25.0,51.0,30,Fear,4335.24,-4.80424e-05,-6.731240000000001e-05,0.0034999999999953957,True,9,0,0,europe,-0.0038022466159092216,0.0025182992428126804,1.0
HYPE,1786356000,1786359540.0,54.4615,54.462,54.4885,-0.0004863412,3.8689e-06,21636063.840000022,106982370.02193996,54.461,54.462,1366.33271,78984.75522,-2548280.07,-138839298.47525,144581261.20155,7.882352941176471,3.0,14.0,5e-05,,54.499,6.927e-05,,12.0,0.015750000000000004,0.25,0.25,183137749619.77078,72178217059.14728,49.0,57.0,37.0,37.0,27.0,50.0,53.0,65.0,11.0,67.0,55.0,21.0,56.0,30,Fear,4331.09,-4.61311e-05,-6.54011e-05,-0.03750000000000142,True,10,0,0,europe,-0.0006422430798307399,-0.0015171629176230412,0.25
HYPE,1786359600,1786363140.0,54.7245,54.725,54.7375,-0.0001881708,1.25e-05,21632858.12000001,105684075.01931997,54.724,54.725,20155.76163,15678.9006,-2546911.54,-139269150.88915,144938183.220344,7.882352941176471,3.0,14.0,5e-05,,54.782,6.927e-05,,11.0,0.020045454545454536,0.2727272727272727,0.2727272727272727,183137749619.77078,72178217059.14728,53.0,59.0,41.0,39.0,46.0,43.0,57.0,61.0,7.0,68.0,47.0,39.0,60.0,30,Fear,4329.23,-3.7500000000000003e-05,-5.677000000000001e-05,-0.05749999999999744,True,11,0,0,europe,0.004829099455578634,0.0021573187609001143,1.0
HYPE,1786363200,1786366740.0,54.7835,54.795,54.8295,-0.0008097831,7.7832e-06,21616885.080000013,112218880.5494601,54.789,54.79,10884.4344,17429.790739999997,-2543613.84,-139306554.708294,145096204.831534,7.882352941176471,3.0,14.0,5e-05,,54.746,6.927e-05,,6.0,-0.15306666666666666,0.3333333333333333,0.5,183137749619.77078,72178217059.14728,49.0,70.0,37.0,43.0,17.0,44.0,62.0,75.0,7.0,74.0,50.0,21.0,58.0,30,Fear,4326.9,-4.2216800000000005e-05,-6.14868e-05,0.037499999999994316,True,12,0,0,europe,0.0010781277124505273,0.005591882042250831,1.0
HYPE,1786366800,1786370340.0,54.6725,54.668,54.6765,-5.66971e-05,1.16618e-05,21604471.9,116746982.99909993,54.684,54.685,30055.954609999993,8900.53298,-2534415.4299999997,-137957840.81142,143726081.4628,7.882352941176471,3.0,14.0,5e-05,,54.631,6.927e-05,,17.0,-0.004935294117647064,0.17647058823529413,0.29411764705882354,183137749619.77078,72178217059.14728,51.0,77.0,36.0,51.0,33.0,44.0,59.0,54.0,9.0,78.0,49.0,20.0,59.0,30,Fear,4313.83,-3.83382e-05,-5.760820000000001e-05,0.041499999999999204,True,13,0,0,us,-0.002026157510929383,0.0032214073556327567,1.0
HYPE,1786370400,1786373940.0,54.2995,54.312,54.324,-0.0004417937,1.25e-05,21596516.26,122282273.00556964,54.293,54.294,10286.66592,64749.39912,-2524572.12,-137119552.92402,141438055.2028,7.882352941176471,3.0,14.0,5e-05,,54.336,6.927e-05,,8.0,-0.16972500000000001,0.0,0.375,183137749619.77078,72178217059.14728,50.0,76.0,33.0,67.0,20.0,39.0,61.0,53.0,9.0,79.0,44.0,23.0,64.0,30,Fear,4339.3,-3.7500000000000003e-05,-5.677000000000001e-05,-0.036499999999996646,True,14,0,0,us,-0.006822442727147937,-0.00720607426376727,0.25
HYPE,1786374000,1786377540.0,54.3055,54.306,54.3105,-8.28569e-05,1.25e-05,21565558.119999997,130866740.11787994,54.305,54.306,26864.21838,10480.73899,-2500229.7,-135759184.576356,138907932.571776,7.882352941176471,3.0,14.0,5e-05,,54.316,6.927e-05,,14.0,0.1977357142857143,0.2857142857142857,0.14285714285714285,183137749619.77078,72178217059.14728,54.0,83.0,39.0,70.0,25.0,42.0,64.0,63.0,9.0,82.0,53.0,24.0,78.0,30,Fear,4353.05,-3.7500000000000003e-05,-5.677000000000001e-05,-0.010500000000000398,True,15,0,0,us,0.00011049825504838573,0.004826446032447809,1.0
HYPE,1786377600,1786381080.0,54.0935,54.093,54.089,3.69761e-05,1.25e-05,21544116.040000014,133245235.8917501,54.093,54.094,14868.082240000002,16426.40886,-2498501.1399999997,-134976350.93488002,138057929.76248002,7.882352941176471,3.0,14.0,5e-05,,54.211,6.927e-05,,13.0,0.20755384615384614,0.38461538461538464,0.15384615384615385,183137749619.77078,72178217059.14728,56.0,85.0,46.0,71.0,26.0,46.0,66.0,63.0,10.0,83.0,49.0,44.0,67.0,30,Fear,4348.17,-3.7500000000000003e-05,-5.677000000000001e-05,-0.11749999999999972,True,16,0,0,us,-0.003903840310834128,0.0017248136931671716,0.5
HYPE,1786381200,1786384680.0,54.9785,54.976,54.981,-3.63762e-05,1.25e-05,21540767.299999997,146764690.49305996,54.978,54.979,7677.638349999999,6789.957560000001,-2482772.1799999997,-136516622.835796,139949170.940916,7.882352941176471,3.0,14.0,5e-05,,54.978,6.927e-05,,14.0,0.17035714285714285,0.2857142857142857,0.0,183137749619.77078,72178217059.14728,56.0,84.0,41.0,89.0,27.0,55.0,64.0,68.0,14.0,88.0,55.0,37.0,58.0,30,Fear,4351.37,-3.7500000000000003e-05,-5.677000000000001e-05,0.000499999999995282,True,17,0,0,us,0.016360560880697372,0.015045403162352287,1.0
HYPE,1786384800,1786388340.0,54.9255,54.926,54.906,0.0003369395,1.25e-05,21540243.12000003,157120958.68389937,54.925,54.926,4120.24691,101031.98147000001,-2476513.29,-135716909.79489,138715108.84389,7.882352941176471,2.0,15.0,5e-05,,54.91,6.927e-05,,17.0,0.2781470588235294,0.4117647058823529,0.0,183137749619.77078,72178217059.14728,61.0,84.0,46.0,100.0,63.0,53.0,70.0,71.0,18.0,88.0,56.0,35.0,56.0,30,Fear,4373.43,-3.7500000000000003e-05,-5.677000000000001e-05,0.015500000000002956,True,18,0,0,us,-0.0009640132051619288,-0.000620629697192796,0.5
HYPE,1786388400,1786391880.0,55.7595,55.76,55.7452,0.0001829754,1.25e-05,21512063.900000017,169714250.87711072,55.759,55.761,4647.32212,16167.098620000002,-2474356.01,-137930132.898188,140964008.61866802,7.882352941176471,2.0,15.0,5e-05,,55.832,6.927e-05,,11.0,0.06323636363636363,0.2727272727272727,0.18181818181818182,183137749619.77078,72178217059.14728,60.0,86.0,42.0,98.0,21.0,48.0,68.0,67.0,15.0,89.0,52.0,24.0,56.0,30,Fear,4381.13,-3.7500000000000003e-05,-5.677000000000001e-05,-0.07249999999999801,True,19,0,0,us,0.015184204058224404,0.013168852546481143,1.0
HYPE,1786392000,1786395540.0,55.4435,55.461,55.4455,-2.70536e-05,1.25e-05,21495428.060000025,178824393.63080993,55.444,55.445,20163.141700000004,40990.6167,-2476469.5700000003,-137574164.531576,140611316.432776,7.882352941176471,2.0,15.0,5e-05,,55.443,6.927e-05,,10.0,0.15339,0.5,0.1,183137749619.77078,72178217059.14728,61.0,87.0,45.0,99.0,43.0,54.0,71.0,71.0,16.0,91.0,59.0,44.0,56.0,30,Fear,4383.85,-3.7500000000000003e-05,-5.677000000000001e-05,0.0005000000000023874,True,20,0,0,us,-0.005667195724495477,-0.007753410290615368,0.25
HYPE,1786395600,1786399140.0,55.2315,55.232,55.2445,-0.0001592919,1.25e-05,21487468.540000007,178607605.42506954,55.247,55.249,29066.755380000002,5620.27702,-2475474.86,-136614052.58802998,139639268.16801,7.882352941176471,2.0,15.0,5e-05,,55.219,6.927e-05,,21.0,0.00023333333333333935,0.23809523809523808,0.14285714285714285,183137749619.77078,72178217059.14728,61.0,91.0,44.0,93.0,61.0,59.0,74.0,77.0,24.0,97.0,65.0,30.0,53.0,30,Fear,4384.05,-3.7500000000000003e-05,-5.677000000000001e-05,0.012499999999995737,True,21,0,0,us,-0.0038237124279673074,-0.0012382628736097097,0.25
HYPE,1786399200,1786402740.0,55.1675,55.168,55.1607,0.0001142117,1.25e-05,21487010.840000015,164126950.39873004,55.167,55.168,18365.9363,11893.10009,-2475159.92,-136608692.85236,139636037.90604,7.882352941176471,2.0,15.0,5e-05,,55.172,6.927e-05,,12.0,0.0418,0.25,0.25,183137749619.77078,72178217059.14728,65.0,95.0,52.0,67.0,63.0,67.0,83.0,80.0,16.0,100.0,72.0,61.0,51.0,30,Fear,4393.39,-3.7500000000000003e-05,-5.677000000000001e-05,-0.0045000000000001705,True,22,0,0,us,-0.0011587590414889881,-0.0012830266536315354,0.5
HYPE,1786402800,1786406340.0,55.0415,55.041,55.0397,0.0,1.25e-05,21480756.02000001,159580441.91095984,55.041,55.042,25094.79988,2165.49351,-2475056.42,-136232055.46964002,139253350.47988,7.882352941176471,2.0,15.0,5e-05,,55.055,6.927e-05,,8.0,0.1555625,0.375,0.125,183137749619.77078,72178217059.14728,65.0,99.0,47.0,72.0,90.0,61.0,87.0,85.0,25.0,100.0,68.0,41.0,48.0,30,Fear,4397.13,-3.7500000000000003e-05,-5.677000000000001e-05,-0.013500000000000512,True,23,0,0,us,-0.00228395341460097,-0.0016773709165037926,0.5
HYPE,1786406400,1786409880.0,54.8895,54.89,54.8826,0.0,1.25e-05,21480603.380000025,156175689.3870298,54.889,54.89,16994.05583,15068.24526,-2475769.23,-135880655.72531998,138897327.122932,7.882352941176471,2.0,15.0,5e-05,,54.867,6.927e-05,,9.0,0.05574444444444445,0.2222222222222222,0.2222222222222222,183095396895.77423,72231795398.6715,68.0,99.0,49.0,90.0,75.0,72.0,96.0,100.0,20.0,99.0,78.0,52.0,73.0,29,Fear,4406.35,-3.7500000000000003e-05,-5.677000000000001e-05,0.022500000000000853,True,0,1,0,asia,-0.0027615526466393536,-0.003952250986411734,0.25
HYPE,1786410000,1786413540.0,55.3865,55.3937,55.3915,-7.76292e-05,1.25e-05,21506600.060000002,166125354.32669023,55.378,55.379,17008.21192,33696.64237,-2473131.4,-136908037.52479,139929009.27699,7.882352941176471,2.0,15.0,5e-05,,55.368,6.927e-05,,7.0,0.14787142857142857,0.5714285714285714,0.14285714285714285,183095396895.77423,72231795398.6715,65.0,100.0,52.0,74.0,66.0,71.0,86.0,84.0,25.0,94.0,71.0,34.0,99.0,29,Fear,4424.79,-3.7500000000000003e-05,-5.677000000000001e-05,0.018499999999995964,True,1,1,0,asia,0.009054555060621805,0.008587039799604991,1.0
HYPE,1786413600,1786417140.0,55.2305,55.231,55.225,9.05387e-05,1.25e-05,21495091.200000014,164178250.26618993,55.23,55.231,48602.64303,8769.08654,-2473115.71,-136592653.77901,139617795.93575,7.882352941176471,2.0,15.0,5e-05,,55.222,6.927e-05,,6.0,-0.062266666666666665,0.0,0.16666666666666666,183095396895.77423,72231795398.6715,61.0,94.0,56.0,74.0,100.0,77.0,79.0,82.0,22.0,93.0,77.0,76.0,94.0,29,Fear,4406.57,-3.7500000000000003e-05,-5.677000000000001e-05,0.008499999999997954,True,2,1,0,asia,-0.0028165708250205146,-0.002275544878360583,0.25
HYPE,1786417200,1786420740.0,55.4055,55.406,55.411,-1.44376e-05,1.25e-05,21488299.24000002,162901418.93223026,55.405,55.406,7536.45154,16679.63457,-2473602.87,-137052440.61522,140083861.33638,7.882352941176471,2.0,15.0,5e-05,,55.393,6.927e-05,,10.0,-0.27431,0.1,0.5,183095396895.77423,72231795398.6715,63.0,93.0,52.0,65.0,52.0,72.0,77.0,86.0,15.0,94.0,79.0,36.0,88.0,29,Fear,4412.43,-3.7500000000000003e-05,-5.677000000000001e-05,0.012500000000002842,True,3,1,0,asia,0.003168539122405223,0.00168838716062078,1.0
HYPE,1786420800,1786424340.0,55.5815,55.5781,55.5815,0.0,1.25e-05,21495947.920000073,164100136.1396793,55.581,55.582,34454.74152,42455.9516,-2477514.6399999997,-137585483.99133,140623355.36927,7.882352941176471,2.0,15.0,5e-05,,55.561,6.927e-05,,7.0,0.04721428571428571,0.14285714285714285,0.14285714285714285,183095396895.77423,72231795398.6715,59.0,88.0,48.0,63.0,56.0,78.0,68.0,77.0,20.0,82.0,80.0,37.0,82.0,29,Fear,4404.78,-3.7500000000000003e-05,-5.677000000000001e-05,0.02049999999999841,True,4,1,0,asia,0.0031765799424243735,0.0046627784271370595,1.0
HYPE,1786424400,1786427940.0,55.3345,55.333,55.3285,4.51847e-05,1.25e-05,21489941.460000012,163258255.26132008,55.325,55.331,2711.2141300000003,211644.73653000002,-2478087.7800000003,-137040732.32178,140073189.20126,7.882352941176471,2.0,15.0,5e-05,55.354,55.319,6.927e-05,55.321,5.0,-0.047679999999999986,0.2,0.6,183095396895.77423,72231795398.6715,60.0,78.0,54.0,56.0,42.0,76.0,62.0,87.0,14.0,80.0,81.0,36.0,67.0,29,Fear,4373.22,-3.7500000000000003e-05,-5.677000000000001e-05,0.01549999999999585,True,5,1,0,asia,-0.004443924687171141,-0.004014633839169583,0.25
HYPE,1786428000,1786431480.0,55.0645,55.064,55.066,-3.632e-06,1.25e-05,21473637.17999999,157394306.85386005,55.064,55.065,6675.19773,18159.695849999996,-2478609.34,-136558558.33651,139584484.40915,7.882352941176471,2.0,15.0,5e-05,,55.087,6.927e-05,,5.0,0.4753,0.6,0.0,183095396895.77423,72231795398.6715,77.0,84.0,78.0,48.0,45.0,87.0,59.0,92.0,12.0,78.0,85.0,38.0,60.0,29,Fear,4365.57,-3.7500000000000003e-05,-5.677000000000001e-05,-0.022500000000000853,True,6,1,0,asia,-0.004879415193053127,-0.0038210251614302655,0.25
HYPE,1786431600,1786435140.0,55.0255,55.024,55.0235,3.6348e-06,1.25e-05,21494031.980000008,154455150.8150698,55.025,55.026,45185.41648,8775.80261,-2478580.58,-136365061.6977,139385240.81915998,7.882352941176471,2.0,15.0,5e-05,,55.053,6.927e-05,,8.0,0.20713749999999997,0.375,0.125,183095396895.77423,72231795398.6715,100.0,73.0,70.0,51.0,42.0,83.0,57.0,95.0,9.0,75.0,83.0,29.0,55.0,29,Fear,4357.23,-3.7500000000000003e-05,-5.677000000000001e-05,-0.027499999999996305,True,7,1,0,asia,-0.0007082603129058285,-0.002321124770043803,0.5
HYPE,1786435200,1786438740.0,55.1705,55.17,55.175,-7.24966e-05,1.25e-05,21498128.140000004,152318757.4634803,55.17,55.171,17094.53886,60097.739669999995,-2479409.4299999997,-136733516.20618,139755011.72562,7.882352941176471,2.0,15.0,5e-05,,55.184,6.927e-05,,12.0,-0.0005250000000000116,0.3333333333333333,0.5,183095396895.77423,72231795398.6715,89.0,68.0,63.0,50.0,28.0,77.0,53.0,79.0,11.0,69.0,79.0,25.0,52.0,29,Fear,4370.05,-3.7500000000000003e-05,-5.677000000000001e-05,-0.013500000000000512,True,8,1,0,europe,0.0026351418887606837,0.0013330077319006102,0.75
HYPE,1786438800,1786442340.0,55.2395,55.239,55.239,0.0,1.25e-05,21506813.119999986,149441997.06881,55.239,55.24,4519.25933,5607.172509999999,-2481936.7800000003,-137066799.54953,140088503.63814998,7.882352941176471,2.0,15.0,5e-05,,55.258,6.927e-05,,11.0,0.24763636363636365,0.45454545454545453,0.09090909090909091,183095396895.77423,72231795398.6715,85.0,68.0,62.0,50.0,48.0,75.0,53.0,81.0,14.0,71.0,79.0,29.0,50.0,29,Fear,4374.28,-3.7500000000000003e-05,-5.677000000000001e-05,-0.01850000000000307,True,9,1,0,europe,0.0012506683825594944,-0.0009082293551920355,0.5
HYPE,1786442400,1786445880.0,55.1465,55.146,55.1485,-2.71993e-05,1.25e-05,21518658.440000013,149983632.80441007,55.146,55.147,9333.51366,13658.72724,-2482384.48,-136907840.28221,139936236.59899,7.882352941176471,2.0,15.0,5e-05,,55.145,6.927e-05,,11.0,0.10109999999999998,0.2727272727272727,0.09090909090909091,183095396895.77423,72231795398.6715,83.0,69.0,63.0,45.0,32.0,78.0,55.0,72.0,12.0,70.0,74.0,18.0,58.0,29,Fear,4381.25,-3.7500000000000003e-05,-5.677000000000001e-05,0.0015000000000000568,True,10,1,0,europe,-0.0016835778745281083,-0.0009034496701478881,0.25
HYPE,1786446000,1786449540.0,55.3085,55.309,55.309,0.0,1.25e-05,21533494.740000036,147529827.7293801,55.305,55.306,50066.55727,4681.69865,-2484803.87,-137471871.645826,140501896.861326,7.882352941176471,2.0,15.0,5e-05,,55.299,6.927e-05,,9.0,-0.012388888888888882,0.3333333333333333,0.3333333333333333,183095396895.77423,72231795398.6715,55.0,68.0,63.0,47.0,42.0,75.0,62.0,71.0,9.0,76.0,80.0,31.0,63.0,29,Fear,4385.96,-3.7500000000000003e-05,-5.677000000000001e-05,0.009500000000002728,True,11,1,0,europe,0.002937629767981731,0.0003862283061736348,0.5
HYPE,1786449600,1786453140.0,54.9835,54.984,54.994,-0.000181838,1.25e-05,21513850.760000005,144160774.34517965,54.983,54.984,1758.2146,39349.498230000005,-2485507.55,-136752747.71976,139777405.00412,7.882352941176471,2.0,15.0,5e-05,,54.955,6.927e-05,,13.0,0.11203846153846155,0.23076923076923078,0.07692307692307693,183095396895.77423,72231795398.6715,54.0,73.0,50.0,49.0,27.0,61.0,63.0,69.0,12.0,72.0,65.0,21.0,62.0,29,Fear,4390.97,-3.7500000000000003e-05,-5.677000000000001e-05,0.02850000000000108,True,12,1,0,europe,-0.005876131155247433,-0.004696624316715583,0.25
HYPE,1786453200,1786456740.0,54.6345,54.634,54.645,-0.0001829994,1.25e-05,21486853.580000013,142523477.61879015,54.663,54.667,11979.95282,58541.974729999994,-2485378.2199999997,-135827904.00105,138832554.94513,7.882352941176471,2.0,15.0,5e-05,,54.711,6.927e-05,,10.0,0.25949999999999995,0.7,0.1,183095396895.77423,72231795398.6715,54.0,70.0,38.0,52.0,37.0,50.0,62.0,66.0,8.0,76.0,53.0,17.0,58.0,29,Fear,4386.1,-3.7500000000000003e-05,-5.677000000000001e-05,-0.0764999999999958,True,13,1,0,us,-0.0063473587530804565,-0.0037874289701953076,0.25
HYPE,1786456800,1786460340.0,54.286,54.288,54.289,-2.94719e-05,1.25e-05,21499424.94000001,144481951.08988953,54.285,54.286,15402.532640000001,14272.745899999998,-2488413.83,-135070788.69479698,138056124.977411,7.882352941176471,2.0,15.0,5e-05,,54.333,6.927e-05,,15.0,0.14442000000000002,0.4,0.2,183095396895.77423,72231795398.6715,51.0,80.0,38.0,52.0,22.0,44.0,62.0,56.0,9.0,72.0,49.0,22.0,66.0,29,Fear,4391.59,-3.7500000000000003e-05,-5.677000000000001e-05,-0.046999999999997044,True,14,1,0,us,-0.00637875335181981,0.0005434591364558636,1.0
HYPE,1786460400,1786463940.0,53.8995,53.894,53.8855,0.0002505312,1.25e-05,21520028.63999999,150178485.64737013,53.899,53.9,36741.08011,21629.04021,-2476696.87,-133478509.3149,136440478.93048,7.882352941176471,2.0,15.0,5e-05,53.896,53.867,6.927e-05,53.88,27.0,0.060925925925925925,0.2222222222222222,0.25925925925925924,183095396895.77423,72231795398.6715,56.0,86.0,37.0,55.0,35.0,43.0,64.0,64.0,9.0,81.0,49.0,30.0,82.0,29,Fear,4381.34,-3.7500000000000003e-05,-5.677000000000001e-05,0.03250000000000597,True,15,1,0,us,-0.00711969937000323,-0.005133838118086593,0.25
HYPE,1786464000,1786467480.0,53.9265,53.932,53.911,0.0002281538,1.25e-05,21548519.500000037,153350478.10196984,53.926,53.927,80283.70890000001,13562.81501,-2485116.95,-133955258.95585,136897452.87321,7.882352941176471,2.0,15.0,5e-05,53.941,53.903,4.1e-06,53.91,0.0,,,,183095396895.77423,72231795398.6715,53.0,79.0,28.0,56.0,29.0,39.0,63.0,60.0,10.0,77.0,41.0,22.0,68.0,29,Fear,4380.62,-3.7500000000000003e-05,8.400000000000001e-06,0.023499999999998522,True,16,1,0,us,0.0005009322906519564,0.002291606621585046,0.75
HYPE,1786467600,1786467600.0,53.9105,53.906,53.895,0.000278319,1.25e-05,21548797.36000005,153446282.16504976,53.91,53.911,119673.34382999998,3636.17061,-2486271.73,-134002598.45248,136947847.44684,7.882352941176471,2.0,15.0,5e-05,53.959,53.921,4.1e-06,53.94,0.0,,,,183095396895.77423,72231795398.6715,52.0,75.0,28.0,55.0,36.0,34.0,68.0,63.0,11.0,84.0,41.0,32.0,54.0,29,Fear,4367.85,-3.7500000000000003e-05,8.400000000000001e-06,-0.010500000000000398,True,17,1,0,us,-0.00029670013815097374,-0.00029670013815097374,0.25
HYPE,1786471200,1786474740.0,54.1065,54.107,54.082,0.0004141859,1.25e-05,21559866.98000002,136620395.57815018,54.106,54.107,35520.07348000001,4041.93747,-2497538.59,-135068964.46089,138011278.97391,7.882352941176471,2.0,15.0,5e-05,54.106,54.05,4.1e-06,54.07,12.0,0.29373333333333335,0.5833333333333334,0.0,183095396895.77423,72231795398.6715,55.0,73.0,35.0,54.0,55.0,41.0,64.0,64.0,16.0,82.0,49.0,29.0,54.0,29,Fear,4370.19,-3.7500000000000003e-05,8.400000000000001e-06,0.05649999999999977,True,18,1,0,us,0.003635655391806658,0.005959744465749756,0.75
HYPE,1786474800,1786478340.0,54.5115,54.5186,54.4995,0.0002110111,1.25e-05,21532196.500000015,131147259.0371399,54.513,54.514,29550.47092,9692.130519999999,-2501553.12,-136443128.946,139402469.58786,7.882352941176471,1.0,16.0,5e-05,54.569,54.523,4.1e-06,54.54,5.0,0.24855999999999998,0.4,0.0,183095396895.77423,72231795398.6715,55.0,74.0,32.0,59.0,28.0,36.0,65.0,73.0,8.0,80.0,42.0,32.0,58.0,29,Fear,4368.75,-3.7500000000000003e-05,8.400000000000001e-06,-0.011500000000005173,True,19,1,0,us,0.007485237448365822,0.004848824608952494,0.75
HYPE,1786478400,1786481940.0,54.6145,54.615,54.6,9.70696e-05,1.25e-05,21486196.659999996,128120120.5999802,54.614,54.615,2191.42391,60745.58220999999,-2499731.45,-136727261.67416,139701809.24332,7.882352941176471,2.0,15.0,5e-05,,54.619,4.1e-06,,11.0,0.022654545454545472,0.36363636363636365,0.2727272727272727,183095396895.77423,72231795398.6715,56.0,76.0,33.0,59.0,36.0,37.0,68.0,58.0,11.0,86.0,48.0,31.0,54.0,29,Fear,4368.72,-3.7500000000000003e-05,8.400000000000001e-06,-0.0045000000000001705,True,20,1,0,us,0.001889509553030022,-0.0014864643242047696,0.5
HYPE,1786482000,1786485540.0,54.6125,54.612,54.592,0.0002894197,1.25e-05,21487594.34000001,127492372.9385099,54.612,54.613,5542.71044,75087.26595,-2499728.12,-136604212.50254,139579872.41536,7.882352941176471,2.0,15.0,5e-05,,54.593,4.1e-06,,7.0,0.10644285714285714,0.42857142857142855,0.14285714285714285,183095396895.77423,72231795398.6715,52.0,80.0,31.0,54.0,23.0,35.0,73.0,58.0,14.0,88.0,45.0,28.0,49.0,29,Fear,4373.46,-3.7500000000000003e-05,8.400000000000001e-06,0.019499999999993634,True,21,1,0,us,-3.662031145579281e-05,0.0010106038582688933,0.5
HYPE,1786485600,1786489140.0,54.3325,54.333,54.302,0.0005524658,1.25e-05,21477378.20000004,128012520.44038996,54.347,54.356,7621.88625,64530.22232,-2502936.15,-135999548.61966,138960686.475396,7.882352941176471,2.0,15.0,5e-05,,54.301,4.1e-06,,7.0,-0.06718571428571429,0.14285714285714285,0.2857142857142857,183095396895.77423,72231795398.6715,53.0,93.0,33.0,66.0,28.0,40.0,83.0,63.0,8.0,92.0,47.0,31.0,49.0,29,Fear,4366.55,-3.7500000000000003e-05,8.400000000000001e-06,0.031500000000001194,True,22,1,0,us,-0.0051270313572898685,-0.005026059445093578,0.25
HYPE,1786489200,1786492740.0,54.4735,54.474,54.45,0.0004224059,1.25e-05,21473427.000000004,128598211.84656008,54.473,54.474,12058.193379999999,7476.11719,-2511060.6100000003,-136787615.86347002,139749445.46905,7.882352941176471,2.0,15.0,5e-05,,54.451,4.1e-06,,13.0,0.18137692307692307,0.3076923076923077,0.15384615384615385,183095396895.77423,72231795398.6715,49.0,84.0,31.0,50.0,38.0,46.0,86.0,49.0,13.0,95.0,48.0,29.0,47.0,29,Fear,4369.65,-3.7500000000000003e-05,8.400000000000001e-06,0.022500000000000853,True,23,1,0,us,0.002595131827175301,0.0036932749625398064,1.0
HYPE,1786492800,1786496340.0,54.3975,54.395,54.371,0.0004781961,1.25e-05,21506477.620000035,129442958.6331499,54.397,54.398,15979.126249999998,21067.00971,-2521924.82,-137156492.90551,140114745.84893,7.882352941176471,2.0,15.0,5e-05,,54.331,4.1e-06,,4.0,0.11105,0.25,0.25,183075804840.06546,72136441601.04942,88.0,84.0,36.0,59.0,75.0,61.0,93.0,62.0,15.0,88.0,55.0,40.0,66.0,27,Fear,4380.73,-3.7500000000000003e-05,8.400000000000001e-06,0.06649999999999778,True,0,2,0,asia,-0.0013951738001046765,-0.003644718242267291,0.25
HYPE,1786496400,1786499940.0,54.5575,54.553,54.538,0.0003483809,1.25e-05,21512059.48000002,125547521.74703003,54.557,54.558,63678.213130000004,20728.86533,-2532467.74,-138216359.36683398,141178467.15106398,7.882352941176471,2.0,15.0,5e-05,,54.512,4.1e-06,,4.0,0.300725,0.5,0.25,183075804840.06546,72136441601.04942,90.0,91.0,37.0,61.0,82.0,50.0,91.0,67.0,13.0,91.0,56.0,35.0,91.0,27,Fear,4395.13,-3.7500000000000003e-05,8.400000000000001e-06,0.04549999999999699,True,1,2,0,asia,0.0029413116411598494,0.0019222241731976378,1.0
HYPE,1786500000,1786501500.0,54.4625,54.462,54.459,5.50873e-05,1.25e-05,21516306.2,126346048.79594007,54.462,54.463,66008.81935,42902.30187,-2530220.1799999997,-137828290.10802,140789222.70078,7.882352941176471,2.0,15.0,5e-05,,54.499,4.1e-06,,19.0,0.10592631578947369,0.42105263157894735,0.21052631578947367,183075804840.06546,72136441601.04942,96.0,85.0,35.0,54.0,72.0,53.0,78.0,66.0,18.0,86.0,57.0,35.0,87.0,27,Fear,4409.6,-3.7500000000000003e-05,8.400000000000001e-06,-0.03650000000000375,True,2,2,0,asia,-0.0017412821335288653,-0.0016653597923293863,0.25
HYPE,1786503600,,,,,,,,,,,,,,,,,,,5e-05,,54.617,4.1e-06,,0.0,,,,183075804840.06546,72136441601.04942,91.0,84.0,34.0,52.0,51.0,50.0,72.0,63.0,13.0,84.0,54.0,35.0,85.0,27,Fear,4399.26,,,,False,3,2,0,asia,,,
HYPE,1786507200,,,,,,,,,,,,,,,,,,,5e-05,,54.481,4.1e-06,,0.0,,,,183075804840.06546,72136441601.04942,88.0,80.0,28.0,51.0,59.0,54.0,64.0,60.0,13.0,84.0,61.0,29.0,77.0,27,Fear,4398.94,,,,False,4,2,0,asia,,,
HYPE,1786510800,,,,,,,,,,,,,,,,,,,5e-05,,54.629,4.1e-06,,0.0,,,,183075804840.06546,72136441601.04942,73.0,72.0,42.0,44.0,34.0,51.0,58.0,70.0,11.0,90.0,68.0,25.0,59.0,27,Fear,4391.47,,,,False,5,2,0,asia,,,
HYPE,1786514400,,,,,,,,,,,,,,,,,,,5e-05,54.828,54.791,4.1e-06,54.81,0.0,,,,183075804840.06546,72136441601.04942,53.0,74.0,36.0,40.0,36.0,51.0,55.0,71.0,7.0,87.0,64.0,28.0,55.0,27,Fear,4402.99,,,,False,6,2,0,asia,,,
HYPE,1786518000,,,,,,,,,,,,,,,,,,,5e-05,55.159,55.113,4.1e-06,55.15,0.0,,,,183075804840.06546,72136441601.04942,65.0,61.0,45.0,41.0,27.0,74.0,54.0,69.0,11.0,83.0,65.0,38.0,53.0,27,Fear,4404.48,,,,False,7,2,0,asia,,,
HYPE,1786521600,1786525080.0,54.9885,54.9902,54.9905,-2.72774e-05,1.25e-05,21411807.599999998,129246911.33524011,54.988,54.989,10867.181989999997,29725.85798,-2519669.11,-138553938.65948,141537713.28518,7.882352941176471,2.0,15.0,5e-05,55.03,55.01,0.0001,55.03,13.0,0.015461538461538459,0.3076923076923077,0.3076923076923077,183075804840.06546,72136441601.04942,48.0,63.0,35.0,40.0,0.0,45.0,52.0,63.0,7.0,79.0,61.0,27.0,49.0,27,Fear,4400.18,-3.7500000000000003e-05,-8.75e-05,-0.021499999999996078,True,8,2,0,europe,,,
HYPE,1786525200,1786528740.0,55.2955,55.294,55.297,-1.80842e-05,1.25e-05,21411418.68,130861544.48784003,55.295,55.296,22176.60673,11599.31806,-2519791.35,-139322972.271314,142323059.93519402,7.882352941176471,1.0,16.0,5e-05,55.324,55.29,0.0001,55.31,5.0,-0.1407,0.2,0.2,183075804840.06546,72136441601.04942,48.0,60.0,35.0,39.0,25.0,46.0,52.0,63.0,4.0,77.0,56.0,23.0,49.0,27,Fear,4413.47,-3.7500000000000003e-05,-8.75e-05,0.00549999999999784,True,9,2,0,europe,0.005582985533338691,,0.5
HYPE,1786528800,1786532340.0,55.4945,55.497,55.5105,-0.0002792265,1.25e-05,21386406.880000025,132949574.41214003,55.494,55.495,18555.32477,25522.097459999997,-2519858.66,-139824437.18474,142835104.96752,7.882352941176471,1.0,16.0,5e-05,55.553,55.514,0.0001,55.53,13.0,0.18446153846153848,0.3076923076923077,0.0,183075804840.06546,72136441601.04942,48.0,66.0,36.0,41.0,23.0,61.0,54.0,63.0,8.0,78.0,60.0,24.0,56.0,27,Fear,4411.18,-3.7500000000000003e-05,-8.75e-05,-0.01950000000000074,True,10,2,0,europe,0.0035988461990579257,,1.0
HYPE,1786532400,1786535880.0,55.7235,55.724,55.7425,-0.0003318832,1.23719e-05,21347730.380000003,136061905.80485016,55.723,55.724,20206.8064,14032.323069999999,-2512068.81,-139901427.57187,142922946.75865,7.882352941176471,1.0,16.0,5e-05,55.789,55.764,0.0001,55.78,6.0,0.3490166666666667,0.8333333333333334,0.0,183075804840.06546,72136441601.04942,50.0,72.0,30.0,37.0,33.0,45.0,61.0,58.0,7.0,82.0,50.0,19.0,58.0,27,Fear,4412.23,-3.7628100000000007e-05,-8.76281e-05,-0.040500000000001535,True,11,2,0,europe,0.004126535062033199,,1.0
HYPE,1786536000,1786539480.0,55.7135,55.713,55.716,-3.23067e-05,1.25e-05,21314389.860000014,143025937.74180052,55.714,55.715,13230.39628,20145.5156,-2499511.58,-139198942.05184,142223949.88746,7.882352941176471,2.0,15.0,5e-05,55.823,55.783,0.0001,55.8,14.0,0.16347142857142855,0.35714285714285715,0.14285714285714285,183075804840.06546,72136441601.04942,49.0,70.0,38.0,36.0,0.0,44.0,64.0,53.0,6.0,82.0,56.0,26.0,56.0,27,Fear,4433.96,-3.7500000000000003e-05,-8.75e-05,-0.0694999999999979,True,12,2,0,europe,-0.00017945749997749783,,1.0
HYPE,1786539600,1786543140.0,55.9965,56.0137,56.0155,-0.0003213396,1.25e-05,21281012.140000045,154868892.4455698,55.995,55.997,2821.1343799999995,28682.41473,-2485749.89,-139392467.40118802,142436235.494574,7.882352941176471,2.0,15.0,5e-05,56.014,55.979,0.0001,55.99,19.0,0.13779473684210528,0.3684210526315789,0.2631578947368421,183075804840.06546,72136441601.04942,61.0,71.0,37.0,45.0,0.0,44.0,63.0,52.0,9.0,78.0,48.0,21.0,61.0,27,Fear,4421.51,-3.7500000000000003e-05,-8.75e-05,0.017499999999998295,True,13,2,0,us,0.0050795588142908965,,1.0
HYPE,1786543200,1786546740.0,55.8305,55.83,55.815,0.000268745,1.25e-05,21309477.58000001,167324056.8609102,55.83,55.831,707119.6483799999,36076.19241,-2488048.1,-138997548.185946,142028562.351226,7.882352941176471,1.0,16.0,5e-05,55.852,55.804,0.0001,55.84,9.0,-0.015066666666666685,0.3333333333333333,0.4444444444444444,183075804840.06546,72136441601.04942,74.0,74.0,33.0,57.0,37.0,58.0,59.0,51.0,8.0,72.0,42.0,22.0,68.0,27,Fear,4416.15,-3.7500000000000003e-05,-8.75e-05,0.026499999999998636,True,14,2,0,us,-0.0029644709937227676,,1.0
HYPE,1786546800,1786550340.0,56.4875,56.488,56.5005,-0.000203538,1.25e-05,21413672.42000005,161270922.7581301,56.488,56.489,26533.77894,73270.91823,-2505804.29,-141156150.502775,144212746.852985,7.882352941176471,1.0,16.0,5e-05,56.547,56.506,0.0001,56.53,12.0,0.07523333333333333,0.25,0.08333333333333333,183075804840.06546,72136441601.04942,79.0,69.0,35.0,52.0,41.0,48.0,66.0,53.0,9.0,74.0,42.0,27.0,81.0,27,Fear,4415.91,-3.7500000000000003e-05,-8.75e-05,-0.01850000000000307,True,15,2,0,us,0.011767761349083417,,1.0
HYPE,1786550400,1786553940.0,56.5595,56.56,56.5288,0.000534241,1.25e-05,21447967.12000004,162555796.49583054,56.559,56.56,50746.57418999999,10752.847199999998,-2516391.65,-142294060.72764,145362186.6946,7.882352941176471,1.0,16.0,5e-05,56.6,56.563,0.0001,56.6,12.0,0.12208333333333332,0.25,0.08333333333333333,183075804840.06546,72136441601.04942,77.0,69.0,31.0,50.0,38.0,50.0,62.0,49.0,9.0,71.0,43.0,24.0,68.0,27,Fear,4397.13,-3.7500000000000003e-05,-8.75e-05,-0.003500000000002501,True,16,2,0,us,0.0012746182783802684,,1.0
HYPE,1786554000,1786557480.0,56.7775,56.791,56.783,0.0,1.25e-05,21459841.120000023,164014873.92521998,56.777,56.778,16041.23062,14556.962640000002,-2524054.69,-143310777.498103,146391274.065623,7.882352941176471,1.0,16.0,5e-05,56.441,56.401,0.0001,56.44,27.0,0.08961481481481481,0.25925925925925924,0.14814814814814814,183075804840.06546,72136441601.04942,82.0,60.0,32.0,45.0,0.0,39.0,60.0,44.0,10.0,71.0,40.0,22.0,51.0,27,Fear,4398.43,-3.7500000000000003e-05,-8.75e-05,0.37650000000000006,True,17,2,0,us,0.003854348075920111,,1.0
HYPE,1786557600,1786557960.0,56.7575,56.751,56.743,0.0002414395,1.25e-05,21451226.319999997,162251768.78040004,56.759,56.76,124607.52375,4172.12754,-2524175.2800000003,-143454446.56318802,146537916.415404,7.882352941176471,1.0,16.0,5e-05,,,0.0001,,0.0,,,,183075804840.06546,72136441601.04942,48.0,65.0,33.0,49.0,38.0,48.0,65.0,47.0,11.0,74.0,42.0,18.0,52.0,27,Fear,,-3.7500000000000003e-05,-8.75e-05,,True,18,2,0,us,-0.00035225221258428085,,0.25
HYPE,1786561200,,,,,,,,,,,,,,,,,,,5e-05,,56.19,0.0001,,0.0,,,,183075804840.06546,72136441601.04942,45.0,66.0,28.0,50.0,37.0,40.0,68.0,48.0,12.0,68.0,39.0,19.0,53.0,27,Fear,,,,,False,19,2,0,us,,,
HYPE,1786564800,,,,,,,,,,,,,,,,,,,5e-05,,56.168,0.0001,,0.0,,,,183075804840.06546,72136441601.04942,48.0,71.0,29.0,49.0,33.0,39.0,67.0,55.0,10.0,75.0,42.0,26.0,51.0,27,Fear,4403.02,,,,False,20,2,0,us,,,
HYPE,1786568400,,,,,,,,,,,,,,,,,,,5e-05,,56.025,0.0001,,0.0,,,,183075804840.06546,72136441601.04942,48.0,78.0,29.0,51.0,39.0,41.0,72.0,49.0,12.0,85.0,44.0,30.0,47.0,27,Fear,4401.21,,,,False,21,2,0,us,,,
HYPE,1786572000,,,,,,,,,,,,,,,,,,,5e-05,,56.082,0.0001,,0.0,,,,183075804840.06546,72136441601.04942,47.0,76.0,25.0,59.0,32.0,49.0,77.0,54.0,18.0,87.0,46.0,26.0,46.0,27,Fear,4397.03,,,,False,22,2,0,us,,,
HYPE,1786575600,,,,,,,,,,,,,,,,,,,5e-05,,56.027,0.0001,,0.0,,,,183075804840.06546,72136441601.04942,50.0,78.0,33.0,59.0,41.0,45.0,81.0,47.0,12.0,85.0,48.0,29.0,49.0,27,Fear,4409.58,,,,False,23,2,0,us,,,
HYPE,1786579200,,,,,,,,,,,,,,,,,,,5e-05,,56.392,0.0001,,0.0,,,,183016228206.96475,72018588892.5412,49.0,73.0,31.0,52.0,46.0,41.0,94.0,50.0,14.0,86.0,43.0,41.0,67.0,29,Fear,4422.38,,,,False,0,3,0,asia,,,
HYPE,1786582800,,,,,,,,,,,,,,,,,,,5e-05,,56.299,0.0001,,0.0,,,,183016228206.96475,72018588892.5412,47.0,75.0,38.0,49.0,29.0,41.0,90.0,56.0,16.0,82.0,48.0,42.0,92.0,29,Fear,4404.14,,,,False,1,3,0,asia,,,
HYPE,1786586400,,,,,,,,,,,,,,,,,,,5e-05,,56.473,0.0001,,0.0,,,,183016228206.96475,72018588892.5412,46.0,81.0,31.0,51.0,0.0,51.0,77.0,55.0,18.0,78.0,47.0,31.0,90.0,29,Fear,4403.26,,,,False,2,3,0,asia,,,
HYPE,1786590000,,,,,,,,,,,,,,,,,,,5e-05,,56.408,0.0001,,0.0,,,,183016228206.96475,72018588892.5412,45.0,68.0,24.0,54.0,51.0,44.0,71.0,52.0,13.0,78.0,48.0,25.0,82.0,29,Fear,4395.98,,,,False,3,3,0,asia,,,
HYPE,1786593600,,,,,,,,,,,,,,,,,,,5e-05,,56.777,0.0001,,0.0,,,,183016228206.96475,72018588892.5412,46.0,73.0,25.0,44.0,0.0,48.0,70.0,59.0,8.0,78.0,44.0,34.0,71.0,29,Fear,4394.79,,,,False,4,3,0,asia,,,
HYPE,1786597200,,,,,,,,,,,,,,,,,,,5e-05,,57.215,0.0001,,0.0,,,,183016228206.96475,72018588892.5412,50.0,63.0,34.0,40.0,32.0,44.0,62.0,65.0,11.0,71.0,42.0,20.0,59.0,29,Fear,4380.67,,,,False,5,3,0,asia,,,
HYPE,1786600800,,,,,,,,,,,,,,,,,,,5e-05,57.375,57.377,0.0001,57.36,0.0,,,,183016228206.96475,72018588892.5412,46.0,59.0,40.0,33.0,37.0,41.0,56.0,57.0,6.0,62.0,38.0,27.0,55.0,29,Fear,4377.32,,,,False,6,3,0,asia,,,
HYPE,1786604400,1786607880.0,57.3465,57.347,57.361,-0.0002440683,1.25e-05,21695577.94000002,190130710.38440987,57.345,57.346,22423.699230000002,31989.74969,-2573487.6799999997,-147675778.44092,150803836.26328,7.882352941176471,2.0,15.0,5e-05,,57.315,0.0001,,4.0,0.296375,0.5,0.25,183016228206.96475,72018588892.5412,44.0,55.0,32.0,40.0,24.0,43.0,54.0,57.0,8.0,60.0,35.0,26.0,52.0,29,Fear,4368.0,-3.7500000000000003e-05,-8.75e-05,0.031500000000001194,True,7,3,0,asia,,,
HYPE,1786608000,1786611540.0,57.065,57.067,57.09,-0.0004203889,1.25e-05,21668456.800000012,195142030.79401937,57.08,57.081,36710.8825,16507.3397,-2573200.27,-146685604.10790998,149816218.85797,7.882352941176471,3.0,14.0,5e-05,,57.107,0.0001,,7.0,0.18235714285714286,0.5714285714285714,0.14285714285714285,183016228206.96475,72018588892.5412,43.0,54.0,30.0,36.0,22.0,43.0,53.0,52.0,8.0,66.0,37.0,23.0,57.0,29,Fear,4375.29,-3.7500000000000003e-05,-8.75e-05,-0.04200000000000159,True,8,3,0,europe,-0.004908756419310656,,0.25
HYPE,1786611600,1786615080.0,57.6975,57.698,57.7005,-3.29287e-05,1.25e-05,21854988.259999976,207428474.08554965,57.697,57.698,75464.90059,11993.923040000001,-2604994.34,-150274033.688804,153410410.586744,7.882352941176471,2.0,15.0,5e-05,,57.738,0.0001,,8.0,0.203675,0.375,0.0,183016228206.96475,72018588892.5412,42.0,53.0,29.0,34.0,0.0,33.0,53.0,51.0,7.0,68.0,36.0,14.0,54.0,29,Fear,4383.36,-3.7500000000000003e-05,-8.75e-05,-0.040500000000001535,True,9,3,0,europe,0.011083851748006746,,1.0
HYPE,1786615200,1786618740.0,57.4395,57.44,57.44,0.0,1.25e-05,21843580.600000005,211236084.8418505,57.439,57.44,11273.831450000001,34524.2522,-2612226.59,-150061416.84884,153186384.84482,7.882352941176471,2.0,15.0,5e-05,57.449,57.44,0.0001,57.42,7.0,0.08524285714285715,0.42857142857142855,0.14285714285714285,183016228206.96475,72018588892.5412,43.0,58.0,30.0,37.0,0.0,36.0,53.0,52.0,8.0,70.0,41.0,11.0,56.0,29,Fear,4390.45,-3.7500000000000003e-05,-8.75e-05,-0.000499999999995282,True,10,3,0,europe,-0.004471597556219842,,0.5
HYPE,1786618800,1786622340.0,57.0265,57.025,57.016,0.0001069875,1.25e-05,21918835.260000013,217446065.4835797,57.026,57.027,13370.150529999999,7248.0369200000005,-2627253.1799999997,-149760448.123985,152872412.464629,7.882352941176471,2.0,15.0,5e-05,57.059,57.029,0.0001,57.06,9.0,-0.03986666666666667,0.3333333333333333,0.2222222222222222,183016228206.96475,72018588892.5412,47.0,58.0,34.0,36.0,0.0,32.0,59.0,47.0,8.0,73.0,38.0,54.0,56.0,29,Fear,4386.04,-3.7500000000000003e-05,-8.75e-05,-0.0025000000000048317,True,11,3,0,europe,-0.007190174009174988,,0.25
HYPE,1786622400,1786625940.0,57.6635,57.664,57.6579,8.84528e-05,1.25e-05,21942344.90000002,213150488.19850984,57.663,57.664,24326.90169,13657.36247,-2637688.29,-152116411.83498,155249587.79206002,7.882352941176471,2.0,15.0,5e-05,57.686,57.66,0.0001,57.68,10.0,0.29552,0.5,0.2,183016228206.96475,72018588892.5412,44.0,67.0,34.0,33.0,26.0,31.0,65.0,45.0,8.0,76.0,35.0,18.0,60.0,29,Fear,4399.14,-3.7500000000000003e-05,-8.75e-05,0.003500000000002501,True,12,3,0,europe,0.01117024541222067,,1.0
HYPE,1786626000,1786629540.0,57.6425,57.643,57.648,-8.67333e-05,1.25e-05,21934420.07999999,209916323.80997008,57.634,57.635,24256.55551,31916.70931,-2639660.81,-152128033.3146,155276836.14748,7.882352941176471,2.0,15.0,5e-05,57.671,57.646,0.0001,57.66,15.0,0.05943333333333333,0.2,0.13333333333333333,183016228206.96475,72018588892.5412,44.0,67.0,27.0,40.0,0.0,33.0,62.0,46.0,9.0,77.0,41.0,18.0,59.0,29,Fear,4372.41,-3.7500000000000003e-05,-8.75e-05,-0.003500000000002501,True,13,3,0,us,-0.00036418184813613586,,0.25
HYPE,1786629600,1786633080.0,58.1735,58.169,58.187,-0.0002234176,1.25e-05,21983990.660000008,200608932.71013936,58.173,58.174,22924.464310000003,47451.568940000005,-2646090.94,-153889021.552479,157052469.75994098,7.882352941176471,2.0,15.0,5e-05,58.185,58.172,0.0001,58.16,28.0,0.2649892857142857,0.5,0.10714285714285714,183016228206.96475,72018588892.5412,50.0,72.0,26.0,44.0,0.0,32.0,63.0,52.0,9.0,86.0,44.0,22.0,66.0,29,Fear,4383.52,-3.7500000000000003e-05,-8.75e-05,0.0015000000000000568,True,14,3,0,us,0.00921195298607791,,1.0
HYPE,1786633200,1786636740.0,57.803,57.82,57.85,-0.0006741573,1.25e-05,22026403.480000004,205622191.9341398,57.795,57.796,2533.09981,69651.28998,-2640533.73,-153065015.124022,156247274.77535,7.882352941176471,3.0,14.0,5e-05,57.824,57.815,0.0001,57.8,9.0,-0.22285555555555556,0.1111111111111111,0.4444444444444444,183016228206.96475,72018588892.5412,47.0,68.0,25.0,46.0,18.0,32.0,62.0,50.0,6.0,83.0,42.0,17.0,85.0,29,Fear,4365.37,-3.7500000000000003e-05,-8.75e-05,-0.012000000000000455,True,15,3,0,us,-0.006368879300712504,,0.5
HYPE,1786636800,1786640280.0,57.4625,57.463,57.4913,-0.0004922484,1.25e-05,21957038.000000015,217264686.72414035,57.454,57.455,2184.6782,67356.14514000001,-2627248.4299999997,-150979283.61687,154123702.37493002,7.882352941176471,3.0,14.0,4.166e-05,57.568,57.522,7.65e-06,57.56,14.0,0.04412142857142858,0.42857142857142855,0.14285714285714285,183016228206.96475,72018588892.5412,47.0,70.0,25.0,50.0,17.0,33.0,66.0,50.0,9.0,88.0,42.0,27.0,73.0,29,Fear,4366.79,-2.916e-05,4.850000000000001e-06,-0.059499999999999886,True,16,3,0,us,-0.005890697714651449,,0.5
HYPE,1786640400,1786643940.0,57.4445,57.445,57.4865,-0.0007219086,1.25e-05,21962272.140000008,217200183.8673297,57.444,57.445,60967.960589999995,82421.30408,-2621831.4,-150690035.24324,153831252.51176,7.882352941176471,3.0,14.0,4.166e-05,57.415,57.433,7.65e-06,57.41,18.0,0.0339888888888889,0.3333333333333333,0.3333333333333333,183016228206.96475,72018588892.5412,49.0,67.0,33.0,47.0,0.0,40.0,64.0,56.0,9.0,85.0,45.0,27.0,58.0,29,Fear,4356.84,-2.916e-05,4.850000000000001e-06,0.011499999999998067,True,17,3,0,us,-0.0003132477702849634,,0.25
HYPE,1786644000,1786647240.0,57.7795,57.779,57.8025,-0.0003892565,1.15003e-05,21955015.080000006,206429442.12614003,57.779,57.78,29460.150069999996,53947.12547,-2619133.09,-151154951.5039,154296325.45102,7.882352941176471,2.0,15.0,4.166e-05,57.779,57.778,7.65e-06,57.77,0.0,,,,183016228206.96475,72018588892.5412,48.0,68.0,32.0,50.0,43.0,39.0,63.0,47.0,10.0,85.0,44.0,28.0,51.0,29,Fear,4357.76,-3.0159699999999995e-05,3.850300000000001e-06,0.0015000000000000568,True,18,3,0,us,0.005831715830062034,,1.0
HYPE,1786647600,1786651140.0,57.4605,57.465,57.481,-0.0003044484,1.25e-05,21976068.980000027,205692987.25228912,57.46,57.461,32083.857920000006,13208.16731,-2621867.45,-150721139.883098,153852032.28803802,7.882352941176471,3.0,14.0,4.166e-05,57.467,57.45,7.65e-06,57.46,9.0,0.2479555555555556,0.6666666666666666,0.2222222222222222,183016228206.96475,72018588892.5412,52.0,74.0,50.0,56.0,50.0,58.0,66.0,55.0,7.0,94.0,64.0,25.0,56.0,29,Fear,4349.48,-2.916e-05,4.850000000000001e-06,0.010500000000000398,True,19,3,0,us,-0.005520989278204103,,0.25
HYPE,1786651200,1786654740.0,57.4495,57.449,57.472,-0.0003827951,1.25e-05,22013880.940000005,212944393.48632976,57.449,57.45,10712.721010000001,58335.020359999995,-2612539.7800000003,-149855787.796592,152978487.450428,7.882352941176471,2.0,15.0,4.166e-05,,57.447,7.65e-06,,14.0,0.06729285714285714,0.2857142857142857,0.21428571428571427,183016228206.96475,72018588892.5412,54.0,77.0,39.0,61.0,37.0,45.0,70.0,59.0,13.0,97.0,57.0,17.0,54.0,29,Fear,4350.63,-2.916e-05,4.850000000000001e-06,0.0024999999999977263,True,20,3,0,us,-0.00019143585593583978,,0.5
HYPE,1786654800,1786656540.0,57.4935,57.5,57.5145,-0.0002781907,1.25e-05,22013816.48000005,212854039.06192985,57.491,57.492,6989.48349,56507.22048999999,-2611608.71,-150164889.21629,153289254.92855,7.882352941176471,2.0,15.0,4.166e-05,,57.195,7.65e-06,,21.0,-0.19496666666666665,0.2857142857142857,0.42857142857142855,183016228206.96475,72018588892.5412,54.0,84.0,41.0,59.0,34.0,54.0,79.0,59.0,14.0,93.0,58.0,34.0,53.0,29,Fear,4353.09,-2.916e-05,4.850000000000001e-06,0.2984999999999971,True,21,3,0,us,0.0007658900425591142,,0.75
HYPE,1786658400,,,,,,,,,,,,,,,,,,,4.166e-05,,57.432,7.65e-06,,0.0,,,,183016228206.96475,72018588892.5412,53.0,81.0,39.0,69.0,31.0,57.0,81.0,65.0,15.0,98.0,71.0,41.0,51.0,29,Fear,4353.5,,,,False,22,3,0,us,,,
HYPE,1786662000,,,,,,,,,,,,,,,,,,,4.166e-05,,57.473,7.65e-06,,0.0,,,,183016228206.96475,72018588892.5412,53.0,78.0,50.0,62.0,53.0,63.0,78.0,64.0,19.0,94.0,79.0,33.0,49.0,29,Fear,4356.83,,,,False,23,3,0,us,,,
HYPE,1786665600,,,,,,,,,,,,,,,,,,,4.166e-05,,57.579,7.65e-06,,0.0,,,,183028276596.99738,71948109765.81747,53.0,77.0,50.0,62.0,36.0,65.0,90.0,67.0,13.0,93.0,76.0,47.0,73.0,29,Fear,4343.87,,,,False,0,4,0,asia,,,
HYPE,1786669200,,,,,,,,,,,,,,,,,,,4.166e-05,,57.214,7.65e-06,,0.0,,,,183028276596.99738,71948109765.81747,49.0,74.0,56.0,60.0,55.0,69.0,90.0,60.0,16.0,93.0,79.0,25.0,100.0,29,Fear,4323.13,,,,False,1,4,0,asia,,,
HYPE,1786672800,,,,,,,,,,,,,,,,,,,4.166e-05,57.035,57.046,7.65e-06,57.03,0.0,,,,183028276596.99738,71948109765.81747,51.0,73.0,60.0,61.0,48.0,77.0,81.0,59.0,19.0,93.0,84.0,76.0,99.0,29,Fear,4320.79,,,,False,2,4,0,asia,,,
HYPE,1786676400,,,,,,,,,,,,,,,,,,,4.166e-05,,56.563,7.65e-06,,0.0,,,,183028276596.99738,71948109765.81747,51.0,74.0,67.0,55.0,52.0,99.0,70.0,59.0,14.0,82.0,93.0,73.0,85.0,29,Fear,4329.5,,,,False,3,4,0,asia,,,
HYPE,1786680000,,,,,,,,,,,,,,,,,,,4.166e-05,,56.806,7.65e-06,,0.0,,,,183028276596.99738,71948109765.81747,55.0,74.0,61.0,58.0,42.0,92.0,66.0,70.0,18.0,84.0,87.0,25.0,73.0,29,Fear,4332.01,,,,False,4,4,0,asia,,,
HYPE,1786683600,,,,,,,,,,,,,,,,,,,4.166e-05,,56.812,7.65e-06,,0.0,,,,183028276596.99738,71948109765.81747,57.0,70.0,88.0,53.0,55.0,86.0,59.0,75.0,19.0,76.0,89.0,45.0,62.0,29,Fear,4338.56,,,,False,5,4,0,asia,,,
HYPE,1786687200,,,,,,,,,,,,,,,,,,,4.166e-05,,56.352,7.65e-06,,0.0,,,,183028276596.99738,71948109765.81747,56.0,67.0,100.0,45.0,52.0,100.0,55.0,77.0,20.0,73.0,100.0,62.0,58.0,29,Fear,4341.58,,,,False,6,4,0,asia,,,
HYPE,1786690800,,,,,,,,,,,,,,,,,,,4.166e-05,,56.436,7.65e-06,,0.0,,,,183028276596.99738,71948109765.81747,53.0,59.0,88.0,39.0,33.0,91.0,54.0,67.0,12.0,72.0,98.0,41.0,56.0,29,Fear,4350.46,,,,False,7,4,0,asia,,,
HYPE,1786694400,1786697880.0,56.6235,56.624,56.6565,-0.0004818512,1.5684e-06,21869574.719999995,198789455.41710982,56.623,56.624,27144.59927,5826.58001,-2600334.21,-147238723.97283,150327391.97945,7.882352941176471,2.0,15.0,4.166e-05,,56.693,7.65e-06,,10.0,0.16402999999999998,0.3,0.0,183028276596.99738,71948109765.81747,50.0,59.0,45.0,34.0,0.0,41.0,51.0,61.0,14.0,66.0,44.0,34.0,53.0,29,Fear,4352.28,-4.0091599999999994e-05,-6.0815999999999995e-06,-0.0694999999999979,True,8,4,0,europe,,,
HYPE,1786698000,1786701540.0,56.3845,56.388,56.4155,-0.0004750468,1.25e-05,21871802.760000013,184319424.62576005,56.384,56.385,9150.295460000001,7641.27106,-2601149.76,-146773130.93236,149856316.79628,7.882352941176471,2.0,15.0,4.166e-05,,56.409,7.65e-06,,7.0,0.06495714285714285,0.14285714285714285,0.14285714285714285,183028276596.99738,71948109765.81747,52.0,60.0,40.0,45.0,35.0,58.0,52.0,70.0,10.0,62.0,50.0,21.0,53.0,29,Fear,4361.44,-2.916e-05,4.850000000000001e-06,-0.02449999999999619,True,9,4,0,europe,-0.004220862362799838,,0.5
HYPE,1786701600,1786705080.0,56.5115,56.512,56.534,-0.0003891464,1.25e-05,21887063.660000026,179049752.94256023,56.511,56.512,12645.56417,244476.59980999999,-2604608.45,-147173323.58225,150259685.84947002,7.882352941176471,2.0,15.0,4.166e-05,,56.522,7.65e-06,,11.0,0.21953636363636367,0.45454545454545453,0.18181818181818182,183028276596.99738,71948109765.81747,50.0,61.0,30.0,40.0,40.0,35.0,50.0,51.0,7.0,66.0,36.0,27.0,56.0,29,Fear,4351.75,-2.916e-05,4.850000000000001e-06,-0.010500000000000398,True,10,4,0,europe,0.002252392058101016,,1.0
HYPE,1786705200,1786708740.0,56.1615,56.162,56.1909,-0.0005143182,1.25e-05,21870699.70000004,171426081.26129058,56.161,56.162,6082.3685399999995,15451.97154,-2605821.24,-146393677.13616002,149470107.58278,7.882352941176471,2.0,15.0,4.166e-05,,56.193,7.65e-06,,12.0,-0.01035833333333334,0.08333333333333333,0.25,183028276596.99738,71948109765.81747,45.0,67.0,33.0,36.0,0.0,30.0,59.0,49.0,4.0,67.0,41.0,17.0,61.0,29,Fear,4369.61,-2.916e-05,4.850000000000001e-06,-0.031500000000001194,True,11,4,0,europe,-0.006193429655910743,,0.25
HYPE,1786708800,1786712340.0,56.1095,56.106,56.1245,-0.0002583542,6.1238e-06,21928328.18000001,174509852.38453045,56.109,56.11,48310.39765,148498.38575000002,-2593670.23,-145509820.542636,148583472.962356,7.882352941176471,2.0,15.0,4.166e-05,,56.124,7.65e-06,,30.0,-0.004659999999999996,0.2,0.23333333333333334,183028276596.99738,71948109765.81747,48.0,67.0,21.0,38.0,34.0,28.0,68.0,47.0,8.0,76.0,37.0,25.0,58.0,29,Fear,4372.96,-3.55362e-05,-1.5261999999999999e-06,-0.014500000000005286,True,12,4,0,europe,-0.0009259011956589402,,1.0
HYPE,1786712400,1786715940.0,55.9945,55.996,56.0204,-0.0004534063,9.7371e-06,21907319.719999995,168247759.88973,55.994,55.995,244131.48374,5557.283520000001,-2588930.4299999997,-144977520.18846,148042198.98318002,7.882352941176471,2.0,15.0,4.166e-05,,56.123,7.65e-06,,0.0,,,,183028276596.99738,71948109765.81747,53.0,77.0,28.0,47.0,19.0,31.0,64.0,53.0,9.0,79.0,42.0,27.0,56.0,29,Fear,4381.67,-3.19229e-05,2.0871000000000007e-06,-0.1284999999999954,True,13,4,0,us,-0.002049563799356502,,0.75
HYPE,1786716000,1786719480.0,55.4985,55.498,55.523,-0.0004160438,1.25e-05,21957735.780000012,170130821.0732199,55.498,55.499,18484.90227,432967.56710000004,-2585385.02,-143537889.70272,146581799.1279,7.882352941176471,2.0,15.0,4.166e-05,,55.507,7.65e-06,,0.0,,,,183028276596.99738,71948109765.81747,50.0,76.0,22.0,46.0,0.0,29.0,64.0,47.0,11.0,79.0,36.0,25.0,65.0,29,Fear,4377.28,-2.916e-05,4.850000000000001e-06,-0.008499999999997954,True,14,4,0,us,-0.00885801284054688,,0.25
HYPE,1786719600,1786723080.0,55.6705,55.695,55.7045,-0.0005942069,1.25e-05,21996207.68000002,158285447.3389101,55.67,55.671,23507.905929999997,9297.58924,-2588175.92,-144168228.09004998,147210291.64283,7.882352941176471,2.0,15.0,4.166e-05,,55.612,7.65e-06,,15.0,0.10197333333333332,0.4666666666666667,0.2,183028276596.99738,71948109765.81747,52.0,71.0,25.0,48.0,20.0,31.0,69.0,50.0,10.0,83.0,39.0,23.0,76.0,29,Fear,4388.09,-2.916e-05,4.850000000000001e-06,0.05849999999999511,True,15,4,0,us,0.003099182860798022,,0.25
HYPE,1786723200,1786726740.0,55.9295,55.932,55.946,-0.0002859901,1.25e-05,22012838.180000003,145584050.39900988,55.928,55.929,16536.914689999998,13676.31949,-2587737.02,-144484009.40194,147528650.334,7.882352941176471,2.0,15.0,4.166e-05,,55.911,7.65e-06,,8.0,0.2300625,0.375,0.0,183028276596.99738,71948109765.81747,50.0,71.0,24.0,48.0,32.0,31.0,62.0,47.0,10.0,81.0,39.0,25.0,64.0,29,Fear,4382.21,-2.916e-05,4.850000000000001e-06,0.018499999999995964,True,16,4,0,us,0.0046523742377022614,,1.0
HYPE,1786726800,1786730280.0,55.6845,55.691,55.709,-0.0004308101,1.25e-05,22021663.140000008,142205496.3717699,55.684,55.685,18929.509860000002,13894.231489999998,-2590410.57,-144306592.03355998,147350694.41476,7.882352941176471,2.0,15.0,4.166e-05,,55.728,7.65e-06,,17.0,0.20131176470588236,0.47058823529411764,0.11764705882352941,183028276596.99738,71948109765.81747,46.0,62.0,22.0,46.0,0.0,29.0,67.0,46.0,11.0,86.0,38.0,23.0,53.0,29,Fear,4373.89,-2.916e-05,4.850000000000001e-06,-0.04350000000000165,True,17,4,0,us,-0.004380514755182863,,0.25
HYPE,1786730400,1786733940.0,55.6365,55.637,55.6415,-8.08749e-05,1.25e-05,22033225.120000042,141622957.7558098,55.636,55.637,31020.060570000005,24259.98289,-2597223.2,-144501707.1784,147541784.07376,7.882352941176471,2.0,15.0,4.166e-05,,55.642,7.65e-06,,5.0,0.14148,0.4,0.2,183028276596.99738,71948109765.81747,50.0,66.0,26.0,50.0,30.0,32.0,68.0,50.0,15.0,84.0,40.0,19.0,54.0,29,Fear,4371.08,-2.916e-05,4.850000000000001e-06,-0.005500000000004945,True,18,4,0,us,-0.0008619992996256043,,1.0
HYPE,1786734000,1786737540.0,55.6735,55.674,55.682,-0.000143673,1.25e-05,22050570.220000025,141944236.54931015,55.673,55.674,128151.4208,9321.739529999999,-2603051.59,-144932225.89839,147971735.99973,7.882352941176471,2.0,15.0,4.166e-05,,55.703,7.65e-06,,13.0,-0.049946153846153855,0.23076923076923078,0.38461538461538464,183028276596.99738,71948109765.81747,60.0,70.0,27.0,51.0,26.0,32.0,68.0,49.0,6.0,86.0,45.0,26.0,52.0,29,Fear,4372.21,-2.916e-05,4.850000000000001e-06,-0.029500000000005855,True,19,4,0,us,0.0006650310497604561,,0.5
HYPE,1786737600,1786741140.0,55.5025,55.503,55.5065,-6.30557e-05,1.25e-05,22062159.520000026,134201849.27642004,55.502,55.503,7696.820349999999,37749.05614,-2605687.88,-144623453.91567,147657029.21385002,7.882352941176471,2.0,15.0,2.997e-05,55.519,55.507,7.65e-06,55.5,10.0,0.3538,0.6,0.0,183028276596.99738,71948109765.81747,69.0,76.0,29.0,52.0,31.0,29.0,69.0,53.0,12.0,87.0,41.0,31.0,53.0,29,Fear,4373.17,-1.747e-05,4.850000000000001e-06,-0.0045000000000001705,True,20,4,0,us,-0.0030714792495531995,,0.25
HYPE,1786741200,1786744740.0,56.0075,55.99,55.983,0.0004287016,1.25e-05,22083872.140000027,131422705.48634972,56.007,56.008,16136.04594,26406.473100000003,-2607832.23,-145513115.17635,148557968.89361,7.882352941176471,2.0,15.0,2.997e-05,,55.932,7.65e-06,,6.0,-0.34709999999999996,0.0,0.6666666666666666,183028276596.99738,71948109765.81747,67.0,85.0,26.0,55.0,53.0,31.0,77.0,61.0,14.0,96.0,48.0,31.0,51.0,29,Fear,4377.25,-1.747e-05,4.850000000000001e-06,0.07549999999999812,True,21,4,0,us,0.009098689248232095,,1.0
HYPE,1786744800,1786748280.0,56.4035,56.4,56.4,5.31915e-05,1.25e-05,22009257.540000018,137878497.26117003,56.403,56.404,21366.049340000005,24682.36445,-2624971.35,-147946555.00092,151012327.51526,7.882352941176471,2.0,15.0,2.997e-05,,56.38,7.65e-06,,5.0,0.07775999999999998,0.4,0.4,183028276596.99738,71948109765.81747,59.0,79.0,29.0,56.0,0.0,36.0,79.0,59.0,9.0,96.0,58.0,40.0,50.0,29,Fear,4376.27,-1.747e-05,4.850000000000001e-06,0.023499999999998522,True,22,4,0,us,0.0070704816319242525,,1.0
HYPE,1786748400,1786751940.0,56.4795,56.48,56.4695,0.0001522946,1.25e-05,22011188.66000005,137415495.74779966,56.479,56.48,23398.21723,2057.94245,-2625709.65,-148216141.385464,151292128.428504,7.882352941176471,2.0,15.0,2.997e-05,,56.47,7.65e-06,,7.0,0.007014285714285703,0.2857142857142857,0.2857142857142857,183028276596.99738,71948109765.81747,52.0,78.0,25.0,51.0,50.0,36.0,88.0,51.0,17.0,93.0,47.0,25.0,53.0,29,Fear,4380.4,-1.747e-05,4.850000000000001e-06,0.009500000000002728,True,23,4,0,us,0.0013474341131312073,,0.25
HYPE,1786752000,1786755480.0,56.3175,56.318,56.3205,-3.5511e-06,1.25e-05,22019080.720000014,134164808.91727982,56.317,56.318,11607.328560000002,12799.61814,-2625924.19,-147884591.359862,150958962.295682,7.882352941176471,2.0,15.0,2.997e-05,,56.309,7.65e-06,,10.0,0.008190000000000008,0.2,0.3,183029020989.35953,71883021338.37572,53.0,73.0,32.0,54.0,0.0,38.0,95.0,57.0,19.0,89.0,48.0,50.0,71.0,34,Fear,4377.49,-1.747e-05,4.850000000000001e-06,0.008500000000005059,True,0,5,1,asia,-0.0028682973468249218,,0.25
HYPE,1786755600,1786759140.0,56.4055,56.4,56.394,7.97957e-05,1.25e-05,22028628.020000026,131151167.82327004,56.405,56.406,4678.315909999999,12227.40268,-2626915.75,-148103174.959396,151179980.65698,7.882352941176471,2.0,15.0,2.997e-05,,56.396,7.65e-06,,10.0,-0.09766000000000001,0.2,0.4,183029020989.35953,71883021338.37572,52.0,77.0,32.0,51.0,34.0,40.0,97.0,59.0,14.0,86.0,50.0,39.0,92.0,34,Fear,4375.29,-1.747e-05,4.850000000000001e-06,0.009500000000002728,True,1,5,1,asia,0.0015625693612109082,,1.0
HYPE,1786759200,1786762680.0,56.629,56.621,56.599,0.0005123765,1.25e-05,22028627.860000044,130492274.5562901,56.636,56.637,26754.97015,33480.05677,-2628458.54,-148576224.321468,151657174.371832,7.882352941176471,2.0,15.0,2.997e-05,,56.594,7.65e-06,,7.0,0.19031428571428569,0.42857142857142855,0.0,183029020989.35953,71883021338.37572,50.0,79.0,26.0,52.0,79.0,44.0,79.0,58.0,14.0,87.0,53.0,29.0,84.0,34,Fear,4377.32,-1.747e-05,4.850000000000001e-06,0.03499999999999659,True,2,5,1,asia,0.0039623795551850804,,1.0
HYPE,1786762800,1786766340.0,56.5895,56.592,56.5885,0.0,1.25e-05,22026677.280000012,126413577.11658977,56.588,56.589,7802.325339999999,31307.431709999997,-2629689.16,-148832851.968202,151921341.830506,7.882352941176471,2.0,15.0,2.997e-05,,56.551,7.65e-06,,3.0,-0.12976666666666667,0.3333333333333333,0.3333333333333333,183029020989.35953,71883021338.37572,46.0,72.0,25.0,46.0,62.0,39.0,70.0,53.0,14.0,79.0,50.0,38.0,79.0,34,Fear,4379.3,-1.747e-05,4.850000000000001e-06,0.03849999999999909,True,3,5,1,asia,-0.0006975224708187788,,0.75
HYPE,1786766400,1786769940.0,56.2275,56.23,56.229,0.0,1.25e-05,21999971.260000005,125394121.20194004,56.227,56.228,12786.90373,2047.40166,-2628639.21,-147808131.41935998,150885242.16601998,7.882352941176471,2.0,15.0,2.997e-05,,56.227,7.65e-06,,7.0,0.16892857142857146,0.42857142857142855,0.14285714285714285,183029020989.35953,71883021338.37572,51.0,70.0,30.0,46.0,46.0,47.0,62.0,55.0,12.0,80.0,51.0,38.0,70.0,34,Fear,4379.23,-1.747e-05,4.850000000000001e-06,0.0005000000000023874,True,4,5,1,asia,-0.006396946429991446,,0.25
HYPE,1786770000,1786773540.0,56.2315,56.24,56.237,-5.51239e-05,1.25e-05,21985713.440000016,128755091.0521102,56.235,56.244,26761.11724,72924.12087,-2628087.62,-147769093.63885,150839181.17567,7.882352941176471,2.0,15.0,2.997e-05,,56.239,7.65e-06,,5.0,0.39597999999999994,0.8,0.2,183029020989.35953,71883021338.37572,58.0,70.0,76.0,41.0,36.0,64.0,56.0,71.0,7.0,75.0,65.0,24.0,59.0,34,Fear,4377.09,-1.747e-05,4.850000000000001e-06,-0.007500000000000284,True,5,5,1,asia,7.113956693793888e-05,,1.0
HYPE,1786773600,1786777140.0,56.2555,56.256,56.255,0.0,1.25e-05,21985508.76000001,125422018.86734973,56.255,56.256,10352.70096,25967.537440000004,-2627729.13,-147789951.54198,150856441.20706,7.882352941176471,2.0,15.0,2.997e-05,,56.24,7.65e-06,,2.0,0.46685,1.0,0.0,183029020989.35953,71883021338.37572,53.0,67.0,53.0,33.0,38.0,57.0,48.0,65.0,8.0,69.0,54.0,30.0,58.0,34,Fear,4375.76,-1.747e-05,4.850000000000001e-06,0.01549999999999585,True,6,5,1,asia,0.0004268070387594136,,0.5
HYPE,1786777200,1786780680.0,56.4435,56.437,56.429,0.0002480994,1.25e-05,21984191.080000017,123538379.68836017,56.443,56.444,34182.77495,8403.03594,-2629139.2199999997,-148366187.308202,151442794.262322,7.882352941176471,2.0,15.0,2.997e-05,,56.433,7.65e-06,,9.0,0.1141888888888889,0.5555555555555556,0.3333333333333333,183029020989.35953,71883021338.37572,60.0,59.0,85.0,40.0,68.0,75.0,46.0,67.0,100.0,65.0,52.0,100.0,57.0,34,Fear,4379.17,-1.747e-05,4.850000000000001e-06,0.010500000000000398,True,7,5,1,asia,0.0033418954591106775,,1.0
HYPE,1786780800,1786784340.0,56.0475,56.0467,56.0495,-2.67621e-05,1.25e-05,21986627.720000014,123709424.35321003,56.047,56.048,11958.86076,9017.0888,-2631473.19,-147668989.979519,150739064.926395,7.882352941176471,2.0,15.0,2.997e-05,,56.046,7.65e-06,,6.0,-0.0022166666666666632,0.16666666666666666,0.16666666666666666,183029020989.35953,71883021338.37572,49.0,53.0,71.0,38.0,0.0,47.0,47.0,55.0,8.0,64.0,46.0,16.0,54.0,34,Fear,4377.63,-1.747e-05,4.850000000000001e-06,0.0015000000000000568,True,8,5,1,europe,-0.007015865422945078,,0.25
HYPE,1786784400,1786787940.0,55.9825,55.982,55.999,-0.0002857194,1.25e-05,21991921.060000032,123203792.38545007,55.97,55.973,5004.62787,3292.9933299999993,-2629662.66,-147307842.19525,150367713.68291,7.882352941176471,2.0,15.0,2.997e-05,,56.011,7.65e-06,,11.0,0.39759999999999995,0.5454545454545454,0.0,183029020989.35953,71883021338.37572,47.0,54.0,29.0,37.0,34.0,44.0,47.0,52.0,7.0,61.0,47.0,19.0,52.0,34,Fear,4377.21,-1.747e-05,4.850000000000001e-06,-0.02850000000000108,True,9,5,1,europe,-0.0011597305856638762,,0.25
HYPE,1786788000,1786791540.0,55.9505,55.951,55.9666,-0.0002698038,1.25e-05,21993756.12000001,122192518.77839987,55.95,55.951,32936.528119999995,12327.383699999998,-2628340.21,-147038904.09647,150094540.39857,7.882352941176471,2.0,15.0,2.997e-05,,55.978,7.65e-06,,10.0,-0.022130000000000004,0.1,0.2,183029020989.35953,71883021338.37572,49.0,60.0,35.0,36.0,0.0,37.0,50.0,56.0,9.0,66.0,39.0,19.0,54.0,34,Fear,4377.13,-1.747e-05,4.850000000000001e-06,-0.02750000000000341,True,10,5,1,europe,-0.0005716071986782145,,0.25
HYPE,1786791600,1786795140.0,56.0115,56.0113,56.036,-0.0004175887,1.25e-05,21992163.279999997,118778626.69224009,56.011,56.012,50424.4871,3410.8989899999997,-2624526.49,-146864717.3001,149914068.81318,7.882352941176471,2.0,15.0,2.997e-05,,56.036,7.65e-06,,9.0,0.11954444444444445,0.3333333333333333,0.1111111111111111,183029020989.35953,71883021338.37572,45.0,54.0,27.0,34.0,26.0,36.0,59.0,46.0,8.0,67.0,40.0,25.0,56.0,34,Fear,4376.01,-1.747e-05,4.850000000000001e-06,-0.024500000000003297,True,11,5,1,europe,0.0010902494168953947,,1.0
HYPE,1786795200,1786798740.0,56.2485,56.218,56.2395,7.64587e-05,1.25e-05,22015641.539999995,111287593.11532004,56.238,56.24,48769.56125,17280.17336,-2624417.35,-147620255.03855002,150680217.11103,7.882352941176471,2.0,15.0,2.997e-05,,56.272,7.65e-06,,3.0,0.10313333333333334,0.3333333333333333,0.0,183029020989.35953,71883021338.37572,45.0,59.0,27.0,34.0,26.0,37.0,66.0,49.0,5.0,74.0,44.0,24.0,59.0,34,Fear,4376.83,-1.747e-05,4.850000000000001e-06,-0.023499999999998522,True,12,5,1,europe,0.004231273934816926,,1.0
HYPE,1786798800,1786802340.0,56.3465,56.347,56.367,-0.0003548175,1.25e-05,22035935.87999999,105420950.43563014,56.346,56.347,32994.80467,14177.74804,-2622460.92,-147778234.816472,150841233.919676,7.882352941176471,2.0,15.0,2.997e-05,,56.365,7.65e-06,,11.0,0.2520272727272727,0.45454545454545453,0.09090909090909091,183029020989.35953,71883021338.37572,45.0,59.0,28.0,38.0,0.0,34.0,63.0,48.0,6.0,77.0,42.0,16.0,58.0,34,Fear,4378.26,-1.747e-05,4.850000000000001e-06,-0.01850000000000307,True,13,5,1,us,0.001742268682720427,,0.75
HYPE,1786802400,1786805940.0,56.2725,56.273,56.292,-0.0003375258,1.25e-05,22018432.860000014,92319016.11067033,56.272,56.273,3288.7184500000003,19776.15374,-2616364.8,-147364766.26575,150435640.18725002,7.882352941176471,2.0,15.0,2.997e-05,,56.294,7.65e-06,,7.0,0.5175285714285714,0.7142857142857143,0.0,183029020989.35953,71883021338.37572,43.0,59.0,28.0,43.0,0.0,33.0,63.0,45.0,12.0,78.0,35.0,19.0,62.0,34,Fear,4376.74,-1.747e-05,4.850000000000001e-06,-0.021499999999996078,True,14,5,1,us,-0.0013133025121346842,,0.5
HYPE,1786806000,1786809540.0,56.77,56.76,56.776,-4.5794e-05,1.25e-05,22005652.760000013,87953161.46907032,56.77,56.771,44577.426179999995,8581.30523,-2606197.48,-147823022.90943998,150915953.16544,7.882352941176471,2.0,15.0,2.997e-05,,56.795,7.65e-06,,8.0,0.054512500000000005,0.25,0.125,183029020989.35953,71883021338.37572,40.0,57.0,25.0,40.0,23.0,33.0,67.0,45.0,8.0,84.0,34.0,21.0,78.0,34,Fear,4376.6,-1.747e-05,4.850000000000001e-06,-0.02499999999999858,True,15,5,1,us,0.008840908081211962,,1.0
HYPE,1786809600,1786813140.0,57.1625,57.1574,57.158,4.19889e-05,1.25e-05,22078661.719999965,91803867.30717029,57.162,57.163,32022.28238,15717.19544,-2619565.99,-149654644.584034,152770774.453534,7.882352941176471,2.0,15.0,2.997e-05,,57.173,7.65e-06,,25.0,0.03672799999999999,0.4,0.24,183029020989.35953,71883021338.37572,44.0,56.0,28.0,43.0,27.0,38.0,66.0,48.0,11.0,85.0,38.0,19.0,65.0,34,Fear,4376.74,-1.747e-05,4.850000000000001e-06,-0.010500000000000398,True,16,5,1,us,0.006913862955786554,,1.0
HYPE,1786813200,1786816740.0,57.0305,57.036,57.041,-0.0001753125,1.25e-05,22137393.56000005,94276620.25747018,57.027,57.028,5913.515879999999,4940.31899,-2631828.29,-150134120.65767,153258067.50019,7.882352941176471,2.0,15.0,2.997e-05,,57.045,7.65e-06,,0.0,,,,183029020989.35953,71883021338.37572,63.0,55.0,25.0,39.0,26.0,35.0,66.0,47.0,9.0,86.0,41.0,22.0,52.0,34,Fear,4377.0,-1.747e-05,4.850000000000001e-06,-0.014499999999998181,True,17,5,1,us,-0.0023092062103651223,,0.25
HYPE,1786816800,1786820340.0,57.0155,57.013,57.023,0.0,1.25e-05,22152444.360000044,93666453.08411032,57.015,57.016,6883.161249999999,7608.74858,-2633037.3899999997,-149989229.55307,153119985.36765,7.882352941176471,2.0,15.0,2.997e-05,,57.023,7.65e-06,,14.0,-0.1815,0.0,0.2857142857142857,183029020989.35953,71883021338.37572,55.0,59.0,31.0,46.0,45.0,37.0,69.0,48.0,12.0,91.0,45.0,27.0,47.0,34,Fear,4377.96,-1.747e-05,4.850000000000001e-06,-0.007500000000000284,True,18,5,1,us,-0.0002630171574858897,,0.75
HYPE,1786820400,1786823940.0,57.2885,57.288,57.278,0.0001745871,1.25e-05,22188725.18000003,94047012.80932021,57.288,57.289,21289.638219999997,16199.084920000001,-2641179.29,-151399246.82326502,154535474.675205,7.882352941176471,2.0,15.0,2.997e-05,,57.281,7.65e-06,,8.0,-0.0924375,0.125,0.375,183029020989.35953,71883021338.37572,44.0,57.0,27.0,40.0,0.0,37.0,69.0,49.0,8.0,83.0,61.0,25.0,50.0,34,Fear,4378.81,-1.747e-05,4.850000000000001e-06,0.007500000000000284,True,19,5,1,us,0.004788171637537086,,1.0
HYPE,1786824000,1786827480.0,57.0265,57.028,57.0245,0.0,1.25e-05,22152628.000000034,96684041.85643014,57.029,57.03,8415.48211,6134.43518,-2639097.94,-150706090.20712,153835782.31552,7.882352941176471,2.0,15.0,2.997e-05,,57.02,7.65e-06,,0.0,,,,183029020989.35953,71883021338.37572,48.0,64.0,27.0,44.0,51.0,37.0,74.0,52.0,17.0,85.0,45.0,21.0,49.0,34,Fear,4377.97,-1.747e-05,4.850000000000001e-06,0.006499999999995509,True,20,5,1,us,-0.004573343690269405,,0.25
HYPE,1786827600,1786831140.0,56.9905,56.991,57.003,-0.0002105152,1.25e-05,22134185.200000003,93060363.39887977,56.99,56.991,26552.63956,9618.092340000001,-2639349.79,-150456048.781256,153583635.732884,7.882352941176471,2.0,15.0,2.997e-05,,57.007,7.65e-06,,10.0,-0.10540000000000001,0.2,0.3,183029020989.35953,71883021338.37572,48.0,68.0,27.0,47.0,0.0,37.0,77.0,49.0,12.0,89.0,50.0,24.0,47.0,34,Fear,4379.45,-1.747e-05,4.850000000000001e-06,-0.016500000000000625,True,21,5,1,us,-0.0006312854550077907,,0.25
HYPE,1786831200,1786834680.0,56.9305,56.9308,56.925,8.78349e-05,1.25e-05,22128740.42000002,84371357.65754975,56.93,56.931,52280.31382,32978.165530000006,-2639353.09,-150261010.76679,153383119.33161002,7.882352941176471,2.0,15.0,2.997e-05,,56.915,7.65e-06,,10.0,0.013730000000000003,0.2,0.5,183029020989.35953,71883021338.37572,52.0,71.0,31.0,47.0,37.0,46.0,84.0,62.0,14.0,94.0,53.0,35.0,47.0,34,Fear,4378.24,-1.747e-05,4.850000000000001e-06,0.015500000000002956,True,22,5,1,us,-0.001052807046788451,,0.25
HYPE,1786834800,1786838280.0,56.8685,56.868,56.8728,0.0,1.25e-05,22127118.520000055,83856308.21599992,56.868,56.869,8397.26151,6058.7031,-2639005.08,-150077386.581152,153193382.293932,7.882352941176471,2.0,15.0,2.997e-05,,56.877,7.65e-06,,2.0,0.2724,0.5,0.0,183029020989.35953,71883021338.37572,51.0,73.0,29.0,52.0,54.0,39.0,87.0,60.0,16.0,94.0,52.0,29.0,47.0,34,Fear,4378.94,-1.747e-05,4.850000000000001e-06,-0.008500000000005059,True,23,5,1,us,-0.0010890471715513383,,0.5
HYPE,1786838400,1786841940.0,56.7915,56.792,56.7895,0.0,1.25e-05,22121196.860000018,83876642.03215992,56.791,56.792,5994.46164,24216.558539999995,-2639064.61,-149925821.7413,153036546.67778,7.882352941176471,2.0,15.0,2.997e-05,,56.79,7.65e-06,,10.0,0.22275,0.4,0.1,183021531699.8318,71861261870.658,51.0,78.0,30.0,51.0,45.0,41.0,100.0,66.0,18.0,87.0,53.0,31.0,73.0,34,Fear,4378.97,-1.747e-05,4.850000000000001e-06,0.0015000000000000568,True,0,6,1,asia,-0.0013540008968057071,,0.25
HYPE,1786842000,1786845540.0,57.0675,57.068,57.062,4.20595e-05,1.25e-05,22149740.580000017,84473995.4748301,57.074,57.075,17258.128539999998,13996.89867,-2642361.51,-150798564.412996,153913088.00123602,7.882352941176471,2.0,15.0,2.997e-05,,57.062,7.65e-06,,0.0,,,,183021531699.8318,71861261870.658,47.0,69.0,34.0,52.0,44.0,43.0,95.0,53.0,22.0,87.0,47.0,36.0,90.0,34,Fear,4378.16,-1.747e-05,4.850000000000001e-06,0.005500000000004945,True,1,6,1,asia,0.0048598822006815645,,1.0
HYPE,1786845600,1786849140.0,57.1755,57.1703,57.1605,0.0001889417,1.25e-05,22161818.24000006,86246953.62767003,57.175,57.176,4822.89127,35572.24642,-2643216.75,-151054796.48013002,154180716.40123,7.882352941176471,2.0,15.0,2.997e-05,,57.158,7.65e-06,,6.0,-0.1489333333333333,0.16666666666666666,0.5,183021531699.8318,71861261870.658,59.0,73.0,76.0,51.0,64.0,43.0,77.0,54.0,16.0,81.0,52.0,23.0,88.0,34,Fear,4377.57,-1.747e-05,4.850000000000001e-06,0.017499999999998295,True,2,6,1,asia,0.0018924957287422828,,0.75
HYPE,1786849200,1786852740.0,56.9305,56.933,56.925,8.78349e-05,1.25e-05,22172356.560000036,81468923.93028997,56.93,56.931,4994.90004,10519.111230000002,-2643609.7199999997,-150495421.17133,153612532.33297,7.882352941176471,2.0,15.0,2.997e-05,,56.925,7.65e-06,,3.0,-0.3055333333333333,0.0,0.3333333333333333,183021531699.8318,71861261870.658,57.0,64.0,36.0,40.0,48.0,42.0,65.0,51.0,12.0,84.0,49.0,30.0,78.0,34,Fear,4378.9,-1.747e-05,4.850000000000001e-06,0.005500000000004945,True,3,6,1,asia,-0.004285052163951253,,0.25
HYPE,1786852800,1786856340.0,57.0735,57.077,57.0835,-3.854e-05,1.25e-05,22178653.640000027,79006650.37006988,57.073,57.074,11908.45908,10894.520760000001,-2644031.56,-151021823.40452,154141020.32832,7.882352941176471,2.0,15.0,2.997e-05,,57.076,7.65e-06,,4.0,0.280425,0.75,0.25,183021531699.8318,71861261870.658,60.0,73.0,53.0,45.0,0.0,75.0,60.0,52.0,17.0,84.0,76.0,34.0,64.0,34,Fear,4377.69,-1.747e-05,4.850000000000001e-06,-0.0024999999999977263,True,4,6,1,asia,0.0025118346053520924,,1.0
HYPE,1786856400,1786859940.0,56.8385,56.839,56.8531,-0.0002304184,1.25e-05,22166403.500000004,76109307.13673021,56.842,56.846,15056.13177,7340.19324,-2646567.27,-150493269.56655198,153612120.867672,7.882352941176471,2.0,15.0,2.997e-05,,56.87,7.65e-06,,14.0,-0.03137142857142856,0.21428571428571427,0.35714285714285715,183021531699.8318,71861261870.658,52.0,64.0,58.0,36.0,48.0,58.0,55.0,64.0,14.0,81.0,54.0,31.0,56.0,34,Fear,4381.69,-1.747e-05,4.850000000000001e-06,-0.03149999999999409,True,5,6,1,asia,-0.004117497612727394,,0.25
HYPE,1786860000,1786863540.0,57.0435,57.042,57.045,-1.0518e-05,1.25e-05,22159413.560000062,77814549.93717034,57.037,57.038,5491.974679999999,5119.469889999999,-2644837.91,-150749549.62018,153864516.53926,7.882352941176471,2.0,15.0,2.997e-05,,57.047,7.65e-06,,8.0,0.53125,1.0,0.0,183021531699.8318,71861261870.658,52.0,62.0,48.0,52.0,32.0,46.0,50.0,65.0,11.0,71.0,41.0,25.0,57.0,34,Fear,4379.9,-1.747e-05,4.850000000000001e-06,-0.0034999999999953957,True,6,6,1,asia,0.003606710240418032,,1.0
HYPE,1786863600,1786867140.0,57.4495,57.449,57.452,-2.26276e-05,1.25e-05,22195338.360000037,81033315.83551028,57.449,57.45,7636.77137,33249.8284,-2651596.75,-152296964.72893,155429994.90283,7.882352941176471,2.0,15.0,2.997e-05,,57.446,7.65e-06,,4.0,-0.1707,0.25,0.5,183021531699.8318,71861261870.658,54.0,58.0,66.0,35.0,40.0,51.0,47.0,70.0,10.0,68.0,42.0,40.0,60.0,34,Fear,4379.38,-1.747e-05,4.850000000000001e-06,0.003500000000002501,True,7,6,1,asia,0.0071173753363660275,,1.0
HYPE,1786867200,1786870740.0,57.4985,57.499,57.5015,-4.34771e-05,1.25e-05,22224426.42000004,80380825.95394011,57.498,57.499,82134.68281,1027594.85396,-2656163.98,-152720534.46633,155855989.61883,7.882352941176471,2.0,15.0,2.997e-05,,57.505,7.65e-06,,3.0,0.6204666666666666,1.0,0.0,183021531699.8318,71861261870.658,48.0,56.0,26.0,32.0,34.0,40.0,43.0,54.0,8.0,63.0,37.0,20.0,59.0,34,Fear,4379.01,-1.747e-05,4.850000000000001e-06,-0.006500000000002615,True,8,6,1,europe,0.0008529230019407308,0.0006696629225481695,1.0
HYPE,1786870800,1786874340.0,57.4285,57.429,57.4205,0.0001114585,1.25e-05,22247088.940000035,82056861.8422003,57.428,57.429,13281.318999999998,12565.21789,-2657544.42,-152603706.456189,155741420.315227,7.882352941176471,2.0,15.0,2.997e-05,,57.423,7.65e-06,,21.0,0.08570952380952382,0.38095238095238093,0.2857142857142857,183021531699.8318,71861261870.658,45.0,57.0,28.0,33.0,35.0,38.0,42.0,56.0,13.0,63.0,39.0,20.0,54.0,34,Fear,4379.79,-1.747e-05,4.850000000000001e-06,0.00549999999999784,True,9,6,1,europe,-0.0012174230632103766,4.868624355392967e-05,0.75
HYPE,1786874400,1786877940.0,57.3255,57.326,57.327,0.0,1.25e-05,22255674.440000024,81928576.66740014,57.325,57.326,8597.06039,3621.4270499999993,-2658224.78,-152457288.28204,155591977.27043998,7.882352941176471,2.0,15.0,2.997e-05,,57.329,7.65e-06,,0.0,,,,183021531699.8318,71861261870.658,48.0,60.0,27.0,36.0,36.0,41.0,46.0,57.0,7.0,73.0,36.0,23.0,56.0,34,Fear,4377.58,-1.747e-05,4.850000000000001e-06,-0.003500000000002501,True,10,6,1,europe,-0.00179353456907283,-0.002035198292742663,0.25
HYPE,1786878000,1786881480.0,57.3605,57.3598,57.362,-1.74331e-05,1.25e-05,22254348.040000007,81918047.16318992,57.36,57.361,13620.385520000002,44686.40024,-2657297.6799999997,-152422584.170654,155556606.084254,7.882352941176471,2.0,15.0,2.997e-05,,57.375,7.65e-06,,9.0,-0.1995111111111111,0.1111111111111111,0.4444444444444444,183021531699.8318,71861261870.658,47.0,57.0,28.0,35.0,25.0,33.0,53.0,55.0,8.0,63.0,40.0,23.0,62.0,34,Fear,4377.18,-1.747e-05,4.850000000000001e-06,-0.014499999999998181,True,11,6,1,europe,0.0006105485342475792,0.00042833086901210553,1.0
HYPE,1786881600,1786885140.0,57.1805,57.183,57.192,-9.26703e-05,1.25e-05,22255611.44000002,81170665.71238008,57.18,57.181,14607.042570000001,10706.893709999998,-2657875.37,-152059501.541,155187177.70954,7.882352941176471,2.0,15.0,2.997e-05,,57.199,7.65e-06,,0.0,,,,183021531699.8318,71861261870.658,52.0,56.0,33.0,33.0,33.0,32.0,59.0,50.0,9.0,69.0,40.0,20.0,65.0,34,Fear,4375.19,-1.747e-05,4.850000000000001e-06,-0.018499999999995964,True,12,6,1,europe,-0.003138047959832968,-0.0030596586919537155,0.25
HYPE,1786885200,1786888740.0,57.1715,57.177,57.188,-0.000279779,1.25e-05,22259762.480000027,79410435.05070974,57.171,57.172,27334.29222,21596.391240000004,-2653775.02,-151751162.336256,154875527.470332,7.882352941176471,2.0,15.0,2.997e-05,,57.191,7.65e-06,,12.0,0.019316666666666666,0.25,0.25,183021531699.8318,71861261870.658,43.0,63.0,22.0,34.0,36.0,28.0,57.0,48.0,9.0,70.0,38.0,21.0,62.0,34,Fear,4376.23,-1.747e-05,4.850000000000001e-06,-0.01950000000000074,True,13,6,1,us,-0.00015739631517741604,-0.0009715585738449844,0.25
HYPE,1786888800,1786892340.0,57.2085,57.199,57.212,-3.4958e-06,1.25e-05,22260525.96000003,77704204.65833992,57.202,57.204,9688.038209999999,24437.05302,-2648523.48,-151481491.73612,154606698.56694,7.882352941176471,2.0,15.0,2.997e-05,,57.214,7.65e-06,,7.0,0.40408571428571427,0.5714285714285714,0.0,183021531699.8318,71861261870.658,41.0,54.0,22.0,35.0,23.0,28.0,57.0,45.0,9.0,72.0,36.0,22.0,63.0,34,Fear,4374.8,-1.747e-05,4.850000000000001e-06,-0.00549999999999784,True,14,6,1,us,0.0006471756032289111,7.658268438993042e-05,0.5
HYPE,1786892400,1786895940.0,57.4735,57.473,57.4725,8.6998e-06,1.25e-05,22229943.060000025,78093692.63761993,57.473,57.474,2875.2413799999995,23276.478639999998,-2648344.65,-152202286.7067,155337129.46812,7.882352941176471,2.0,15.0,2.997e-05,,57.421,7.65e-06,,10.0,0.20389,0.4,0.0,183021531699.8318,71861261870.658,45.0,52.0,26.0,34.0,22.0,28.0,58.0,42.0,7.0,75.0,35.0,20.0,82.0,34,Fear,4376.76,-1.747e-05,4.850000000000001e-06,0.05250000000000199,True,15,6,1,us,0.004632178784621077,0.0037728876976432556,1.0
HYPE,1786896000,1786899540.0,57.7795,57.774,57.778,1.73076e-05,1.25e-05,22311834.22000002,78092323.92478974,57.779,57.78,29696.533199999998,4012.99284,-2670708.73,-154328802.396644,157479085.833978,7.882352941176471,2.0,15.0,2.997e-05,,57.805,7.65e-06,,23.0,0.07027391304347826,0.34782608695652173,0.21739130434782608,183021531699.8318,71861261870.658,57.0,58.0,49.0,36.0,44.0,32.0,56.0,47.0,13.0,79.0,38.0,28.0,69.0,34,Fear,4380.12,-1.747e-05,4.850000000000001e-06,-0.025500000000000966,True,16,6,1,us,0.005324192888896517,0.0022767503888928694,1.0
HYPE,1786899600,1786903080.0,57.6555,57.6573,57.6755,-0.0003380985,1.25e-05,22328758.480000034,79521194.51561002,57.655,57.656,7092.74727,16362.498699999998,-2672939.5300000003,-154110932.41442,157264458.46866,7.882352941176471,2.0,15.0,2.997e-05,,57.717,7.65e-06,,0.0,,,,183021531699.8318,71861261870.658,54.0,58.0,30.0,43.0,34.0,29.0,65.0,53.0,9.0,83.0,39.0,24.0,58.0,34,Fear,4380.03,-1.747e-05,4.850000000000001e-06,-0.061499999999995225,True,17,6,1,us,-0.0021460898761670455,0.00015631270181279498,0.75
HYPE,1786903200,1786906680.0,57.5755,57.579,57.6085,-0.000550266,1.25e-05,22324736.72000002,81816272.14450012,57.578,57.579,14180.796530000001,1648.0399499999999,-2681571.27,-154434480.176232,157586846.900172,7.882352941176471,2.0,15.0,2.997e-05,,57.634,7.65e-06,,10.0,0.05934999999999999,0.4,0.1,183021531699.8318,71861261870.658,50.0,55.0,27.0,41.0,54.0,29.0,70.0,48.0,11.0,78.0,37.0,18.0,53.0,34,Fear,4377.22,-1.747e-05,4.850000000000001e-06,-0.05850000000000222,True,18,6,1,us,-0.0013875519247947832,-0.0010090570432939453,0.25
HYPE,1786906800,1786910340.0,57.6735,57.671,57.6905,-0.0002652083,1.25e-05,22390407.720000025,81683342.50094976,57.673,57.674,30699.298380000004,11950.11297,-2688439.57,-155141000.83728,158296213.85057998,7.882352941176471,2.0,15.0,2.997e-05,,57.691,7.65e-06,,10.0,0.022170000000000002,0.3,0.2,183021531699.8318,71861261870.658,50.0,61.0,20.0,41.0,22.0,30.0,69.0,48.0,13.0,84.0,41.0,26.0,55.0,34,Fear,4378.43,-1.747e-05,4.850000000000001e-06,-0.0175000000000054,True,19,6,1,us,0.001702112877873363,0.0026666914935537327,1.0
HYPE,1786910400,1786913940.0,57.5645,57.565,57.59,-0.0004045841,1.25e-05,22387561.900000017,79533739.99086998,57.564,57.565,20680.77854,5055.44723,-2686620.89,-154584500.292991,157733652.118671,7.882352941176471,2.0,15.0,2.997e-05,,57.599,7.65e-06,,5.0,0.011619999999999997,0.2,0.2,183021531699.8318,71861261870.658,52.0,62.0,21.0,43.0,27.0,31.0,68.0,52.0,12.0,87.0,47.0,25.0,54.0,34,Fear,4375.74,-1.747e-05,4.850000000000001e-06,-0.0344999999999942,True,20,6,1,us,-0.0018899494568561659,-0.0007440731470860946,0.75
HYPE,1786914000,1786917540.0,57.3555,57.356,57.378,-0.0003834222,1.25e-05,22349732.100000013,86353064.07356995,57.355,57.356,9947.83896,64811.09765,-2682786.8200000003,-153840436.96848,156982863.21568,7.882352941176471,2.0,15.0,2.997e-05,,57.367,7.65e-06,,6.0,0.35231666666666667,0.6666666666666666,0.0,183021531699.8318,71861261870.658,57.0,67.0,22.0,45.0,36.0,32.0,74.0,54.0,14.0,86.0,47.0,24.0,48.0,34,Fear,4375.08,-1.747e-05,4.850000000000001e-06,-0.011499999999998067,True,21,6,1,us,-0.003630709899330342,-0.0012024875197909532,0.5
HYPE,1786917600,1786921140.0,57.2115,57.21,57.241,-0.0005066299,8.2119e-06,22307906.04000001,90443093.39639999,57.211,57.212,17876.63003,11643.502540000001,-2671903.1,-152818131.272131,155952516.612817,7.882352941176471,2.0,15.0,2.997e-05,,57.242,7.65e-06,,8.0,-0.002437500000000009,0.375,0.25,183021531699.8318,71861261870.658,65.0,79.0,24.0,51.0,48.0,36.0,79.0,62.0,11.0,99.0,47.0,32.0,52.0,34,Fear,4383.53,-2.1758099999999998e-05,5.619000000000005e-07,-0.03049999999999642,True,22,6,1,us,-0.0025106572168318575,-0.001389131914095803,0.25
HYPE,1786921200,1786924740.0,57.0995,57.1,57.1155,-0.0002626257,7.7514e-06,22282634.84000003,91760648.3338298,57.099,57.1,42466.0349,13662.145159999998,-2658592.8200000003,-151838287.31061,154962530.04073,7.882352941176471,2.0,15.0,2.997e-05,,57.116,7.65e-06,,11.0,0.04463636363636364,0.18181818181818182,0.18181818181818182,183021531699.8318,71861261870.658,65.0,85.0,28.0,47.0,70.0,39.0,85.0,58.0,11.0,96.0,48.0,32.0,51.0,34,Fear,4368.81,-2.2218599999999998e-05,1.0140000000000042e-07,-0.016500000000000625,True,23,6,1,us,-0.0019576483748896534,-0.001252206932395933,0.25
HYPE,1786924800,1786928340.0,57.3265,57.316,57.322,5.23359e-05,1.25e-05,22268284.060000014,95031100.50995004,57.311,57.325,14777.51157,29094.301860000003,-2652837.81,-152038008.455554,155173448.951414,7.882352941176471,2.0,15.0,2.997e-05,,57.33,7.65e-06,,0.0,,,,182983055984.286,71742047486.13794,63.0,87.0,27.0,57.0,61.0,42.0,98.0,60.0,15.0,94.0,50.0,34.0,72.0,31,Fear,4397.91,-1.747e-05,4.850000000000001e-06,-0.0034999999999953957,True,0,0,0,asia,0.003975516423086134,0.003436688118852729,1.0
HYPE,1786928400,1786931940.0,58.3465,58.346,58.346,0.0,1.25e-05,22269840.459999982,119650021.90497991,58.346,58.347,60249.52761,7053.53937,-2693521.63,-157168596.04151,160351216.58203,7.882352941176471,2.0,15.0,2.997e-05,,58.352,7.65e-06,,0.0,,,,182983055984.286,71742047486.13794,53.0,77.0,29.0,52.0,58.0,37.0,95.0,54.0,16.0,87.0,45.0,17.0,98.0,31,Fear,4392.59,-1.747e-05,4.850000000000001e-06,-0.00549999999999784,True,1,0,0,asia,0.017792818330091498,0.008981231612624532,1.0
HYPE,1786932000,1786935540.0,58.8845,58.8878,58.8585,0.0004332424,1.25e-05,22333838.119999986,130364016.53145991,58.893,58.894,151320.83104,149.01414,-2717362.1500000004,-159986033.38022,163192118.39944,7.882352941176471,2.0,15.0,2.997e-05,58.926,58.884,7.65e-06,58.92,13.0,0.35386153846153845,0.5384615384615384,0.07692307692307693,182983055984.286,71742047486.13794,54.0,78.0,27.0,48.0,38.0,45.0,78.0,58.0,17.0,86.0,49.0,28.0,94.0,31,Fear,4390.38,-1.747e-05,4.850000000000001e-06,0.0005000000000023874,True,2,0,0,asia,0.009220775882015309,-0.0027184791435978864,1.0
HYPE,1786935600,1786939140.0,59.1315,59.131,59.114,0.0001522482,1.25e-05,22380947.879999977,144041021.18818936,59.126,59.127,15603.620549999998,15777.374720000002,-2729891.13,-161376999.28188598,164595988.70336598,7.882352941176471,2.0,15.0,2.997e-05,59.14,59.121,7.65e-06,59.13,0.0,,,,182983055984.286,71742047486.13794,51.0,75.0,29.0,55.0,57.0,40.0,66.0,61.0,8.0,85.0,46.0,40.0,81.0,31,Fear,4395.71,-1.747e-05,4.850000000000001e-06,0.010500000000000398,True,3,0,0,asia,0.004194652242950125,0.002983618364075625,1.0
HYPE,1786939200,1786942740.0,58.8455,58.846,58.836,0.0001529676,1.25e-05,22418113.479999993,151989494.24915004,58.845,58.846,19117.87798,9844.86158,-2740953.89,-161331556.94248,164550867.27456,7.882352941176471,2.0,15.0,5e-05,58.856,58.837,7.65e-06,58.86,0.0,,,,182983055984.286,71742047486.13794,54.0,71.0,49.0,50.0,49.0,42.0,62.0,61.0,9.0,76.0,42.0,26.0,69.0,31,Fear,4388.96,-3.7500000000000003e-05,4.850000000000001e-06,0.008499999999997954,True,4,0,0,asia,-0.004836677574558412,-0.009151906536454962,0.25
HYPE,1786942800,1786946340.0,58.6695,58.6706,58.6725,-4.26094e-05,1.25e-05,22416087.579999976,155471595.13360944,58.669,58.67,39409.040380000006,48394.34198999999,-2742505.0300000003,-161020685.242015,164236008.704211,7.882352941176471,2.0,15.0,5e-05,58.679,58.673,7.65e-06,58.66,6.0,0.07701666666666666,0.5,0.3333333333333333,182983055984.286,71742047486.13794,50.0,69.0,29.0,40.0,35.0,39.0,58.0,69.0,9.0,71.0,40.0,36.0,56.0,31,Fear,4392.34,-3.7500000000000003e-05,4.850000000000001e-06,-0.003500000000002501,True,5,0,0,asia,-0.0029908829052349706,-0.002250343128508405,0.25
HYPE,1786946400,1786949880.0,59.3625,59.363,59.36,3.36927e-05,1.25e-05,22497709.900000002,164415923.48365065,59.37,59.371,26961.545159999998,17229.34957,-2746572.29,-163055881.57867,166298950.80168998,7.882352941176471,2.0,15.0,5e-05,59.285,59.292,7.65e-06,59.29,0.0,,,,182983055984.286,71742047486.13794,50.0,64.0,43.0,36.0,33.0,37.0,52.0,63.0,7.0,67.0,39.0,32.0,54.0,31,Fear,4399.98,-3.7500000000000003e-05,4.850000000000001e-06,0.07049999999999557,True,6,0,0,asia,0.011811929537493882,0.005680789898788817,1.0
HYPE,1786950000,1786953540.0,59.5315,59.529,59.5385,-0.0001091731,1.25e-05,22539358.119999986,172629673.30328986,59.531,59.532,21002.60248,13763.006449999997,-2743639.6100000003,-163464486.146272,166718718.85284,7.882352941176471,2.0,15.0,5e-05,59.557,59.536,7.65e-06,59.54,0.0,,,,182983055984.286,71742047486.13794,52.0,61.0,33.0,40.0,31.0,39.0,53.0,63.0,9.0,66.0,35.0,30.0,50.0,31,Fear,4404.24,-3.7500000000000003e-05,4.850000000000001e-06,-0.0045000000000001705,True,7,0,0,asia,0.002846915140029438,0.008267613839912672,1.0
HYPE,1786953600,1786957140.0,59.0775,59.077,59.0898,-0.0001996961,1.25e-05,22500317.819999985,178334675.5760897,59.077,59.078,27951.7707,10166.352190000003,-2739178.68,-162012694.217078,165251884.916998,7.882352941176471,2.0,15.0,5e-05,59.108,59.082,6.02e-06,59.09,7.0,0.2634142857142857,0.42857142857142855,0.14285714285714285,182983055984.286,71742047486.13794,45.0,57.0,29.0,39.0,30.0,36.0,51.0,53.0,9.0,68.0,37.0,14.0,49.0,31,Fear,4393.59,-3.7500000000000003e-05,6.480000000000001e-06,-0.0045000000000001705,True,8,0,0,europe,-0.007626214693061684,-0.0021764648060433357,0.25
HYPE,1786957200,1786960740.0,59.2955,59.296,59.2995,0.0,1.25e-05,22517358.73999998,178048673.40957028,59.295,59.296,23088.244869999995,13804.765480000002,-2741790.54,-162485823.770022,165727267.78195798,7.882352941176471,2.0,15.0,5e-05,59.313,59.3,6.02e-06,59.31,8.0,0.07147499999999998,0.375,0.25,182983055984.286,71742047486.13794,46.0,59.0,24.0,36.0,30.0,34.0,51.0,55.0,8.0,71.0,39.0,31.0,47.0,31,Fear,4393.77,-3.7500000000000003e-05,6.480000000000001e-06,-0.0045000000000001705,True,9,0,0,europe,0.003690068130844937,0.006312431401070934,1.0
HYPE,1786960800,1786964340.0,59.797,59.804,59.7885,9.19909e-05,1.25e-05,22647121.73999995,192548347.19612944,59.792,59.796,696978.4656900001,44075.63663,-2757347.76,-164884279.35108,168147221.98402,7.823529411764706,2.0,15.0,5e-05,59.81,59.776,6.02e-06,59.8,11.0,-0.14935454545454546,0.09090909090909091,0.36363636363636365,182983055984.286,71742047486.13794,52.0,66.0,25.0,42.0,22.0,38.0,51.0,61.0,8.0,74.0,43.0,26.0,54.0,31,Fear,4398.32,-3.7500000000000003e-05,6.480000000000001e-06,0.02099999999999369,True,10,0,0,europe,0.008457640124461374,-0.0036923102483113687,1.0
HYPE,1786964400,1786967940.0,59.4745,59.475,59.475,0.0,1.25e-05,22735222.41999999,216161846.62820986,59.474,59.475,31058.850960000003,21879.55291,-2777767.54,-165317904.1262,168569706.23612,7.823529411764706,2.0,15.0,5e-05,59.499,59.479,6.02e-06,59.5,5.0,0.18182,0.2,0.0,182983055984.286,71742047486.13794,52.0,74.0,29.0,40.0,44.0,33.0,57.0,60.0,7.0,73.0,40.0,41.0,57.0,31,Fear,4396.72,-3.7500000000000003e-05,6.480000000000001e-06,-0.0045000000000001705,True,11,0,0,europe,-0.005393247152867153,-0.0024583947254603064,0.25
HYPE,1786968000,1786971540.0,59.1725,59.1698,59.178,-8.44909e-05,1.25e-05,22698000.199999977,225327308.83717978,59.168,59.169,29077.892539999997,28351.910519999998,-2774851.05,-164224329.65324998,167462779.22613,7.823529411764706,2.0,15.0,5e-05,59.167,59.152,6.02e-06,59.16,11.0,0.28351818181818184,0.6363636363636364,0.09090909090909091,182983055984.286,71742047486.13794,59.0,90.0,43.0,47.0,0.0,37.0,58.0,88.0,0.0,79.0,41.0,0.0,55.0,31,Fear,4383.9,-3.7500000000000003e-05,6.480000000000001e-06,0.02049999999999841,True,12,0,0,europe,-0.0050778064548672175,-0.004106298548304309,0.25
HYPE,1786971600,1786975080.0,59.1575,59.1562,59.1735,-0.0001351957,1.25e-05,22667764.599999987,238375347.27541032,59.161,59.162,22824.22466,11314.30126,-2770416.4699999997,-163775250.394681,167009504.858777,7.823529411764706,2.0,15.0,5e-05,59.292,59.272,6.02e-06,59.31,24.0,0.2208375,0.375,0.041666666666666664,182983055984.286,71742047486.13794,,,,,,,,,,,,,,31,Fear,4393.75,-3.7500000000000003e-05,6.480000000000001e-06,-0.1144999999999996,True,13,0,0,us,-0.00025349613418401695,-0.0033632564328410584,0.25
HYPE,1786975200,1786977360.0,58.951,58.949,58.974,-0.0003730457,1.25e-05,22613005.480000008,244125409.8290102,58.954,58.956,18806.69171,11055.15853,-2761272.2,-162568148.30728,165792930.53792,7.823529411764706,2.0,15.0,5e-05,,,6.02e-06,,0.0,,,,182983055984.286,71742047486.13794,,,,,,,,,,,,,,31,Fear,,-3.7500000000000003e-05,6.480000000000001e-06,,True,14,0,0,us,-0.003490681654904293,-0.002073447110767279,0.25
SOL,1785574800,1785578280.0,72.8705,72.87,72.905,-0.0004663603,1.25e-05,4183309.460000001,81267783.62050995,72.87,72.871,55244.705129999995,111022.98503999999,-538599.94,-39243465.055968,41570194.478228,17.307692307692307,4.0,9.0,,,,,,0.0,,,,183652403590.57578,71919740829.19958,,,,,,,,,,,,,,27,Fear,,,,,True,9,5,1,europe,,,
SOL,1785578400,1785581940.0,72.7905,72.79,72.825,-0.0004668726,4.2965e-06,4171731.3399999994,80806191.12280996,72.79,72.791,71767.53861,89175.93248999999,-535599.36,-38997321.588750005,41322775.02693,17.307692307692307,4.0,9.0,,72.8,72.85,,72.8,27.0,0.018962962962962966,0.3333333333333333,0.25925925925925924,183652403590.57578,71919740829.19958,,,,,,,,,,,,,,27,Fear,4046.23,,,-0.059499999999999886,True,10,5,1,europe,-0.0010978379453964182,,0.5
SOL,1785582000,1785582600.0,72.8075,72.808,72.845,-0.0005079278,1.137e-06,4172437.260000001,80602635.37413996,72.807,72.808,345756.39641000004,25452.12514,-535297.4,-38958409.4746,41283762.57012,17.307692307692307,4.0,9.0,,72.85,72.89,,72.85,0.0,,,,183652403590.57578,71919740829.19958,,,,,,,,,,,,,,27,Fear,4046.57,,,-0.08249999999999602,True,11,5,1,europe,0.00023354696011179676,,1.0
SOL,1785585600,,,,,,,,,,,,,,,,,,,,72.89,72.93,,72.9,0.0,,,,183652403590.57578,71919740829.19958,,,,,,,,,,,,,,27,Fear,4047.07,,,,False,12,5,1,europe,,,
SOL,1785589200,1785592680.0,72.9305,72.935,72.975,-0.000408359,1.25e-05,4180519.2199999997,73485714.73569,72.93,72.931,318612.2982,5282.59908,-536833.66,-39149541.5233,41473646.90504,17.307692307692307,4.0,9.0,,72.93,72.98,,72.94,18.0,-0.11747777777777776,0.2222222222222222,0.4444444444444444,183652403590.57578,71919740829.19958,,,,,,,,,,,,,,27,Fear,4046.64,,,-0.04950000000000898,True,13,5,1,us,,,
SOL,1785592800,1785596280.0,72.9655,72.963,72.9869,-0.0002863528,1.25e-05,4180515.9599999995,53438289.81371998,72.975,72.979,162904.78889,61063.74541,-536769.21,-39149712.538031,41480202.577275,17.307692307692307,4.0,9.0,,72.99,73.02,,73.0,25.0,0.115024,0.4,0.32,183652403590.57578,71919740829.19958,,,,,,,,,,,,,,27,Fear,4046.32,,,-0.05449999999999022,True,14,5,1,us,0.00047990895441563097,,0.5
SOL,1785596400,1785599880.0,72.8085,72.808,72.845,-0.0004942,1.25e-05,4199605.360000002,56421017.54121,72.808,72.809,32452.033689999997,125689.74521999998,-536749.47,-39079190.54206,41390203.50106,17.307692307692307,4.0,9.0,,72.75,72.8,,72.76,23.0,0.020965217391304355,0.34782608695652173,0.2608695652173913,183652403590.57578,71919740829.19958,,,,,,,,,,,,,,27,Fear,4045.44,,,0.008499999999997954,True,15,5,1,us,-0.00215170183168778,,0.25
SOL,1785600000,1785603540.0,72.6465,72.647,72.675,-0.0003852769,8.8708e-06,4195393.999999997,56345101.07888999,72.646,72.647,130557.49927,58524.68415,-535161.91,-38865531.41937,41173846.59797,17.307692307692307,4.0,9.0,3.159e-05,72.66,72.7,5.598e-05,72.66,39.0,0.1767128205128205,0.4358974358974359,0.3076923076923077,183652403590.57578,71919740829.19958,,,,,,,,,,,,,,27,Fear,4042.7,-2.27192e-05,-4.71092e-05,-0.05349999999999966,True,16,5,1,us,-0.002225014936442782,,0.25
SOL,1785603600,1785606360.0,71.8175,71.817,71.85,-0.0004411969,9.1774e-06,4207946.04,64240434.63057998,71.817,71.818,163924.10348999998,53023.75056,-535032.3,-38452787.68192,40747578.26298,17.307692307692307,4.0,9.0,3.159e-05,71.88,71.93,5.598e-05,71.88,0.0,,,,183652403590.57578,71919740829.19958,,,,,,,,,,,,,,27,Fear,4042.0,-2.2412600000000003e-05,-4.6802600000000005e-05,-0.11250000000001137,True,17,5,1,us,-0.011411423812571986,,0.25
SOL,1785607200,1785610680.0,71.0425,71.043,71.0777,-0.0004881981,2.1902e-06,4244626.14,81677953.06153995,71.026,71.027,118143.97581,375985.63022000005,-531187.2,-37736454.275965996,40141613.938365996,17.307692307692307,4.0,9.0,3.159e-05,71.04,71.09,5.598e-05,71.04,18.0,0.08222222222222222,0.5,0.2777777777777778,183652403590.57578,71919740829.19958,,,,,,,,,,,,,,27,Fear,4039.2,-2.9399800000000003e-05,-5.3789800000000005e-05,-0.04749999999999943,True,18,5,1,us,-0.01079124168900325,,0.5
SOL,1785610800,1785614280.0,71.2745,71.274,71.31,-0.0004908148,-1.2118e-06,4181888.7800000003,84663028.53682004,71.274,71.275,47696.00572,202541.12900000002,-528807.74,-37687299.339646995,40113394.450777,17.307692307692307,4.0,9.0,3.159e-05,71.21,71.27,5.598e-05,71.21,27.0,0.1547,0.4074074074074074,0.18518518518518517,183652403590.57578,71919740829.19958,85.0,79.0,43.0,41.0,58.0,46.0,,70.0,,,,37.0,,27,Fear,4048.26,-3.28018e-05,-5.7191800000000004e-05,0.004500000000007276,True,19,5,1,us,0.003265650842805279,,1.0
SOL,1785614400,1785614640.0,71.2995,71.3,71.345,-0.0006251314,2.953e-07,4182508.7999999993,84752454.28034008,71.299,71.3,402317.57042,16192.596340000002,-528811.48,-37708250.78623,40139048.86073,17.307692307692307,4.0,9.0,3.159e-05,71.51,71.56,5.598e-05,71.52,41.0,0.09345609756097562,0.36585365853658536,0.2682926829268293,183652403590.57578,71919740829.19958,89.0,91.0,44.0,49.0,40.0,45.0,,78.0,65.0,,75.0,41.0,45.0,27,Fear,4048.73,-3.1294700000000004e-05,-5.5684700000000006e-05,-0.2605000000000075,True,20,5,1,us,0.00035075658194716475,,1.0
SOL,1785618000,,,,,,,,,,,,,,,,,,,3.159e-05,71.81,71.86,5.598e-05,71.8,0.0,,,,183652403590.57578,71919740829.19958,93.0,95.0,42.0,55.0,38.0,46.0,56.0,100.0,38.0,95.0,69.0,49.0,43.0,27,Fear,4049.06,,,,False,21,5,1,us,,,
SOL,1785621600,,,,,,,,,,,,,,,,,,,3.159e-05,71.88,71.92,5.598e-05,71.89,0.0,,,,183652403590.57578,71919740829.19958,96.0,94.0,49.0,54.0,64.0,52.0,59.0,91.0,48.0,93.0,85.0,45.0,44.0,27,Fear,4049.37,,,,False,22,5,1,us,,,
SOL,1785625200,,,,,,,,,,,,,,,,,,,3.159e-05,71.91,71.95,5.598e-05,71.9,0.0,,,,183652403590.57578,71919740829.19958,96.0,95.0,52.0,51.0,47.0,49.0,61.0,88.0,48.0,94.0,90.0,45.0,45.0,27,Fear,4048.4,,,,False,23,5,1,us,,,
SOL,1785628800,,,,,,,,,,,,,,,,,,,-4.925e-05,72.07,72.12,-5.915e-05,72.08,0.0,,,,183318565748.8414,71956259992.25401,100.0,94.0,56.0,51.0,86.0,65.0,66.0,100.0,46.0,91.0,94.0,28.0,72.0,27,Fear,4050.06,,,,False,0,6,1,asia,,,
SOL,1785632400,1785633780.0,72.4195,72.4237,72.4607,-0.0005616838,2.2362e-06,4128389.44,78950810.39181997,72.419,72.42,31691.312159999998,173783.24826000002,-506786.93000000005,-36971594.799327,39655023.979967,17.307692307692307,4.0,9.0,-4.925e-05,72.62,72.66,-5.915e-05,72.62,0.0,,,,183318565748.8414,71956259992.25401,96.0,99.0,56.0,54.0,50.0,53.0,70.0,92.0,65.0,84.0,96.0,39.0,93.0,27,Fear,4053.31,5.1486199999999995e-05,6.13862e-05,-0.24049999999999727,True,1,6,1,asia,,,
SOL,1785636000,,,,,,,,,,,,,,,,,,,-4.925e-05,73.1,73.15,-5.915e-05,73.1,0.0,,,,183318565748.8414,71956259992.25401,100.0,100.0,100.0,48.0,59.0,53.0,56.0,80.0,100.0,84.0,89.0,33.0,87.0,27,Fear,4056.98,,,,False,2,6,1,asia,,,
SOL,1785639600,,,,,,,,,,,,,,,,,,,-4.925e-05,73.17,73.2,-5.915e-05,73.17,0.0,,,,183318565748.8414,71956259992.25401,86.0,91.0,85.0,46.0,43.0,58.0,48.0,74.0,53.0,80.0,93.0,23.0,82.0,27,Fear,4059.66,,,,False,3,6,1,asia,,,
SOL,1785643200,,,,,,,,,,,,,,,,,,,-4.925e-05,73.5,73.53,-5.915e-05,73.5,0.0,,,,183318565748.8414,71956259992.25401,89.0,86.0,79.0,38.0,40.0,58.0,42.0,73.0,41.0,76.0,88.0,23.0,66.0,27,Fear,4061.0,,,,False,4,6,1,asia,,,
SOL,1785646800,1785649620.0,73.4965,73.496,73.5318,-0.0004732646,4.7274e-06,4060491.1599999997,94374730.79331005,73.496,73.497,184709.70593,44591.75822,-489349.42,-35962256.76905,38857425.758049995,17.307692307692307,4.0,9.0,-4.925e-05,73.57,73.59,-5.915e-05,73.59,29.0,0.13375172413793104,0.3793103448275862,0.27586206896551724,183318565748.8414,71956259992.25401,86.0,83.0,78.0,36.0,54.0,53.0,39.0,73.0,54.0,76.0,77.0,24.0,51.0,27,Fear,4061.01,5.3977399999999996e-05,6.38774e-05,-0.09350000000000591,True,5,6,1,asia,,,
SOL,1785650400,,,,,,,,,,,,,,,,,,,-4.925e-05,73.43,73.45,-5.915e-05,73.43,0.0,,,,183318565748.8414,71956259992.25401,89.0,78.0,62.0,36.0,0.0,48.0,36.0,75.0,51.0,74.0,70.0,26.0,50.0,27,Fear,4060.55,,,,False,6,6,1,asia,,,
SOL,1785654000,,,,,,,,,,,,,,,,,,,-4.925e-05,73.44,73.46,-5.915e-05,73.44,0.0,,,,183318565748.8414,71956259992.25401,82.0,73.0,61.0,34.0,0.0,46.0,35.0,80.0,43.0,66.0,65.0,28.0,55.0,27,Fear,4059.7,,,,False,7,6,1,asia,,,
SOL,1785657600,1785661140.0,73.1385,73.133,73.1737,-0.0004209163,4.39e-07,4071111.8399999985,94152664.53185993,73.142,73.143,153805.47475,26431.96705,-480626.97,-35180519.466740005,39096042.86842,17.307692307692307,5.0,8.0,0.0001,73.16,73.17,0.0001,73.16,13.0,-0.021923076923076917,0.23076923076923078,0.38461538461538464,183318565748.8414,71956259992.25401,81.0,59.0,64.0,33.0,25.0,48.0,29.0,72.0,42.0,61.0,70.0,25.0,50.0,27,Fear,4059.65,-9.9561e-05,-9.9561e-05,-0.0315000000000083,True,8,6,1,europe,,,
SOL,1785661200,1785664740.0,73.3715,73.3724,73.405,-0.0004495607,2.5857e-06,4072009.5199999986,93491957.45570008,73.37,73.371,57860.6953,218901.10083,-479898.52,-35218175.57853,39284520.74237,17.307692307692307,5.0,8.0,0.0001,73.35,73.38,0.0001,73.35,12.0,0.35065833333333335,0.6666666666666666,0.25,183318565748.8414,71956259992.25401,77.0,59.0,53.0,32.0,40.0,43.0,30.0,65.0,53.0,60.0,65.0,19.0,50.0,27,Fear,4059.84,-9.741430000000001e-05,-9.741430000000001e-05,-0.008499999999997954,True,9,6,1,europe,0.0031857366503278417,,1.0
SOL,1785664800,1785668340.0,73.2315,73.228,73.26,-0.0003822004,-1.5995e-06,4085492.9400000004,93793919.71836002,73.231,73.232,102967.13212,701497.43261,-477359.36,-34960975.86878,39278109.8256,17.307692307692307,5.0,8.0,0.0001,73.24,73.26,0.0001,73.24,9.0,0.36412222222222224,0.5555555555555556,0.1111111111111111,183318565748.8414,71956259992.25401,75.0,64.0,50.0,32.0,37.0,40.0,32.0,63.0,39.0,57.0,63.0,19.0,53.0,27,Fear,4059.74,-0.00010159950000000001,-0.00010159950000000001,-0.028500000000008185,True,10,6,1,europe,-0.0019080978309016228,,0.5
SOL,1785668400,1785671880.0,72.9595,72.954,72.99,-0.0004110152,5.1394e-06,4076199.239999999,94673268.37648998,72.954,72.955,46123.455239999996,131606.50331,-476484.3,-34793731.16959,39098500.39709,17.307692307692307,5.0,8.0,0.0001,72.97,72.99,0.0001,72.96,18.0,0.12161666666666665,0.4444444444444444,0.3333333333333333,183318565748.8414,71956259992.25401,78.0,68.0,55.0,33.0,0.0,37.0,38.0,51.0,45.0,65.0,54.0,20.0,58.0,27,Fear,4059.64,-9.486060000000001e-05,-9.486060000000001e-05,-0.030499999999989313,True,11,6,1,europe,-0.003714248649829499,,0.75
SOL,1785672000,1785675480.0,72.9175,72.918,72.955,-0.0005071619,4.0177e-06,4095811.92,97251810.03109999,72.917,72.918,35924.421,334747.21978000004,-471167.92000000004,-34376729.355519995,39173794.944,17.307692307692307,5.0,8.0,0.0001,72.86,72.9,0.0001,72.87,8.0,-0.04581249999999999,0.375,0.375,183318565748.8414,71956259992.25401,73.0,74.0,47.0,30.0,25.0,41.0,43.0,55.0,37.0,63.0,52.0,23.0,62.0,27,Fear,4060.16,-9.598230000000001e-05,-9.598230000000001e-05,0.017499999999998295,True,12,6,1,europe,-0.0005756618397878555,,0.25
SOL,1785675600,1785679140.0,72.9375,72.938,72.9772,-0.0005371541,-3.0347e-06,4100192.7199999993,98037467.49478982,72.937,72.938,195502.12142999997,80700.92998,-468534.96,-34166731.47152,39172076.60712,17.307692307692307,5.0,8.0,0.0001,72.93,72.97,0.0001,72.95,10.0,-0.11659,0.2,0.5,183318565748.8414,71956259992.25401,75.0,66.0,46.0,31.0,29.0,34.0,44.0,46.0,44.0,69.0,50.0,17.0,57.0,27,Fear,4060.09,-0.0001030347,-0.0001030347,-0.03249999999999886,True,13,6,1,us,0.00027428257962758273,,0.75
SOL,1785679200,1785682740.0,73.0545,73.052,73.085,-0.0004104809,6.2045e-06,4085867.56,101137969.62730008,73.054,73.055,12454.34598,722355.51922,-467640.64,-34166664.060622,39255458.283238,17.307692307692307,5.0,8.0,0.0001,73.05,73.09,0.0001,73.08,9.0,0.1572,0.4444444444444444,0.3333333333333333,183318565748.8414,71956259992.25401,72.0,65.0,48.0,30.0,30.0,34.0,45.0,39.0,39.0,73.0,55.0,21.0,65.0,27,Fear,4060.25,-9.37955e-05,-9.37955e-05,-0.03549999999999898,True,14,6,1,us,0.0016041131105399842,,1.0
SOL,1785682800,1785686280.0,72.9765,72.977,73.015,-0.000520441,-5.996e-07,4088574.519999999,96993071.06366,72.976,72.977,33952.76483999999,204725.60882999998,-466332.14999999997,-34031054.9784,39199139.40336,17.307692307692307,5.0,8.0,0.0001,72.99,73.03,0.0001,73.0,9.0,0.060466666666666655,0.3333333333333333,0.3333333333333333,183318565748.8414,71956259992.25401,70.0,62.0,47.0,36.0,24.0,35.0,45.0,44.0,38.0,74.0,49.0,25.0,85.0,27,Fear,4060.6,-0.0001005996,-0.0001005996,-0.05349999999999966,True,15,6,1,us,-0.0010676960351518883,,0.25
SOL,1785686400,1785689880.0,73.1355,73.135,73.165,-0.0003963644,9.065e-07,4090594.719999999,99495980.98841017,73.135,73.136,77981.76473999998,184000.59253,-465156.44,-34033636.089039996,39539832.681559995,17.307692307692307,5.0,8.0,1.348e-05,73.1,73.14,0.0001,73.12,28.0,-0.021292857142857134,0.2857142857142857,0.32142857142857145,183318565748.8414,71956259992.25401,70.0,64.0,44.0,33.0,40.0,34.0,45.0,46.0,49.0,75.0,57.0,25.0,78.0,27,Fear,4063.09,-1.2573499999999999e-05,-9.90935e-05,-0.004500000000007276,True,16,6,1,us,0.002178783581015642,,0.5
SOL,1785690000,1785693540.0,73.2755,73.276,73.3077,-0.0004324239,4.1101e-06,4097881.2999999984,91971778.54444994,73.275,73.276,55674.16072,354304.47247000004,-464112.86,-34024123.4691,39640465.2142,17.307692307692307,5.0,8.0,1.348e-05,73.27,73.31,0.0001,73.28,12.0,-0.013183333333333333,0.3333333333333333,0.4166666666666667,183318565748.8414,71956259992.25401,74.0,68.0,50.0,35.0,38.0,37.0,48.0,52.0,52.0,80.0,62.0,23.0,58.0,27,Fear,4067.47,-9.3699e-06,-9.58899e-05,-0.03450000000000841,True,17,6,1,us,0.0019142550471384912,,0.75
SOL,1785693600,1785697140.0,73.5355,73.536,73.57,-0.0004621449,-8.72e-08,4087932.159999999,74663856.68864012,73.535,73.536,74265.77156,223873.78622,-460152.29,-33834240.676848,39768875.492788,17.307692307692307,5.0,8.0,1.348e-05,73.52,73.57,0.0001,73.52,27.0,0.2503777777777778,0.5925925925925926,0.2222222222222222,183318565748.8414,71956259992.25401,80.0,71.0,62.0,36.0,54.0,42.0,46.0,53.0,51.0,81.0,66.0,24.0,51.0,27,Fear,4066.6,-1.35672e-05,-0.0001000872,-0.0344999999999942,True,18,6,1,us,0.003548252826661047,,0.5
SOL,1785697200,1785700680.0,73.6755,73.675,73.705,-0.0003934604,7.1064e-06,4093329.459999998,71641545.08638997,73.675,73.676,133692.95572000003,77626.3797,-459692.05,-33867811.78375,39787069.04725,17.307692307692307,5.0,8.0,1.348e-05,73.68,73.72,0.0001,73.68,20.0,0.218345,0.45,0.2,183318565748.8414,71956259992.25401,91.0,70.0,72.0,38.0,27.0,43.0,48.0,65.0,52.0,84.0,66.0,21.0,49.0,27,Fear,4066.03,-6.373599999999999e-06,-9.289360000000001e-05,-0.04449999999999932,True,19,6,1,us,0.0019038423618524813,,0.5
SOL,1785700800,1785704340.0,73.6515,73.648,73.69,-0.0005156738,-4.7143e-06,4138890.239999998,70523686.94236007,73.651,73.652,26626.514700000003,139368.08036,-452101.57,-33308583.169749998,39973889.69175,17.307692307692307,5.0,8.0,1.348e-05,73.66,73.69,0.0001,73.63,26.0,0.18197692307692306,0.5,0.2692307692307692,183318565748.8414,71956259992.25401,87.0,77.0,71.0,43.0,34.0,43.0,51.0,67.0,60.0,83.0,75.0,26.0,45.0,27,Fear,4067.8,-1.81943e-05,-0.00010471430000000001,-0.03849999999999909,True,20,6,1,us,-0.0003257527943482108,,0.5
SOL,1785704400,1785706560.0,73.8355,73.837,73.875,-0.0005279188,-8.743e-07,4135562.84,70129777.72694,73.835,73.836,112595.98599999999,24176.91516,-450014.46,-33220222.63558,40047259.626760006,17.307692307692307,5.0,8.0,1.348e-05,73.95,74.0,0.0001,73.96,44.0,0.126725,0.38636363636363635,0.29545454545454547,183318565748.8414,71956259992.25401,86.0,84.0,78.0,47.0,29.0,50.0,53.0,69.0,44.0,91.0,83.0,28.0,44.0,27,Fear,4073.16,-1.4354299999999999e-05,-0.0001008743,-0.16450000000000387,True,21,6,1,us,0.0024982519025409378,,0.5
SOL,1785708000,,,,,,,,,,,,,,,,,,,1.348e-05,73.61,73.64,0.0001,73.62,0.0,,,,183318565748.8414,71956259992.25401,94.0,83.0,80.0,47.0,47.0,51.0,67.0,86.0,48.0,96.0,92.0,26.0,44.0,27,Fear,4063.57,,,,False,22,6,1,us,,,
SOL,1785711600,,,,,,,,,,,,,,,,,,,1.348e-05,73.61,73.63,0.0001,73.6,0.0,,,,183318565748.8414,71956259992.25401,94.0,82.0,90.0,49.0,41.0,51.0,69.0,92.0,62.0,95.0,93.0,31.0,45.0,27,Fear,4072.23,,,,False,23,6,1,us,,,
SOL,1785715200,,,,,,,,,,,,,,,,,,,7.985e-05,73.2,73.22,5.15e-05,73.18,0.0,,,,183294244405.26926,71925700747.55423,98.0,83.0,95.0,46.0,80.0,56.0,71.0,90.0,58.0,94.0,93.0,26.0,71.0,28,Fear,4054.83,,,,False,0,0,0,asia,,,
SOL,1785718800,1785720300.0,73.1145,73.112,73.15,-0.0004784689,4.3241e-06,4112006.98,83239698.16378999,73.118,73.119,72649.50795,117445.96740000001,-419883.02,-30692719.59346,39725304.556779996,17.307692307692307,5.0,8.0,7.985e-05,72.96,73.01,5.15e-05,72.96,18.0,0.2399777777777778,0.3888888888888889,0.05555555555555555,183294244405.26926,71925700747.55423,83.0,82.0,61.0,45.0,60.0,32.0,74.0,77.0,55.0,86.0,60.0,24.0,100.0,28,Fear,4054.43,-7.55259e-05,-4.71759e-05,0.10450000000000159,True,1,0,0,asia,,,
SOL,1785722400,,,,,,,,,,,,,-414897.78,-30308676.39774,39503887.159940004,17.307692307692307,5.0,8.0,7.985e-05,72.99,73.04,5.15e-05,72.98,21.0,0.1900047619047619,0.5714285714285714,0.2857142857142857,183294244405.26926,71925700747.55423,81.0,80.0,55.0,48.0,46.0,33.0,63.0,67.0,55.0,83.0,59.0,23.0,93.0,28,Fear,4059.55,,,,False,2,0,0,asia,,,
SOL,1785726000,,,,,,,,,,,,,,,,,,,7.985e-05,72.85,72.9,5.15e-05,72.85,0.0,,,,183294244405.26926,71925700747.55423,86.0,79.0,86.0,58.0,40.0,82.0,55.0,94.0,61.0,81.0,97.0,29.0,75.0,28,Fear,4061.61,,,,False,3,0,0,asia,,,
SOL,1785729600,,,,,,,,,,,,,,,,,,,7.985e-05,72.81,72.85,5.15e-05,72.81,0.0,,,,183294244405.26926,71925700747.55423,92.0,81.0,100.0,59.0,10.0,92.0,49.0,78.0,63.0,78.0,100.0,29.0,65.0,28,Fear,4061.14,,,,False,4,0,0,asia,,,
SOL,1785733200,1785736260.0,72.8305,72.835,72.8664,-0.0004858206,4.0961e-06,4103714.14,66012153.18601002,72.83,72.831,35142.009620000004,541206.84897,-410104.69000000006,-29883508.55092,39247604.719799995,17.307692307692307,5.0,8.0,7.985e-05,72.88,72.92,5.15e-05,72.87,0.0,,,,183294244405.26926,71925700747.55423,91.0,77.0,81.0,54.0,6.0,75.0,48.0,70.0,49.0,70.0,92.0,31.0,54.0,28,Fear,4065.01,-7.57539e-05,-4.74039e-05,-0.08950000000000102,True,5,0,0,asia,,,
SOL,1785736800,,,,,,,,,,,,,,,,,,,7.985e-05,72.58,72.59,5.15e-05,72.56,0.0,,,,183294244405.26926,71925700747.55423,89.0,64.0,83.0,38.0,10.0,52.0,42.0,62.0,40.0,66.0,80.0,24.0,48.0,28,Fear,4061.51,,,,False,6,0,0,asia,,,
SOL,1785740400,1785740760.0,72.5595,72.559,72.591,-0.0004270502,1.25e-05,4121983.0799999996,69049384.34717,72.559,72.56,169043.74596999996,24033.05859,-411695.5,-29877429.259401,38841531.664771,17.307692307692307,5.0,8.0,7.985e-05,72.48,72.52,5.15e-05,72.5,0.0,,,,183294244405.26926,71925700747.55423,83.0,60.0,80.0,39.0,11.0,57.0,42.0,66.0,44.0,63.0,74.0,23.0,48.0,28,Fear,4058.76,-6.735e-05,-3.9e-05,0.039500000000003865,True,7,0,0,asia,,,
SOL,1785744000,,,,,,,,,,,,,,,,,,,2.558e-05,72.32,72.37,-3.419e-05,72.32,0.0,,,,183294244405.26926,71925700747.55423,81.0,59.0,71.0,43.0,0.0,65.0,41.0,67.0,30.0,59.0,72.0,14.0,50.0,28,Fear,4056.67,,,,False,8,0,0,europe,,,
SOL,1785747600,,,,,,,,,,,,,,,,,,,2.558e-05,72.7,72.74,-3.419e-05,72.71,0.0,,,,183294244405.26926,71925700747.55423,80.0,62.0,68.0,37.0,7.0,46.0,41.0,58.0,41.0,58.0,70.0,24.0,49.0,28,Fear,4053.55,,,,False,9,0,0,europe,,,
SOL,1785751200,,,,,,,,,,,,,,,,,,,2.558e-05,72.57,72.62,-3.419e-05,72.57,0.0,,,,183294244405.26926,71925700747.55423,80.0,69.0,100.0,36.0,15.0,47.0,42.0,69.0,33.0,62.0,95.0,17.0,50.0,28,Fear,4048.04,,,,False,10,0,0,europe,,,
SOL,1785754800,,,,,,,,,,,,,,,,,,,2.558e-05,72.42,72.45,-3.419e-05,72.41,0.0,,,,183294244405.26926,71925700747.55423,86.0,70.0,100.0,33.0,64.0,44.0,43.0,60.0,29.0,63.0,92.0,29.0,54.0,28,Fear,4059.93,,,,False,11,0,0,europe,,,
SOL,1785758400,,,,,,,,,,,,,,,,,,,2.558e-05,72.38,72.43,-3.419e-05,72.38,0.0,,,,183294244405.26926,71925700747.55423,84.0,71.0,82.0,33.0,13.0,38.0,44.0,55.0,39.0,68.0,80.0,22.0,54.0,28,Fear,4046.98,,,,False,12,0,0,europe,,,
SOL,1785762000,,,,,,,,,,,,,,,,,,,2.558e-05,73.22,73.26,-3.419e-05,73.24,0.0,,,,183294244405.26926,71925700747.55423,87.0,83.0,87.0,41.0,18.0,40.0,46.0,58.0,31.0,71.0,88.0,31.0,52.0,28,Fear,4033.07,,,,False,13,0,0,us,,,
SOL,1785765600,,,,,,,,,,,,,,,,,,,2.558e-05,73.76,73.79,-3.419e-05,73.76,0.0,,,,183294244405.26926,71925700747.55423,91.0,89.0,83.0,47.0,18.0,39.0,46.0,56.0,21.0,73.0,79.0,23.0,57.0,28,Fear,4037.53,,,,False,14,0,0,us,,,
SOL,1785769200,,,,,,,,,,,,,,,,,,,2.558e-05,73.57,73.62,-3.419e-05,73.58,0.0,,,,183294244405.26926,71925700747.55423,89.0,84.0,83.0,46.0,0.0,37.0,48.0,56.0,36.0,74.0,84.0,25.0,74.0,28,Fear,4037.27,,,,False,15,0,0,us,,,
SOL,1785772800,,,,,,,,,,,,,,,,,,,5.86e-05,73.39,73.42,7.852e-05,73.39,0.0,,,,183294244405.26926,71925700747.55423,84.0,81.0,91.0,47.0,14.0,38.0,48.0,57.0,38.0,78.0,84.0,21.0,62.0,28,Fear,4038.04,,,,False,16,0,0,us,,,
SOL,1785776400,,,,,,,,,,,,,,,,,,,5.86e-05,73.66,73.69,7.852e-05,73.66,0.0,,,,183294244405.26926,71925700747.55423,83.0,82.0,88.0,49.0,0.0,39.0,49.0,55.0,42.0,81.0,91.0,21.0,46.0,28,Fear,4032.23,,,,False,17,0,0,us,,,
SOL,1785780000,,,,,,,,,,,,,,,,,,,5.86e-05,73.94,73.98,7.852e-05,73.94,0.0,,,,183294244405.26926,71925700747.55423,88.0,81.0,93.0,49.0,37.0,41.0,47.0,61.0,56.0,82.0,91.0,22.0,43.0,28,Fear,4044.55,,,,False,18,0,0,us,,,
SOL,1785783600,,,,,,,,,,,,,,,,,,,5.86e-05,73.99,74.02,7.852e-05,73.98,0.0,,,,183294244405.26926,71925700747.55423,90.0,71.0,84.0,49.0,16.0,44.0,50.0,62.0,49.0,85.0,100.0,19.0,38.0,28,Fear,4051.35,,,,False,19,0,0,us,,,
SOL,1785787200,,,,,,,,,,,,,,,,,,,5.86e-05,73.83,73.86,7.852e-05,73.81,0.0,,,,183294244405.26926,71925700747.55423,100.0,78.0,72.0,50.0,16.0,35.0,50.0,69.0,53.0,88.0,88.0,29.0,40.0,28,Fear,4054.16,,,,False,20,0,0,us,,,
SOL,1785790800,,,,,,,,,,,,,,,,,,,5.86e-05,73.68,73.71,7.852e-05,73.68,0.0,,,,183294244405.26926,71925700747.55423,89.0,88.0,52.0,54.0,32.0,29.0,53.0,69.0,41.0,94.0,78.0,22.0,37.0,28,Fear,4052.76,,,,False,21,0,0,us,,,
SOL,1785794400,,,,,,,,,,,,,,,,,,,5.86e-05,73.52,73.54,7.852e-05,73.51,0.0,,,,183294244405.26926,71925700747.55423,84.0,75.0,71.0,55.0,37.0,44.0,58.0,65.0,76.0,97.0,93.0,43.0,39.0,28,Fear,4052.19,,,,False,22,0,0,us,,,
SOL,1785798000,,,,,,,,,,,,,,,,,,,5.86e-05,73.54,73.56,7.852e-05,73.53,0.0,,,,183294244405.26926,71925700747.55423,71.0,73.0,28.0,43.0,23.0,26.0,62.0,50.0,39.0,83.0,56.0,35.0,44.0,28,Fear,4052.2,,,,False,23,0,0,us,,,
SOL,1785801600,,,,,,,,,,,,,,,,,,,0.0001,73.06,73.08,5.307e-05,73.04,0.0,,,,183257981671.08038,72085533591.37706,67.0,68.0,28.0,43.0,30.0,20.0,69.0,50.0,54.0,83.0,50.0,27.0,68.0,25,Extreme Fear,4046.38,,,,False,0,1,0,asia,,,
SOL,1785805200,,,,,,,,,,,,,,,,,,,0.0001,73.74,73.77,5.307e-05,73.73,0.0,,,,183257981671.08038,72085533591.37706,62.0,65.0,24.0,44.0,54.0,17.0,69.0,44.0,37.0,82.0,50.0,26.0,97.0,25,Extreme Fear,4057.76,,,,False,1,1,0,asia,,,
SOL,1785808800,,,,,,,,,,,,,,,,,,,0.0001,73.85,73.87,5.307e-05,73.85,0.0,,,,183257981671.08038,72085533591.37706,66.0,69.0,22.0,44.0,29.0,18.0,61.0,47.0,24.0,76.0,46.0,47.0,93.0,25,Extreme Fear,4055.75,,,,False,2,1,0,asia,,,
SOL,1785812400,,,,,,,,,,,,,,,,,,,0.0001,73.66,73.7,5.307e-05,73.64,0.0,,,,183257981671.08038,72085533591.37706,67.0,61.0,26.0,40.0,66.0,18.0,58.0,48.0,22.0,73.0,43.0,100.0,78.0,25,Extreme Fear,4050.01,,,,False,3,1,0,asia,,,
SOL,1785816000,,,,,,,,,,,,,,,,,,,0.0001,73.79,73.82,5.307e-05,73.78,0.0,,,,183257981671.08038,72085533591.37706,65.0,61.0,25.0,41.0,36.0,18.0,54.0,49.0,33.0,72.0,47.0,34.0,71.0,25,Extreme Fear,4060.54,,,,False,4,1,0,asia,,,
SOL,1785819600,,,,,,,,,,,,,,,,,,,0.0001,73.71,73.74,5.307e-05,73.71,0.0,,,,183257981671.08038,72085533591.37706,69.0,62.0,34.0,38.0,27.0,15.0,48.0,54.0,33.0,68.0,42.0,19.0,57.0,25,Extreme Fear,4059.43,,,,False,5,1,0,asia,,,
SOL,1785823200,,,,,,,,,,,,,,,,,,,0.0001,73.4,73.42,5.307e-05,73.39,0.0,,,,183257981671.08038,72085533591.37706,62.0,54.0,46.0,32.0,27.0,16.0,45.0,55.0,30.0,63.0,42.0,15.0,53.0,25,Extreme Fear,4059.11,,,,False,6,1,0,asia,,,
SOL,1785826800,,,,,,,,,,,,,,,,,,,0.0001,73.66,73.68,5.307e-05,73.64,0.0,,,,183257981671.08038,72085533591.37706,60.0,48.0,34.0,31.0,24.0,14.0,42.0,50.0,24.0,59.0,35.0,20.0,49.0,25,Extreme Fear,4061.31,,,,False,7,1,0,asia,,,
SOL,1785830400,,,,,,,,,,,,,,,,,,,0.0001,73.33,73.36,5.08e-05,73.32,0.0,,,,183257981671.08038,72085533591.37706,59.0,45.0,38.0,32.0,0.0,19.0,41.0,50.0,17.0,57.0,32.0,19.0,50.0,25,Extreme Fear,4052.84,,,,False,8,1,0,europe,,,
SOL,1785834000,,,,,,,,,,,,,,,,,,,0.0001,73.26,73.29,5.08e-05,73.27,0.0,,,,183257981671.08038,72085533591.37706,60.0,46.0,28.0,32.0,26.0,17.0,39.0,45.0,32.0,57.0,30.0,15.0,47.0,25,Extreme Fear,4047.46,,,,False,9,1,0,europe,,,
SOL,1785837600,,,,,,,,,,,,,,,,,,,0.0001,73.58,73.61,5.08e-05,73.59,0.0,,,,183257981671.08038,72085533591.37706,59.0,47.0,25.0,31.0,21.0,11.0,39.0,42.0,19.0,54.0,21.0,12.0,50.0,25,Extreme Fear,4052.21,,,,False,10,1,0,europe,,,
SOL,1785841200,,,,,,,,,,,,,,,,,,,0.0001,73.92,73.95,5.08e-05,73.91,0.0,,,,183257981671.08038,72085533591.37706,60.0,49.0,20.0,31.0,0.0,14.0,41.0,42.0,18.0,60.0,32.0,21.0,50.0,25,Extreme Fear,4071.49,,,,False,11,1,0,europe,,,
SOL,1785844800,,,,,,,,,,,,,,,,,,,0.0001,73.79,73.82,5.08e-05,73.77,0.0,,,,183257981671.08038,72085533591.37706,64.0,54.0,32.0,35.0,25.0,15.0,47.0,44.0,19.0,69.0,38.0,24.0,52.0,25,Extreme Fear,4066.95,,,,False,12,1,0,europe,,,
SOL,1785848400,,,,,,,,,,,,,,,,,,,0.0001,73.61,73.63,5.08e-05,73.59,0.0,,,,183257981671.08038,72085533591.37706,64.0,61.0,26.0,41.0,23.0,15.0,46.0,44.0,18.0,72.0,35.0,21.0,48.0,25,Extreme Fear,4079.17,,,,False,13,1,0,us,,,
SOL,1785852000,,,,,,,,,,,,,,,,,,,0.0001,73.79,73.82,5.08e-05,73.8,0.0,,,,183257981671.08038,72085533591.37706,65.0,60.0,27.0,45.0,20.0,16.0,44.0,44.0,21.0,72.0,36.0,22.0,55.0,25,Extreme Fear,4079.82,,,,False,14,1,0,us,,,
SOL,1785855600,,,,,,,,,,,,,,,,,,,0.0001,73.95,73.99,5.08e-05,73.94,0.0,,,,183257981671.08038,72085533591.37706,66.0,57.0,29.0,49.0,0.0,20.0,47.0,43.0,34.0,75.0,37.0,23.0,75.0,25,Extreme Fear,4081.21,,,,False,15,1,0,us,,,
SOL,1785859200,,,,,,,,,,,,,,,,,,,0.0001,73.71,73.72,2.705e-05,73.69,0.0,,,,183257981671.08038,72085533591.37706,66.0,58.0,27.0,59.0,16.0,46.0,50.0,48.0,30.0,76.0,36.0,17.0,56.0,25,Extreme Fear,4088.12,,,,False,16,1,0,us,,,
SOL,1785862800,,,,,,,,,,,,,,,,,,,0.0001,73.73,73.78,2.705e-05,73.74,0.0,,,,183257981671.08038,72085533591.37706,67.0,57.0,29.0,69.0,24.0,53.0,50.0,49.0,27.0,76.0,36.0,26.0,47.0,25,Extreme Fear,4081.59,,,,False,17,1,0,us,,,
SOL,1785866400,1785869880.0,74.1055,74.105,74.135,-0.0003790382,1.25e-05,4013513.1999999993,125440428.30144003,74.105,74.106,202330.12781,43652.082039999994,-490012.0,-36312491.78446,38976557.64186,17.307692307692307,4.0,9.0,0.0001,74.12,74.15,2.705e-05,74.12,37.0,0.18591891891891893,0.4594594594594595,0.16216216216216217,183257981671.08038,72085533591.37706,72.0,57.0,43.0,70.0,61.0,64.0,50.0,53.0,32.0,74.0,46.0,28.0,41.0,25,Extreme Fear,4075.09,-8.75e-05,-1.455e-05,-0.04449999999999932,True,18,1,0,us,,,
SOL,1785870000,1785873540.0,74.2135,74.204,74.235,-0.0002828854,1.25e-05,4006558.64,120899138.43356004,74.202,74.203,19049.594409999998,104422.71725,-489107.81,-36257365.728520006,38900517.18172,17.307692307692307,4.0,9.0,0.0001,74.16,74.19,2.705e-05,74.16,27.0,0.06533333333333334,0.3333333333333333,0.2222222222222222,183257981671.08038,72085533591.37706,76.0,56.0,46.0,74.0,22.0,63.0,48.0,56.0,24.0,74.0,48.0,23.0,41.0,25,Extreme Fear,4073.08,-8.75e-05,-1.455e-05,0.023499999999998522,True,19,1,0,us,0.0014573817058112226,,0.5
SOL,1785873600,1785874860.0,73.9305,73.93,73.973,-0.0005677747,1.25e-05,3999519.04,120171103.36884002,73.93,73.931,260069.12270000004,12293.00186,-488625.43,-36127620.78626,38766182.99514,17.307692307692307,4.0,9.0,0.0001,74.24,74.27,2.705e-05,74.24,0.0,,,,183257981671.08038,72085533591.37706,79.0,67.0,46.0,90.0,24.0,82.0,53.0,63.0,27.0,83.0,49.0,24.0,42.0,25,Extreme Fear,4073.36,-8.75e-05,-1.455e-05,-0.339500000000001,True,20,1,0,us,-0.003813322373961592,,0.5
SOL,1785877200,1785880740.0,74.1005,74.101,74.135,-0.0004586228,1.25e-05,4027037.9600000004,124731016.89660002,74.1,74.101,214951.98535999996,60083.99218,-493281.18,-36542117.09287,39048916.13917,17.307692307692307,4.0,9.0,0.0001,74.09,74.13,2.705e-05,74.1,0.0,,,,183257981671.08038,72085533591.37706,81.0,69.0,42.0,100.0,42.0,100.0,59.0,63.0,30.0,86.0,50.0,28.0,40.0,25,Extreme Fear,4078.04,-8.75e-05,-1.455e-05,-0.02949999999999875,True,21,1,0,us,0.002299456922379761,,1.0
SOL,1785880800,1785884340.0,74.0735,74.072,74.105,-0.0004183253,6.0955e-06,4025541.0599999996,124615404.64539993,74.073,74.074,109068.92917999999,105896.60199,-489075.18,-36218190.82656,38713785.08246,17.307692307692307,4.0,9.0,0.0001,74.07,74.11,2.705e-05,74.06,13.0,0.27674615384615386,0.5384615384615384,0.15384615384615385,183257981671.08038,72085533591.37706,79.0,64.0,43.0,87.0,46.0,96.0,57.0,63.0,28.0,87.0,52.0,27.0,39.0,25,Extreme Fear,4072.81,-9.390450000000001e-05,-2.09545e-05,-0.03650000000000375,True,22,1,0,us,-0.00036437001099853816,,0.5
SOL,1785884400,1785887940.0,73.7455,73.743,73.775,-0.0003930871,1.12452e-05,4029038.9799999995,128697080.15868996,73.745,73.746,225476.40822,26353.55384,-493040.41,-36357764.76878,38566051.54982,17.307692307692307,4.0,9.0,0.0001,73.72,73.75,2.705e-05,73.72,11.0,0.10171818181818182,0.45454545454545453,0.45454545454545453,183257981671.08038,72085533591.37706,75.0,65.0,56.0,92.0,90.0,91.0,65.0,59.0,49.0,89.0,69.0,21.0,41.0,25,Extreme Fear,4068.67,-8.87548e-05,-1.58048e-05,-0.004499999999993065,True,23,1,0,us,-0.004428034317265794,,0.25
SOL,1785888000,1785891480.0,73.4845,73.485,73.5134,-0.0003863241,1.25e-05,4016999.26,133379297.35474995,73.484,73.485,81596.9862,204011.23307000002,-498836.65,-36649741.96601,38596124.07241,17.307692307692307,4.0,9.0,6.418e-05,73.48,73.5,5.883e-05,73.47,20.0,0.13548,0.3,0.1,183164524608.55377,72172098708.52711,77.0,71.0,63.0,44.0,33.0,30.0,70.0,58.0,29.0,88.0,70.0,24.0,65.0,27,Fear,4076.63,-5.168e-05,-4.633e-05,-0.015500000000002956,True,0,2,0,asia,-0.0035391990019730812,,0.5
SOL,1785891600,1785895140.0,74.0715,74.068,74.095,-0.0001862474,1.25e-05,4044903.52,125476158.24088998,74.071,74.072,319758.24795,1111.88451,-505885.53,-37460841.77586,39249453.90692,17.307692307692307,4.0,9.0,6.418e-05,74.08,74.11,5.883e-05,74.08,13.0,0.26023846153846153,0.46153846153846156,0.15384615384615385,183164524608.55377,72172098708.52711,69.0,65.0,57.0,43.0,34.0,29.0,66.0,50.0,44.0,79.0,66.0,21.0,93.0,27,Fear,4095.3,-5.168e-05,-4.633e-05,-0.03849999999999909,True,1,2,0,asia,0.007988079118725677,,0.75
SOL,1785895200,1785898740.0,74.1945,74.1929,74.225,-0.0004041765,1.25e-05,4037858.92,125625080.96267998,74.194,74.195,38067.4856,131537.53746999998,-507653.19,-37689004.69773,39446095.22095,17.307692307692307,4.0,9.0,6.418e-05,74.19,74.22,5.883e-05,74.17,8.0,0.071475,0.25,0.125,183164524608.55377,72172098708.52711,67.0,62.0,50.0,42.0,54.0,28.0,56.0,43.0,38.0,79.0,66.0,27.0,80.0,27,Fear,4122.37,-5.168e-05,-4.633e-05,-0.02549999999999386,True,2,2,0,asia,0.0016605577043802278,,0.75
SOL,1785898800,1785902340.0,73.7505,73.75,73.785,-0.0004607983,8.9701e-06,4033621.84,127171107.20788006,73.75,73.751,69845.53881,48955.74509,-513550.54000000004,-37886048.205008,39541112.222568,17.307692307692307,4.0,9.0,6.418e-05,73.75,73.78,5.883e-05,73.73,5.0,0.21997999999999998,0.4,0.4,183164524608.55377,72172098708.52711,66.0,62.0,46.0,44.0,41.0,28.0,53.0,45.0,32.0,75.0,60.0,26.0,70.0,27,Fear,4120.47,-5.52099e-05,-4.985989999999999e-05,-0.02949999999999875,True,3,2,0,asia,-0.005984271071305836,,0.5
SOL,1785902400,1785905880.0,73.7945,73.794,73.825,-0.0003779208,8.5191e-06,3995533.399999999,129466766.48409995,73.794,73.795,175571.69734,44901.999169999996,-506473.26,-37373450.65809,39024759.41317,17.307692307692307,4.0,9.0,6.418e-05,73.75,73.79,5.883e-05,73.75,8.0,-0.034099999999999984,0.375,0.25,183164524608.55377,72172098708.52711,63.0,56.0,31.0,43.0,35.0,21.0,49.0,46.0,28.0,74.0,45.0,20.0,61.0,27,Fear,4129.23,-5.56609e-05,-5.03109e-05,0.004499999999993065,True,4,2,0,asia,0.0005966061247042465,,0.75
SOL,1785906000,1785909540.0,74.1195,74.119,74.145,-0.0003371772,1.25e-05,3994459.079999999,128432250.11385,74.119,74.12,98691.04881,105500.15817000001,-506306.51999999996,-37527310.57406,39189006.024560004,17.307692307692307,4.0,9.0,6.418e-05,74.11,74.15,5.883e-05,74.12,6.0,0.2125,0.5,0.16666666666666666,183164524608.55377,72172098708.52711,65.0,57.0,39.0,37.0,29.0,20.0,45.0,56.0,22.0,65.0,46.0,15.0,51.0,27,Fear,4153.25,-5.168e-05,-4.633e-05,-0.030500000000003524,True,5,2,0,asia,0.004404122258433896,,0.75
SOL,1785909600,1785913140.0,73.9685,73.969,74.005,-0.0004648335,1.25e-05,3992384.999999999,126594752.37412997,73.968,73.969,122057.15675000001,146278.70217,-506502.27,-37463586.95224,39121543.21344,17.307692307692307,4.0,9.0,6.418e-05,73.98,74.01,5.883e-05,73.98,9.0,0.11050000000000001,0.3333333333333333,0.2222222222222222,183164524608.55377,72172098708.52711,65.0,51.0,51.0,37.0,47.0,20.0,43.0,52.0,18.0,66.0,43.0,21.0,50.0,27,Fear,4168.18,-5.168e-05,-4.633e-05,-0.041499999999999204,True,6,2,0,asia,-0.0020372506560351056,,0.5
SOL,1785913200,1785916740.0,73.9185,73.918,73.955,-0.0004867825,1.14685e-05,3989556.7999999984,125786092.10169996,73.918,73.919,3167.98786,129794.05698,-507658.37,-37469534.24619,39116761.51229,17.307692307692307,4.0,9.0,6.418e-05,73.93,73.98,5.883e-05,73.95,11.0,0.05426363636363636,0.36363636363636365,0.18181818181818182,183164524608.55377,72172098708.52711,61.0,44.0,43.0,35.0,0.0,19.0,41.0,49.0,36.0,60.0,43.0,20.0,47.0,27,Fear,4162.61,-5.27115e-05,-4.73615e-05,-0.061500000000009436,True,7,2,0,asia,-0.0006759634168600481,,0.75
SOL,1785916800,1785920340.0,74.0395,74.039,74.07,-0.0004050223,8.8577e-06,3989033.4599999995,125359552.62111998,74.033,74.034,7999.614510000001,544579.22956,-507794.81,-37604744.65455,39264884.46585,17.307692307692307,4.0,9.0,3.7e-05,74.05,74.08,3.596e-05,74.05,11.0,-0.10615454545454545,0.18181818181818182,0.36363636363636365,183164524608.55377,72172098708.52711,58.0,45.0,42.0,35.0,34.0,29.0,39.0,50.0,24.0,59.0,44.0,17.0,44.0,27,Fear,4153.59,-2.8142299999999997e-05,-2.71023e-05,-0.04049999999999443,True,8,2,0,europe,0.0016369379789904492,,0.75
SOL,1785920400,1785923880.0,74.0025,74.002,74.0341,-0.0004200767,1.25e-05,3991845.2399999993,125000145.41806996,74.002,74.003,54973.37896,135288.63153,-508410.52999999997,-37643152.7099,39280123.698079996,17.307692307692307,4.0,9.0,3.7e-05,73.98,74.01,3.596e-05,73.98,14.0,0.3317571428571428,0.42857142857142855,0.07142857142857142,183164524608.55377,72172098708.52711,64.0,58.0,35.0,31.0,19.0,25.0,39.0,50.0,16.0,61.0,41.0,13.0,44.0,27,Fear,4150.51,-2.45e-05,-2.3460000000000002e-05,-0.00750000000000739,True,9,2,0,europe,-0.0004997332504947938,,0.5
SOL,1785924000,1785927540.0,73.8305,73.828,73.855,-0.0003249611,1.25e-05,3995180.4799999995,116440503.60777996,73.83,73.831,412621.77599999995,172248.0231,-509223.36,-37594362.17824,39198484.59198,17.307692307692307,4.0,9.0,3.7e-05,73.81,73.84,3.596e-05,73.81,9.0,0.18495555555555557,0.5555555555555556,0.2222222222222222,183164524608.55377,72172098708.52711,62.0,50.0,52.0,32.0,24.0,21.0,39.0,45.0,16.0,61.0,43.0,17.0,49.0,27,Fear,4154.43,-2.45e-05,-2.3460000000000002e-05,-0.009500000000002728,True,10,2,0,europe,-0.002324245802506675,,0.25
SOL,1785927600,1785931140.0,73.7455,73.736,73.765,-0.0002575747,1.25e-05,4009049.880000001,113487912.50062001,73.745,73.746,52404.42517000001,155613.49086,-509909.98000000004,-37588524.08568,39160734.51072,17.307692307692307,4.0,9.0,3.7e-05,73.73,73.77,3.596e-05,73.73,12.0,0.16749166666666668,0.4166666666666667,0.08333333333333333,183164524608.55377,72172098708.52711,59.0,50.0,35.0,30.0,36.0,21.0,43.0,43.0,27.0,64.0,40.0,13.0,50.0,27,Fear,4181.23,-2.45e-05,-2.3460000000000002e-05,-0.024499999999989086,True,11,2,0,europe,-0.0011512857152531364,,0.5
SOL,1785931200,1785934740.0,74.0645,74.064,74.0905,-0.000342824,1.25e-05,4069624.979999999,117802813.4311599,74.064,74.065,152418.16105,57751.33716,-516461.73000000004,-38215140.74624,39755273.05236,17.307692307692307,4.0,9.0,3.7e-05,74.03,74.08,3.596e-05,74.03,18.0,0.08181666666666666,0.2777777777777778,0.1111111111111111,183164524608.55377,72172098708.52711,60.0,56.0,37.0,32.0,0.0,19.0,43.0,40.0,15.0,64.0,40.0,11.0,51.0,27,Fear,4177.79,-2.45e-05,-2.3460000000000002e-05,-0.015500000000002956,True,12,2,0,europe,0.004325687669078038,,1.0
SOL,1785934800,1785938340.0,73.8835,73.884,73.915,-0.0004194007,1.05034e-05,4050116.8799999994,124557022.08132999,73.883,73.884,50316.92793,186796.3201,-521528.68000000005,-38457449.6703,39793558.14478,17.307692307692307,4.0,9.0,3.7e-05,73.94,73.96,3.596e-05,73.94,24.0,0.20991666666666667,0.4166666666666667,0.20833333333333334,183164524608.55377,72172098708.52711,63.0,53.0,42.0,37.0,17.0,20.0,41.0,38.0,13.0,65.0,38.0,18.0,49.0,27,Fear,4200.39,-2.64966e-05,-2.5456600000000003e-05,-0.0764999999999958,True,13,2,0,us,-0.002443815863200305,,0.25
SOL,1785938400,1785941940.0,73.9235,73.923,73.955,-0.0004191738,1.25e-05,4054279.4199999985,115342425.12178998,73.923,73.924,68974.09857,246061.21028000003,-523149.04,-38678174.8381,39985828.53584,17.083333333333332,3.0,9.0,3.7e-05,73.91,73.96,3.596e-05,73.92,0.0,,,,183164524608.55377,72172098708.52711,62.0,59.0,36.0,42.0,15.0,17.0,45.0,42.0,19.0,72.0,39.0,22.0,55.0,27,Fear,4236.33,-2.45e-05,-2.3460000000000002e-05,-0.03649999999998954,True,14,2,0,us,0.0005413928685025216,,0.5
SOL,1785942000,1785945540.0,73.9455,73.945,73.98,-0.0004595837,1.25e-05,4103635.759999999,111545955.97703002,73.945,73.946,189770.99941999998,66200.57565999999,-526946.37,-38990579.25991,40284885.04861,17.083333333333332,3.0,9.0,3.7e-05,73.91,73.96,3.596e-05,73.91,19.0,0.07806315789473683,0.2631578947368421,0.21052631578947367,183164524608.55377,72172098708.52711,63.0,56.0,38.0,41.0,15.0,20.0,43.0,41.0,15.0,69.0,43.0,32.0,71.0,27,Fear,4226.03,-2.45e-05,-2.3460000000000002e-05,-0.014499999999998181,True,15,2,0,us,0.0002976049564751282,,1.0
SOL,1785945600,1785949140.0,74.2395,74.245,74.285,-0.0006057751,7.4824e-06,4081130.74,112303508.47477005,74.239,74.24,334542.44602000003,66982.36192,-527554.46,-39145202.846885,40441490.390765,17.083333333333332,3.0,9.0,5.055e-05,74.25,74.29,3.781e-05,74.23,10.0,0.16081,0.6,0.1,183164524608.55377,72172098708.52711,62.0,53.0,36.0,41.0,0.0,20.0,45.0,41.0,30.0,69.0,41.0,15.0,59.0,27,Fear,4236.27,-4.30676e-05,-3.0327599999999997e-05,-0.050499999999999545,True,16,2,0,us,0.003975901170456764,,0.25
SOL,1785949200,1785952740.0,74.5175,74.527,74.5633,-0.0006075375,6.5202e-06,4082372.179999999,107662324.20150988,74.517,74.518,12655.020859999999,225803.09534,-520720.31,-38800242.92583,40094973.14413,17.083333333333332,3.0,9.0,5.055e-05,74.52,74.55,3.781e-05,74.52,16.0,0.09295624999999999,0.375,0.3125,183164524608.55377,72172098708.52711,63.0,52.0,37.0,48.0,24.0,20.0,48.0,44.0,23.0,74.0,42.0,15.0,47.0,27,Fear,4244.67,-4.40298e-05,-3.12898e-05,-0.03249999999999886,True,17,2,0,us,0.0037446372887748325,,0.5
SOL,1785952800,1785956280.0,74.4775,74.477,74.505,-0.0003623918,1.25e-05,4083232.72,111205096.68274002,74.477,74.478,71529.67756000001,138474.66934,-450359.88,-33541903.142640002,33982811.41308,17.083333333333332,3.0,9.0,5.055e-05,74.5,74.54,3.781e-05,74.48,15.0,-0.10489333333333332,0.26666666666666666,0.5333333333333333,183164524608.55377,72172098708.52711,61.0,53.0,35.0,48.0,25.0,20.0,47.0,49.0,37.0,81.0,47.0,22.0,41.0,27,Fear,4254.98,-3.805e-05,-2.531e-05,-0.0625,True,18,2,0,us,-0.0005367866608513294,,0.5
SOL,1785956400,1785959940.0,74.4705,74.481,74.5158,-0.0006012148,8.0843e-06,4076431.3799999994,108137225.91315012,74.465,74.466,79056.93337,157012.94303,-448115.08,-33369341.51862,33804718.90218,17.083333333333332,3.0,9.0,5.055e-05,74.43,74.46,3.781e-05,74.43,12.0,0.3016083333333333,0.5833333333333334,0.08333333333333333,183164524608.55377,72172098708.52711,67.0,59.0,37.0,56.0,0.0,20.0,48.0,54.0,21.0,73.0,45.0,18.0,41.0,27,Fear,4240.17,-4.24657e-05,-2.97257e-05,0.010500000000007503,True,19,2,0,us,-9.398811721672562e-05,,0.25
SOL,1785960000,1785963480.0,74.4005,74.401,74.425,-0.0003224723,1.25e-05,4081334.52,106665276.71077994,74.4,74.401,136904.75529,21868.7336,-444736.04,-33108541.26226,33529186.77916,17.083333333333332,3.0,9.0,5.055e-05,74.35,74.38,3.781e-05,74.34,15.0,0.39514,0.5333333333333333,0.06666666666666667,183164524608.55377,72172098708.52711,78.0,66.0,38.0,51.0,25.0,24.0,52.0,57.0,27.0,78.0,49.0,20.0,41.0,27,Fear,4243.44,-3.805e-05,-2.531e-05,0.02049999999999841,True,20,2,0,us,-0.0009399695181314671,,0.75
SOL,1785963600,1785967080.0,74.1695,74.167,74.196,-0.0003504232,1.19576e-05,4073252.819999998,104314221.92946997,74.158,74.159,37787.67207,143479.25644000003,-443698.77,-32909724.40495,33223263.35765,17.083333333333332,3.0,9.0,5.055e-05,74.08,74.12,3.781e-05,74.09,6.0,-0.31931666666666664,0.0,0.5,183164524608.55377,72172098708.52711,71.0,66.0,46.0,50.0,36.0,26.0,56.0,56.0,30.0,87.0,55.0,22.0,42.0,27,Fear,4243.1,-3.85924e-05,-2.5852399999999997e-05,0.04949999999999477,True,21,2,0,us,-0.00310481784396599,,0.75
SOL,1785967200,1785970740.0,74.0025,74.002,74.025,-0.0002971969,1.25e-05,4064767.899999998,107241669.29215997,74.002,74.003,470707.3882199999,49406.92453,-451617.02999999997,-33429313.06563,33610535.71909,17.083333333333332,2.0,10.0,5.055e-05,73.96,74.01,3.781e-05,73.97,13.0,0.024369230769230768,0.38461538461538464,0.3076923076923077,183164524608.55377,72172098708.52711,71.0,64.0,49.0,48.0,31.0,20.0,59.0,49.0,17.0,83.0,49.0,28.0,43.0,27,Fear,4243.6,-3.805e-05,-2.531e-05,-0.00750000000000739,True,22,2,0,us,-0.002251599377102509,,0.25
SOL,1785970800,1785974340.0,74.0005,74.0,74.0288,-0.0003755295,1.25e-05,4064068.1999999983,105867734.05058996,74.0,74.001,62889.947400000005,35949.6099,-452133.68000000005,-33458796.587360002,33640094.08716,17.083333333333332,2.0,10.0,5.055e-05,74.0,74.04,3.781e-05,73.99,16.0,0.19775625000000002,0.375,0.0625,183164524608.55377,72172098708.52711,67.0,64.0,37.0,51.0,40.0,17.0,65.0,50.0,31.0,79.0,50.0,24.0,43.0,27,Fear,4272.06,-3.805e-05,-2.531e-05,-0.039500000000003865,True,23,2,0,us,-2.7026113982531186e-05,,0.25
SOL,1785974400,1785977880.0,74.0895,74.089,74.125,-0.0004721754,1.25e-05,4063906.0799999996,97048536.16501999,74.089,74.09,195425.76133999997,17480.389030000002,-451418.9,-33445325.23651,33634736.32151,17.083333333333332,2.0,10.0,9e-07,74.03,74.07,-4.061e-05,74.03,13.0,0.33789230769230766,0.5384615384615384,0.07692307692307693,183103910275.10278,71728840853.7331,68.0,60.0,47.0,43.0,0.0,23.0,66.0,45.0,29.0,79.0,55.0,15.0,69.0,25,Extreme Fear,4288.74,1.16e-05,5.311e-05,0.019500000000007844,True,0,3,0,asia,0.001202694576387886,,0.75
SOL,1785978000,1785981480.0,73.7495,73.75,73.785,-0.0004743512,6.4866e-06,4061097.3199999994,95749999.37578003,73.741,73.742,2970.8615499999996,272315.58275,-447299.86,-33003482.76237,33190763.379610002,17.083333333333332,2.0,10.0,9e-07,73.7,73.75,-4.061e-05,73.69,13.0,0.15674615384615384,0.46153846153846156,0.15384615384615385,183103910275.10278,71728840853.7331,64.0,62.0,63.0,41.0,39.0,26.0,65.0,43.0,30.0,79.0,67.0,24.0,98.0,25,Extreme Fear,4281.52,5.5866e-06,4.70966e-05,-0.0005000000000023874,True,1,3,0,asia,-0.004589044331517966,,0.5
SOL,1785981600,1785985080.0,73.5055,73.504,73.545,-0.0005302876,6.4588e-06,4121088.4599999986,99712928.86542994,73.505,73.506,413693.35808,36716.78769,-450989.15,-33143827.44393,33330736.70785,17.083333333333332,2.0,10.0,9e-07,73.48,73.55,-4.061e-05,73.49,3.0,-0.3811333333333333,0.0,0.6666666666666666,183103910275.10278,71728840853.7331,59.0,58.0,57.0,44.0,34.0,22.0,56.0,39.0,46.0,72.0,60.0,31.0,87.0,25,Extreme Fear,4271.44,5.5588e-06,4.70688e-05,-0.04449999999999932,True,2,3,0,asia,-0.003308497006759392,,0.75
SOL,1785985200,1785988680.0,73.4595,73.45,73.485,-0.0003184323,1.7459e-06,4032948.6800000006,100647260.65944003,73.459,73.46,43342.41325,91014.77707,-448317.36,-32932141.12262,33122176.3663,17.083333333333332,2.0,10.0,9e-07,73.44,73.5,-4.061e-05,73.45,11.0,-0.03796363636363636,0.18181818181818182,0.09090909090909091,183103910275.10278,71728840853.7331,60.0,66.0,78.0,35.0,0.0,25.0,52.0,41.0,49.0,70.0,62.0,60.0,78.0,25,Extreme Fear,4260.71,8.459000000000001e-07,4.23559e-05,-0.04049999999999443,True,3,3,0,asia,-0.0006258035113018146,,0.25
SOL,1785988800,1785992280.0,73.7815,73.785,73.835,-0.0007178168,-2.0125e-06,4022989.839999999,98660058.10852005,73.785,73.786,243067.85604,53507.84419,-445044.74,-32834334.46514,33025064.474260002,17.083333333333332,2.0,10.0,9e-07,73.83,73.86,-4.061e-05,73.82,8.0,-0.014662499999999988,0.125,0.25,183103910275.10278,71728840853.7331,66.0,58.0,94.0,37.0,46.0,30.0,50.0,53.0,70.0,70.0,68.0,73.0,66.0,25,Extreme Fear,4257.32,-2.9124999999999996e-06,3.85975e-05,-0.07850000000000534,True,4,3,0,asia,0.0043833677060147735,,0.75
SOL,1785992400,1785995940.0,74.1675,74.1664,74.205,-0.0004986187,4.0663e-06,4006782.939999997,100379193.36136012,74.167,74.168,208459.84342,35294.223939999996,-444791.65,-32974647.376620002,33166326.38452,17.083333333333332,2.0,10.0,9e-07,74.2,74.25,-4.061e-05,74.18,11.0,0.14271818181818183,0.36363636363636365,0.18181818181818182,183103910275.10278,71728840853.7331,68.0,57.0,79.0,36.0,0.0,35.0,45.0,63.0,37.0,66.0,68.0,36.0,51.0,25,Extreme Fear,4262.24,3.1663000000000005e-06,4.46763e-05,-0.08249999999999602,True,5,3,0,asia,0.005231663763951788,,1.0
SOL,1785996000,1785999540.0,73.9985,73.999,74.045,-0.0006212438,-2.2075e-06,3990448.48,104763002.67493996,73.998,73.999,222648.73911,111962.66528999999,-440428.86,-32595869.123460002,32790489.11058,17.083333333333332,2.0,10.0,9e-07,74.01,74.06,-4.061e-05,74.02,6.0,0.2944666666666667,0.5,0.16666666666666666,183103910275.10278,71728840853.7331,75.0,52.0,93.0,33.0,27.0,32.0,41.0,63.0,17.0,62.0,62.0,48.0,48.0,25,Extreme Fear,4250.71,-3.1075e-06,3.84025e-05,-0.061499999999995225,True,6,3,0,asia,-0.002278626082853008,,0.5
SOL,1785999600,1786003140.0,73.8375,73.838,73.875,-0.000456176,2.1051e-06,3989697.519999998,103825013.33591998,73.837,73.838,155749.20760000002,17709.995280000003,-439272.39,-32434866.519401997,32629038.934986,17.083333333333332,2.0,10.0,9e-07,73.84,73.87,-4.061e-05,73.85,8.0,0.2624375,0.5,0.25,183103910275.10278,71728840853.7331,63.0,46.0,75.0,32.0,0.0,33.0,40.0,53.0,25.0,70.0,80.0,14.0,46.0,25,Extreme Fear,4258.0,1.2051000000000001e-06,4.27151e-05,-0.03249999999999886,True,7,3,0,asia,-0.002175719778103602,,0.5
SOL,1786003200,1786006740.0,73.9815,73.981,74.015,-0.0004458556,7.4839e-06,4010157.1399999987,105569330.80033013,73.981,73.982,201823.29387000002,48517.07924,-437516.09,-32374850.535000004,32567759.472400002,17.083333333333332,2.0,10.0,-4.113e-05,73.95,73.99,-8.067e-05,73.95,10.0,0.32441,0.5,0.0,183103910275.10278,71728840853.7331,60.0,43.0,76.0,31.0,20.0,43.0,38.0,47.0,24.0,66.0,75.0,19.0,47.0,25,Extreme Fear,4273.68,4.86139e-05,8.81539e-05,-0.008499999999997954,True,8,3,0,europe,0.0019502285424071175,,0.5
SOL,1786006800,1786010340.0,73.2815,73.282,73.3189,-0.0005032809,4.6458e-06,4021947.340000001,108798576.87253986,73.281,73.282,87126.05159999999,65347.20158,-436474.9,-31983806.383222,32176710.867522,17.083333333333332,2.0,10.0,-4.113e-05,73.25,73.3,-8.067e-05,73.26,0.0,,,,183103910275.10278,71728840853.7331,62.0,42.0,82.0,28.0,20.0,33.0,36.0,40.0,17.0,70.0,86.0,14.0,43.0,25,Extreme Fear,4269.65,4.57758e-05,8.53158e-05,-0.01850000000000307,True,9,3,0,europe,-0.009461824915688366,,0.25
SOL,1786010400,1786013940.0,73.2535,73.253,73.2901,-0.0004925631,1.4617e-06,3993259.7600000002,112053554.0788099,73.253,73.254,121472.76474,70207.26167,-435223.80000000005,-31884095.16693,32071083.80081,17.083333333333332,2.0,10.0,-4.113e-05,73.27,73.32,-8.067e-05,73.27,7.0,-0.05387142857142857,0.2857142857142857,0.5714285714285714,183103910275.10278,71728840853.7331,60.0,49.0,64.0,29.0,19.0,33.0,39.0,46.0,16.0,74.0,89.0,14.0,48.0,25,Extreme Fear,4266.61,4.25917e-05,8.21317e-05,-0.06649999999999068,True,10,3,0,europe,-0.0003820882487393096,,1.0
SOL,1786014000,1786017540.0,73.4285,73.422,73.465,-0.0004900293,-4.5372e-06,4014654.1599999997,114155341.66491008,73.428,73.429,36688.20311,152617.80549,-433090.33,-31800956.75124,31993882.947,17.083333333333332,2.0,10.0,-4.113e-05,73.41,73.46,-8.067e-05,73.42,8.0,0.075725,0.625,0.125,183103910275.10278,71728840853.7331,71.0,53.0,66.0,32.0,24.0,31.0,43.0,49.0,18.0,75.0,77.0,37.0,53.0,25,Extreme Fear,4259.76,3.65928e-05,7.61328e-05,-0.03149999999999409,True,11,3,0,europe,0.0023889643498262725,,0.75
SOL,1786017600,1786021140.0,73.1255,73.126,73.1698,-0.0005986076,-2.13117e-05,4050793.0199999963,113312756.89016987,73.117,73.118,139274.93375999999,70011.94685000001,-452634.57,-33100155.062459998,34461205.171739995,17.083333333333332,4.0,8.0,-4.113e-05,73.1,73.16,-8.067e-05,73.11,17.0,0.15553529411764708,0.47058823529411764,0.35294117647058826,183103910275.10278,71728840853.7331,66.0,55.0,63.0,40.0,51.0,30.0,46.0,47.0,19.0,82.0,87.0,15.0,51.0,25,Extreme Fear,4246.74,1.98183e-05,5.93583e-05,-0.0344999999999942,True,12,3,0,europe,-0.004126463158038107,,0.5
SOL,1786021200,1786024740.0,73.2785,73.266,73.305,-0.0003546825,-3.8951e-06,4039542.0199999996,107442559.20113003,73.286,73.287,97997.78073000001,117019.54740000001,-451964.60000000003,-33122684.340885,34809831.367815,17.083333333333332,4.0,8.0,-4.113e-05,73.19,73.26,-8.067e-05,73.2,19.0,0.06522105263157894,0.21052631578947367,0.15789473684210525,183103910275.10278,71728840853.7331,65.0,58.0,63.0,40.0,54.0,30.0,47.0,46.0,18.0,76.0,71.0,18.0,49.0,25,Extreme Fear,4263.56,3.72349e-05,7.67749e-05,0.01849999999998886,True,13,3,0,us,0.002092293386028121,,0.5
SOL,1786024800,1786028340.0,73.4545,73.462,73.5,-0.0006122449,7.4897e-06,4025206.519999999,113377288.43410005,73.448,73.449,86121.86589,137614.33469,-455335.39,-33407449.82035,34693053.35149,17.083333333333332,4.0,8.0,-4.113e-05,73.42,73.47,-8.067e-05,73.43,18.0,0.1769611111111111,0.3333333333333333,0.05555555555555555,183103910275.10278,71728840853.7331,63.0,56.0,69.0,40.0,18.0,32.0,47.0,44.0,18.0,73.0,66.0,18.0,57.0,25,Extreme Fear,4266.82,4.86197e-05,8.81597e-05,-0.015500000000002956,True,14,3,0,us,0.002401795888289149,,0.25
SOL,1786028400,1786031880.0,73.3405,73.344,73.384,-0.0005859588,4.9677e-06,4023160.4799999986,113045022.39083007,73.34,73.341,89511.0104,83144.32719000001,-454596.91000000003,-33327971.234690003,34868357.06597,17.083333333333332,4.0,8.0,-4.113e-05,73.27,73.3,-8.067e-05,73.27,12.0,0.25805,0.3333333333333333,0.0,183103910275.10278,71728840853.7331,61.0,55.0,66.0,44.0,25.0,30.0,45.0,41.0,19.0,73.0,63.0,21.0,73.0,25,Extreme Fear,4228.87,4.60977e-05,8.56377e-05,0.04050000000000864,True,15,3,0,us,-0.0015519811584040477,,1.0
SOL,1786032000,1786035480.0,73.3795,73.38,73.425,-0.0006128703,1.5724e-06,4023938.4999999986,113650452.43408003,73.379,73.38,161290.24792000002,69273.21697000001,-450569.99,-33045411.35391,34955971.96245,17.083333333333332,4.0,8.0,-6.988e-05,73.4,73.45,-6.982e-05,73.41,20.0,0.25975000000000004,0.55,0.3,183103910275.10278,71728840853.7331,62.0,56.0,60.0,45.0,23.0,24.0,48.0,43.0,24.0,75.0,53.0,17.0,58.0,25,Extreme Fear,4239.42,7.145240000000001e-05,7.139240000000001e-05,-0.07050000000000978,True,16,3,0,us,0.0005317662137562795,,0.25
SOL,1786035600,1786039140.0,73.1675,73.168,73.195,-0.0003688777,1.01919e-05,4044237.6599999988,110278009.00744994,73.167,73.168,46801.34962,160160.72331,-452957.62000000005,-33127327.22259,34965915.95013,17.083333333333332,4.0,8.0,-6.988e-05,73.15,73.2,-6.982e-05,73.15,4.0,-0.233025,0.0,0.5,183103910275.10278,71728840853.7331,62.0,57.0,60.0,41.0,17.0,28.0,49.0,41.0,20.0,77.0,58.0,21.0,50.0,25,Extreme Fear,4243.81,8.007190000000001e-05,8.001190000000001e-05,-0.03249999999999886,True,17,3,0,us,-0.0028890902772571447,,0.25
SOL,1786039200,1786042740.0,72.7835,72.781,72.815,-0.0004257365,5.8335e-06,4030545.5399999986,100077091.22422001,72.783,72.784,61086.99305,360251.57992000005,-448781.17,-32663040.58596,34625728.724199995,17.083333333333332,4.0,8.0,-6.988e-05,72.79,72.83,-6.982e-05,72.78,11.0,0.07024545454545454,0.2727272727272727,0.09090909090909091,183103910275.10278,71728840853.7331,65.0,54.0,60.0,46.0,46.0,28.0,50.0,43.0,30.0,73.0,61.0,17.0,43.0,25,Extreme Fear,4239.6,7.57135e-05,7.565350000000001e-05,-0.04649999999999466,True,18,3,0,us,-0.005248231796904368,-0.0009817913009108423,0.25
SOL,1786042800,1786046280.0,72.8225,72.822,72.865,-0.0005764084,1.2838e-06,4030810.0199999996,99637967.2885,72.822,72.823,110769.16293,145778.96626999998,-448101.54,-32658620.265744,34682801.974976,17.083333333333332,4.0,8.0,-6.988e-05,72.76,72.8,-6.982e-05,72.76,20.0,0.20695000000000002,0.45,0.15,183103910275.10278,71728840853.7331,54.0,67.0,54.0,58.0,25.0,48.0,54.0,59.0,47.0,81.0,69.0,23.0,49.0,25,Extreme Fear,4245.99,7.11638e-05,7.11038e-05,0.022500000000007958,True,19,3,0,us,0.0005358357319997786,-0.00011751075246018534,0.5
SOL,1786046400,1786049940.0,72.8325,72.833,72.875,-0.0005763293,1.3089e-06,4034242.0399999996,95824406.84625992,72.84,72.841,157825.92217,106026.09922999999,-447316.12,-32574378.6368,34804162.60044,17.083333333333332,4.0,8.0,-6.988e-05,72.81,72.86,-6.982e-05,72.81,0.0,,,,183103910275.10278,71728840853.7331,56.0,70.0,54.0,62.0,24.0,51.0,100.0,63.0,42.0,91.0,70.0,27.0,46.0,25,Extreme Fear,4237.6,7.11889e-05,7.112890000000001e-05,-0.02750000000000341,True,20,3,0,us,0.0001373201963676962,0.0004689094224877046,1.0
SOL,1786050000,1786053540.0,72.8565,72.856,72.895,-0.0005212978,3.1529e-06,4041131.0599999977,95773554.3295701,72.856,72.857,38138.8803,147464.37288999997,-448048.34,-32638081.3273,34833408.178500004,17.083333333333332,4.0,8.0,-6.988e-05,72.83,72.86,-6.982e-05,72.83,7.0,0.22245714285714288,0.42857142857142855,0.14285714285714285,183103910275.10278,71728840853.7331,55.0,71.0,53.0,54.0,0.0,51.0,66.0,60.0,62.0,92.0,63.0,49.0,46.0,25,Extreme Fear,4236.56,7.30329e-05,7.29729e-05,-0.003500000000002501,True,21,3,0,us,0.0003295232210895893,0.0002466081707931945,0.75
SOL,1786053600,1786057140.0,72.6455,72.645,72.685,-0.0005365619,2.3237e-06,4066610.8199999994,93865420.65007006,72.645,72.646,153571.85369,189043.32817000002,-442407.36000000004,-32145332.18305,34986945.46237,17.083333333333332,4.0,8.0,-6.988e-05,72.66,72.69,-6.982e-05,72.66,11.0,0.17594545454545454,0.36363636363636365,0.18181818181818182,183103910275.10278,71728840853.7331,58.0,75.0,59.0,60.0,23.0,61.0,65.0,63.0,32.0,91.0,69.0,41.0,46.0,25,Extreme Fear,4237.97,7.220370000000001e-05,7.214370000000001e-05,-0.04449999999999932,True,22,3,0,us,-0.002896103985231213,-0.0009917241914121414,0.25
SOL,1786057200,1786060740.0,72.6645,72.639,72.675,-0.0001375989,-9.0243e-06,4040623.3600000013,101850541.0097801,72.664,72.665,55782.59059000001,290943.54321000003,-416499.03,-30240789.009456,34661128.508796,17.083333333333332,4.0,8.0,-6.988e-05,72.65,72.7,-6.982e-05,72.64,7.0,-0.2115857142857143,0.2857142857142857,0.42857142857142855,183103910275.10278,71728840853.7331,54.0,71.0,64.0,53.0,30.0,61.0,61.0,58.0,63.0,90.0,77.0,35.0,47.0,25,Extreme Fear,4248.73,6.08557e-05,6.0795700000000005e-05,-0.03549999999999898,True,23,3,0,us,0.000261544073617781,0.0009692848302419367,1.0
SOL,1786060800,1786064340.0,72.5925,72.593,72.635,-0.0005093963,7.0431e-06,4032881.66,104085119.55855012,72.592,72.593,419894.28699999995,25150.14113,-424185.94,-30802262.0331,34883347.0263,17.083333333333332,4.0,8.0,-1.898e-05,72.63,72.65,-1.135e-05,72.63,5.0,0.46731999999999996,0.6,0.0,183420562378.61417,71901809218.364,55.0,70.0,68.0,56.0,30.0,72.0,66.0,62.0,53.0,84.0,71.0,45.0,65.0,29,Fear,4228.45,2.60231e-05,1.83931e-05,-0.05750000000000455,True,0,4,0,asia,-0.0009908552319221053,-0.0007633336182778772,0.5
SOL,1786064400,1786067880.0,72.6885,72.6817,72.715,-0.0003575603,1.05497e-05,4021975.0400000005,102889175.1634,72.688,72.689,236702.29025000002,56612.93545,-427320.77,-31066111.808310002,34841974.839770004,17.083333333333332,4.0,8.0,-1.898e-05,72.7,72.74,-1.135e-05,72.7,5.0,0.22222,0.4,0.2,183420562378.61417,71901809218.364,50.0,67.0,69.0,53.0,0.0,72.0,65.0,58.0,64.0,83.0,77.0,51.0,98.0,29,Fear,4252.15,2.9529700000000003e-05,2.18997e-05,-0.05149999999999011,True,1,4,0,asia,0.0013224506663911395,-0.0010565101290197334,0.75
SOL,1786068000,1786071540.0,72.6845,72.684,72.715,-0.0003809393,1.25e-05,4025490.62,97691540.78049994,72.685,72.686,239528.04428000003,24001.288530000005,-429326.03,-31216194.871366,34739775.655414,17.083333333333332,4.0,8.0,-1.898e-05,72.67,72.71,-1.135e-05,72.67,5.0,0.0988,0.4,0.2,183420562378.61417,71901809218.364,51.0,67.0,60.0,54.0,30.0,65.0,54.0,61.0,51.0,84.0,79.0,100.0,88.0,29,Fear,4246.07,3.1480000000000004e-05,2.385e-05,-0.02549999999999386,True,2,4,0,asia,-5.50293375156663e-05,0.0005940574077959503,1.0
SOL,1786071600,1786075080.0,72.5775,72.577,72.615,-0.0003883495,1.25e-05,4032001.939999999,93203576.34722,72.577,72.578,64549.99305999999,76349.84211000001,-429281.76,-31150104.581655,34669086.416455,17.083333333333332,4.0,8.0,-1.898e-05,72.57,72.62,-1.135e-05,72.58,4.0,0.167625,0.25,0.0,183420562378.61417,71901809218.364,48.0,66.0,63.0,44.0,41.0,64.0,47.0,54.0,45.0,74.0,78.0,52.0,76.0,29,Fear,4262.15,3.1480000000000004e-05,2.385e-05,-0.04250000000000398,True,3,4,0,asia,-0.0014721157880979163,0.00045859915735718096,1.0
SOL,1786075200,1786078740.0,72.6545,72.642,72.675,-0.0002751978,1.25e-05,4040726.1999999997,92992584.80591,72.661,72.662,203798.38747000002,28494.554680000005,-431695.5,-31346275.94396,34608342.38164,17.083333333333332,4.0,8.0,-1.898e-05,72.63,72.67,-1.135e-05,72.63,6.0,0.2638333333333333,0.6666666666666666,0.16666666666666666,183420562378.61417,71901809218.364,50.0,65.0,64.0,42.0,32.0,76.0,49.0,54.0,67.0,73.0,72.0,28.0,65.0,29,Fear,4260.96,3.1480000000000004e-05,2.385e-05,-0.015500000000002956,True,4,4,0,asia,0.001060934862732843,0.0018031054119005984,1.0
SOL,1786078800,1786082340.0,72.8725,72.8708,72.905,-0.0004389274,6.9782e-06,4067929.02,93345069.61428994,72.872,72.873,235660.53292,119014.30236000002,-431484.43000000005,-31443084.165809996,34763703.58037,17.083333333333332,4.0,8.0,-1.898e-05,72.84,72.88,-1.135e-05,72.83,0.0,,,,183420562378.61417,71901809218.364,51.0,59.0,90.0,39.0,30.0,71.0,42.0,60.0,71.0,70.0,71.0,19.0,51.0,29,Fear,4274.47,2.59582e-05,1.83282e-05,-0.007499999999993179,True,5,4,0,asia,0.0030005023776917827,0.0011090127616918029,0.75
SOL,1786082400,1786085940.0,72.8475,72.847,72.885,-0.000507649,6.668e-06,4044703.14,92827305.46551003,72.847,72.848,88254.79440999999,169733.97657,-428922.71,-31233293.89678,34900294.7807,17.083333333333332,4.0,8.0,-1.898e-05,72.81,72.83,-1.135e-05,72.8,3.0,-0.19063333333333332,0.0,0.3333333333333333,183420562378.61417,71901809218.364,52.0,56.0,77.0,34.0,0.0,67.0,42.0,71.0,45.0,61.0,70.0,28.0,49.0,29,Fear,4291.5,2.5648000000000002e-05,1.8018e-05,0.017499999999998295,True,6,4,0,asia,-0.00034306494219360495,3.512323872887919e-05,0.25
SOL,1786086000,1786089540.0,72.9095,72.909,72.945,-0.0004798136,1.21235e-05,4041672.6199999987,93029266.08404996,72.908,72.909,15367.158970000002,347901.5518000001,-429971.2,-31367241.3265,34855708.34878,17.083333333333332,4.0,8.0,-1.898e-05,72.9,72.93,-1.135e-05,72.88,13.0,0.2893,0.46153846153846156,0.0,183420562378.61417,71901809218.364,48.0,51.0,77.0,35.0,17.0,65.0,37.0,63.0,40.0,59.0,71.0,20.0,46.0,29,Fear,4286.81,3.11035e-05,2.3473499999999998e-05,-0.02050000000001262,True,7,4,0,asia,0.0008510930368235137,0.0009851971926169946,1.0
SOL,1786089600,1786093140.0,73.1535,73.15,73.175,-0.000235053,1.25e-05,4013157.2,93777375.75593996,73.153,73.154,222905.29509000003,76268.04153999999,-426286.55,-31186562.50435,34111704.66055,17.083333333333332,4.0,8.0,3.45e-05,73.16,73.2,3.768e-05,73.16,9.0,0.3015333333333333,0.5555555555555556,0.2222222222222222,183420562378.61417,71901809218.364,47.0,50.0,89.0,35.0,20.0,69.0,37.0,62.0,32.0,56.0,61.0,14.0,45.0,29,Fear,4302.05,-2.2e-05,-2.518e-05,-0.04650000000000887,True,8,4,0,europe,0.0033466146386960105,-0.001575343337840319,0.25
SOL,1786093200,1786096740.0,73.6025,73.602,73.625,-0.0002988115,1.25e-05,4015740.920000001,96978034.58823982,73.602,73.603,177602.18597,108701.11342000001,-418459.06000000006,-30783447.158095,33223225.561267003,17.083333333333332,3.0,9.0,3.45e-05,73.59,73.63,3.768e-05,73.59,7.0,0.18114285714285713,0.42857142857142855,0.14285714285714285,183420562378.61417,71901809218.364,47.0,50.0,79.0,34.0,22.0,63.0,38.0,53.0,31.0,54.0,62.0,17.0,45.0,29,Fear,4311.29,-2.2e-05,-2.518e-05,-0.0274999999999892,True,9,4,0,europe,0.006137778780236358,0.001592870968296127,1.0
SOL,1786096800,1786100340.0,73.5095,73.508,73.535,-0.0003399742,1.25e-05,4036596.1999999997,95075945.8649299,73.509,73.51,477046.89823000005,68478.76253,-420901.63,-30939176.96449,33381670.91991,17.083333333333332,3.0,9.0,3.45e-05,73.51,73.53,3.768e-05,73.49,9.0,0.2887111111111111,0.5555555555555556,0.1111111111111111,183420562378.61417,71901809218.364,47.0,50.0,55.0,33.0,25.0,59.0,39.0,51.0,32.0,58.0,57.0,20.0,51.0,29,Fear,4311.24,-2.2e-05,-2.518e-05,-0.02049999999999841,True,10,4,0,europe,-0.00126354403722706,-0.0025892421791600334,0.25
SOL,1786100400,1786103880.0,73.6085,73.604,73.615,-8.15051e-05,1.25e-05,4078631.4199999995,95703600.01291007,73.605,73.606,34967.26137,281499.15992,-426947.86,-31420874.6491,33846305.20866,17.083333333333332,3.0,9.0,3.45e-05,73.61,73.62,3.768e-05,73.59,18.0,0.18405555555555556,0.4444444444444444,0.2222222222222222,183420562378.61417,71901809218.364,49.0,57.0,49.0,33.0,0.0,57.0,58.0,49.0,27.0,61.0,56.0,24.0,55.0,29,Fear,4316.28,-2.2e-05,-2.518e-05,-0.011499999999998067,True,11,4,0,europe,0.001346764703881842,-0.0011521001799984247,0.5
SOL,1786104000,1786107480.0,73.8725,73.873,73.905,-0.0004329883,1.25e-05,4071117.099999999,98187791.24553,73.872,73.873,2241.86427,200470.93721,-429652.22000000003,-31738640.289256997,34108864.962177,17.083333333333332,3.0,9.0,3.45e-05,73.88,73.9,3.768e-05,73.85,15.0,0.23947333333333334,0.4,0.2,183420562378.61417,71901809218.364,49.0,60.0,48.0,38.0,0.0,55.0,63.0,51.0,37.0,64.0,58.0,36.0,56.0,29,Fear,4351.79,-2.2e-05,-2.518e-05,-0.02750000000000341,True,12,4,0,europe,0.0035865423150858167,-0.0011643242517483015,0.5
SOL,1786107600,1786111080.0,74.1795,74.179,74.215,-0.0004716028,1.19656e-05,4055504.399999999,99041430.66380984,74.179,74.18,78834.264,90043.42649000001,-427559.51,-31766632.746591,34154527.646131,17.083333333333332,3.0,9.0,3.45e-05,74.09,74.13,3.768e-05,74.08,6.0,-0.16149999999999998,0.16666666666666666,0.5,183420562378.61417,71901809218.364,53.0,67.0,49.0,43.0,14.0,53.0,59.0,54.0,38.0,68.0,60.0,25.0,53.0,29,Fear,4338.52,-2.25344e-05,-2.57144e-05,0.04950000000000898,True,13,4,0,us,0.004155808995228272,0.007864469722232828,1.0
SOL,1786111200,1786114740.0,73.7205,73.712,73.745,-0.0003254458,2.995e-06,4059746.3200000008,98984946.7390501,73.72,73.721,175768.49709999998,104276.3197,-418554.63,-30838833.58761,33242294.30765,17.083333333333332,3.0,9.0,3.45e-05,73.68,73.72,3.768e-05,73.67,12.0,0.2803583333333333,0.5,0.08333333333333333,183420562378.61417,71901809218.364,52.0,62.0,54.0,49.0,14.0,57.0,60.0,51.0,37.0,69.0,60.0,34.0,60.0,29,Fear,4333.59,-3.1505e-05,-3.4685e-05,0.0005000000000023874,True,14,4,0,us,-0.00618769336541769,-0.005198130155784013,0.5
SOL,1786114800,1786118340.0,73.8785,73.879,73.905,-0.000351803,1.25e-05,4068591.2400000007,96499777.25737,73.878,73.879,69177.70258,136680.80407,-420864.37,-31089955.73952,33495981.48848,17.083333333333332,3.0,9.0,3.45e-05,73.85,73.88,3.768e-05,73.84,14.0,0.10837142857142858,0.2857142857142857,0.21428571428571427,183420562378.61417,71901809218.364,49.0,64.0,47.0,49.0,13.0,52.0,63.0,49.0,40.0,75.0,62.0,42.0,74.0,29,Fear,4334.27,-2.2e-05,-2.518e-05,-0.0014999999999929514,True,15,4,0,us,0.0021432301734252146,0.0030478707537328533,1.0
SOL,1786118400,1786121940.0,73.6295,73.63,73.665,-0.0004751239,1.25e-05,4083732.6599999983,94773741.89284998,73.617,73.618,11959.085089999999,149040.91500999997,-423959.86,-31239351.120604,33634985.921724,17.083333333333332,3.0,9.0,0.0001,73.55,73.57,-2.752e-05,73.53,13.0,0.10056153846153847,0.46153846153846156,0.38461538461538464,183420562378.61417,71901809218.364,48.0,63.0,47.0,47.0,14.0,52.0,62.0,47.0,33.0,76.0,59.0,31.0,60.0,29,Fear,4323.43,-8.75e-05,4.002e-05,0.059499999999999886,True,16,4,0,us,-0.003370398695154986,-0.0016404907975197634,0.75
SOL,1786122000,1786125540.0,73.3825,73.375,73.405,-0.0002997071,1.24311e-05,4042499.5600000005,99489714.27216996,73.382,73.383,187247.51143,97692.21298999999,-418541.33,-30638983.34699,32998682.831469998,17.083333333333332,3.0,9.0,0.0001,73.38,73.43,-2.752e-05,73.39,10.0,0.10527,0.2,0.2,183420562378.61417,71901809218.364,49.0,64.0,45.0,51.0,18.0,54.0,65.0,49.0,35.0,75.0,69.0,26.0,49.0,29,Fear,4333.53,-8.756890000000001e-05,3.9951100000000004e-05,-0.04750000000001364,True,17,4,0,us,-0.003354633672644769,-0.002107039955397592,0.5
SOL,1786125600,1786129140.0,73.3505,73.351,73.385,-0.0004633099,9.0881e-06,4040620.86,97671698.98876,73.35,73.351,218834.79354,41714.898329999996,-415673.86,-30472880.40408,32840601.85732,17.083333333333332,3.0,9.0,0.0001,73.37,73.41,-2.752e-05,73.38,19.0,0.18577894736842104,0.5263157894736842,0.15789473684210525,183420562378.61417,71901809218.364,54.0,63.0,56.0,59.0,40.0,57.0,61.0,57.0,75.0,76.0,61.0,42.0,46.0,29,Fear,4329.11,-9.09119e-05,3.66081e-05,-0.059499999999999886,True,18,4,0,us,-0.00043607127039824167,0.0005286621041755125,1.0
SOL,1786129200,1786131540.0,73.7735,73.773,73.8085,-0.0004674258,7.8049e-06,4085446.5199999977,100963247.58737002,73.773,73.774,107333.64677999998,82287.48773,-410199.86,-30253787.239795,32702080.777445,17.083333333333332,3.0,9.0,0.0001,74.0,74.02,-2.752e-05,73.98,16.0,0.2313625,0.5,0.1875,183420562378.61417,71901809218.364,50.0,69.0,51.0,51.0,0.0,57.0,85.0,56.0,38.0,77.0,60.0,34.0,45.0,29,Fear,4337.34,-9.21951e-05,3.53249e-05,-0.2464999999999975,True,19,4,0,us,0.00576683185527016,0.001089323801382689,0.75
SOL,1786132800,1786136340.0,73.7715,73.771,73.806,-0.0004606672,4.5634e-06,4038515.459999999,105612924.85747,73.793,73.794,185718.89128,109434.31279000003,-404287.67000000004,-29824567.260449998,32268759.020109996,17.083333333333332,3.0,9.0,0.0001,73.8,73.84,-2.752e-05,73.79,0.0,,,,183420562378.61417,71901809218.364,58.0,70.0,28.0,57.0,65.0,36.0,68.0,70.0,47.0,82.0,46.0,43.0,46.0,29,Fear,4335.34,-9.54366e-05,3.20834e-05,-0.06850000000000023,True,20,4,0,us,-2.711000562527488e-05,-0.0001183151640454297,0.75
SOL,1786136400,1786139940.0,73.5895,73.59,73.6253,-0.0004794548,4.4806e-06,4033167.6399999983,104555966.19874991,73.589,73.59,69310.79117,126993.8568,-403719.87,-29723900.150429998,32173450.34457,17.083333333333332,3.0,9.0,0.0001,73.63,73.65,-2.752e-05,73.62,10.0,0.11979999999999999,0.4,0.2,183420562378.61417,71901809218.364,52.0,67.0,18.0,49.0,26.0,19.0,75.0,55.0,48.0,86.0,31.0,43.0,45.0,29,Fear,4338.28,-9.55194e-05,3.20006e-05,-0.06050000000000466,True,21,4,0,us,-0.002467077394386785,-0.0016304885028291982,0.5
SOL,1786140000,1786143540.0,73.6005,73.599,73.63,-0.0003938612,6.2227e-06,4034714.52,102579511.19825996,73.6,73.601,54843.84473999999,147447.54581999997,-402479.6,-29619681.2028,32069570.0949,17.083333333333332,3.0,9.0,0.0001,73.61,73.65,-2.752e-05,73.62,9.0,0.3612777777777778,0.5555555555555556,0.1111111111111111,183420562378.61417,71901809218.364,54.0,70.0,19.0,55.0,35.0,22.0,77.0,59.0,53.0,90.0,37.0,37.0,51.0,29,Fear,4343.73,-9.37773e-05,3.37427e-05,-0.04950000000000898,True,22,4,0,us,0.0001494778467037161,0.0010534627482060317,0.75
SOL,1786143600,1786147080.0,73.6415,73.641,73.6766,-0.0004696199,7.62e-06,4036155.7399999998,88986552.66220997,73.641,73.642,33079.312130000006,229120.72124,-402369.57,-29630897.91238,32082405.98636,17.083333333333332,3.0,9.0,0.0001,73.62,73.66,-2.752e-05,73.63,23.0,0.07764347826086956,0.391304347826087,0.2608695652173913,183420562378.61417,71901809218.364,54.0,74.0,18.0,55.0,0.0,26.0,85.0,59.0,64.0,93.0,38.0,57.0,50.0,29,Fear,4344.47,-9.238e-05,3.514e-05,-0.01850000000000307,True,23,4,0,us,0.0005570614330066004,-0.0001307395199207493,0.75
SOL,1786147200,1786150740.0,73.6825,73.682,73.715,-0.0004341043,9.7494e-06,4035261.8799999985,88931620.68876992,73.682,73.683,45555.67385000001,72007.15779000001,-403125.14,-29704244.73788,32158158.60848,17.083333333333332,3.0,9.0,8.378e-05,73.68,73.71,5.781e-05,73.68,0.0,,,,183416069330.6819,72129802847.59998,55.0,74.0,19.0,52.0,0.0,28.0,93.0,55.0,51.0,83.0,42.0,34.0,74.0,30,Fear,4344.58,-7.40306e-05,-4.80606e-05,-0.0274999999999892,True,0,5,1,asia,0.0005567512883362102,0.0005748055741899329,1.0
SOL,1786150800,1786154340.0,73.8725,73.872,73.895,-0.0002977197,1.25e-05,4038431.479999999,88323110.92139994,73.872,73.873,65595.71850999999,216678.97629000002,-405220.01,-29934469.332909003,32393427.763979003,17.083333333333332,3.0,9.0,8.378e-05,73.85,73.88,5.781e-05,73.83,0.0,,,,183416069330.6819,72129802847.59998,45.0,68.0,16.0,44.0,0.0,24.0,91.0,49.0,50.0,74.0,30.0,35.0,100.0,30,Fear,4338.15,-7.128e-05,-4.531e-05,-0.007499999999993179,True,1,5,1,asia,0.0025786312896549646,0.002507807914362676,1.0
SOL,1786154400,1786157940.0,73.8385,73.838,73.875,-0.0004873096,1.25e-05,4040881.1399999987,87991829.09151012,73.838,73.839,102748.34214,82151.18932,-404925.79000000004,-29901323.93764,32362616.82476,17.083333333333332,3.0,9.0,8.378e-05,73.83,73.86,5.781e-05,73.82,11.0,0.15474545454545455,0.45454545454545453,0.09090909090909091,183416069330.6819,72129802847.59998,44.0,62.0,15.0,40.0,36.0,24.0,75.0,51.0,49.0,76.0,29.0,39.0,100.0,30,Fear,4338.74,-7.128e-05,-4.531e-05,-0.021500000000003183,True,2,5,1,asia,-0.0004602524620123116,-0.0004778339517667497,0.75
SOL,1786158000,1786161540.0,74.9105,74.91,74.9349,-0.0003189435,1.25e-05,4037204.5999999978,94795345.86379005,74.901,74.902,540058.99582,55450.834919999994,-409371.65,-30655524.039956,33152940.368556,17.083333333333332,3.0,9.0,8.378e-05,74.81,74.83,5.781e-05,74.81,5.0,-0.008520000000000017,0.2,0.4,183416069330.6819,72129802847.59998,44.0,66.0,13.0,46.0,33.0,23.0,69.0,54.0,64.0,77.0,37.0,0.0,92.0,30,Fear,4340.33,-7.128e-05,-4.531e-05,0.08050000000000068,True,3,5,1,asia,0.014518171414641401,0.012388698370071824,1.0
SOL,1786161600,1786165140.0,74.6005,74.601,74.62,-0.0002546234,1.25e-05,4045907.3999999985,96846619.62486994,74.6,74.601,93978.68711,262894.27971,-414283.02,-30909805.030858003,33368558.636046,17.083333333333332,3.0,9.0,8.378e-05,74.61,74.64,5.781e-05,74.6,6.0,0.04803333333333332,0.3333333333333333,0.16666666666666666,183416069330.6819,72129802847.59998,42.0,61.0,11.0,34.0,28.0,20.0,59.0,49.0,35.0,71.0,30.0,33.0,74.0,30,Fear,4333.27,-7.128e-05,-4.531e-05,-0.039500000000003865,True,4,5,1,asia,-0.0041382716708605605,-0.0035637504279259565,0.25
SOL,1786165200,1786168740.0,74.5895,74.589,74.605,-0.0002010589,1.25e-05,4054058.399999998,94629481.24191,74.589,74.59,41224.21537,107737.81682,-416397.79000000004,-31057007.10821,33452839.90351,17.083333333333332,3.0,9.0,8.378e-05,74.64,74.66,5.781e-05,74.63,8.0,0.1515,0.375,0.25,183416069330.6819,72129802847.59998,43.0,54.0,16.0,37.0,0.0,21.0,54.0,62.0,39.0,69.0,28.0,31.0,57.0,30,Fear,4336.92,-7.128e-05,-4.531e-05,-0.07049999999999557,True,5,5,1,asia,-0.00014745209482502908,-3.495858456330724e-05,0.25
SOL,1786168800,1786172340.0,74.6955,74.695,74.71,-0.0001873912,1.25e-05,4068817.6199999973,92263926.12629004,74.695,74.696,173895.05943,111977.70194,-417475.71,-31195226.31933,33548756.15373,17.083333333333332,3.0,9.0,8.378e-05,74.68,74.7,5.781e-05,74.68,8.0,0.41168750000000004,0.75,0.125,183416069330.6819,72129802847.59998,47.0,56.0,47.0,33.0,0.0,20.0,51.0,81.0,26.0,74.0,27.0,39.0,57.0,30,Fear,4337.99,-7.128e-05,-4.531e-05,-0.004500000000007276,True,6,5,1,asia,0.0014211115505533556,0.001159860525563127,1.0
SOL,1786172400,1786175880.0,74.7655,74.765,74.79,-0.0003208985,1.25e-05,4060632.2399999984,92340266.14016986,74.765,74.766,214213.77748000005,42712.75906,-417496.58,-31205670.435200002,33495341.1325,17.083333333333332,3.0,9.0,8.378e-05,74.79,74.82,5.781e-05,74.78,5.0,0.49326,0.8,0.2,183416069330.6819,72129802847.59998,43.0,50.0,25.0,33.0,0.0,21.0,50.0,71.0,30.0,67.0,26.0,37.0,55.0,30,Fear,4338.71,-7.128e-05,-4.531e-05,-0.05449999999999022,True,7,5,1,asia,0.0009371381140765855,0.001878570665949908,1.0
SOL,1786176000,1786179540.0,74.7675,74.767,74.7916,-0.0002513651,1.25e-05,4045185.84,93316297.97618997,74.771,74.772,137510.51823,104979.09891000002,-419625.9,-31371296.899689,33577319.716929,17.083333333333332,3.0,9.0,0.0001,74.78,74.8,9.329e-05,74.77,11.0,0.21943636363636365,0.5454545454545454,0.18181818181818182,183416069330.6819,72129802847.59998,40.0,49.0,20.0,30.0,0.0,19.0,45.0,60.0,30.0,59.0,25.0,25.0,56.0,30,Fear,4341.81,-8.75e-05,-8.078999999999999e-05,-0.03249999999999886,True,8,5,1,europe,2.6750305956557696e-05,-0.0006408341915789146,0.25
SOL,1786179600,1786183080.0,74.8475,74.842,74.87,-0.0002938427,1.25e-05,4050492.8399999994,87493758.56524996,74.847,74.848,37047.94106999999,89978.35884,-420506.42,-31472416.28513,33668781.53755,17.083333333333332,3.0,9.0,0.0001,74.85,74.87,9.329e-05,74.83,11.0,0.012572727272727275,0.18181818181818182,0.18181818181818182,183416069330.6819,72129802847.59998,39.0,47.0,11.0,27.0,0.0,20.0,45.0,49.0,0.0,60.0,21.0,20.0,53.0,30,Fear,4342.75,-8.75e-05,-8.078999999999999e-05,-0.022500000000007958,True,9,5,1,europe,0.001069983615875847,0.0010865276955180157,1.0
SOL,1786183200,1786186740.0,75.0805,75.081,75.1085,-0.000366137,1.25e-05,4042185.56,87925905.53814992,75.08,75.081,79364.19619999999,128044.22197000001,-419412.26,-31479988.50283,33669402.69397,17.083333333333332,3.0,9.0,0.0001,75.06,75.06,9.329e-05,75.05,9.0,-0.09861111111111111,0.1111111111111111,0.3333333333333333,183416069330.6819,72129802847.59998,41.0,56.0,16.0,31.0,34.0,26.0,47.0,55.0,28.0,60.0,27.0,30.0,55.0,30,Fear,4338.86,-8.75e-05,-8.078999999999999e-05,0.02049999999999841,True,10,5,1,europe,0.003112996426066328,0.002696029950441924,0.75
SOL,1786186800,1786190280.0,75.667,75.62,75.647,0.0002379473,1.25e-05,4091110.2,92733005.58636001,75.66,75.661,68310.31988,54004.74436,-419039.5,-31615710.40959,33814988.06521,17.083333333333332,3.0,9.0,0.0001,75.58,75.6,9.329e-05,75.56,3.0,0.3932666666666667,0.6666666666666666,0.0,183416069330.6819,72129802847.59998,42.0,56.0,17.0,33.0,28.0,25.0,54.0,48.0,39.0,63.0,31.0,15.0,60.0,30,Fear,4340.24,-8.75e-05,-8.078999999999999e-05,0.06700000000000728,True,11,5,1,europe,0.00781161553266152,0.008591824559255796,1.0
SOL,1786190400,1786193880.0,75.4055,75.405,75.4263,-0.0002691369,1.25e-05,4093207.48,90395516.69096014,75.405,75.406,87539.54005000001,240085.34075000006,-420767.43,-31732258.677014,33746373.271394,17.083333333333332,3.0,9.0,0.0001,75.41,75.43,9.329e-05,75.4,17.0,0.051435294117647065,0.23529411764705882,0.17647058823529413,183416069330.6819,72129802847.59998,44.0,57.0,16.0,30.0,0.0,28.0,59.0,50.0,33.0,65.0,30.0,28.0,59.0,30,Fear,4341.24,-8.75e-05,-8.078999999999999e-05,-0.024500000000003297,True,12,5,1,europe,-0.0034559319121941767,-0.004035169816091133,0.25
SOL,1786194000,1786197480.0,75.5145,75.501,75.515,0.0,1.25e-05,4103574.8599999985,88241272.60938002,75.52,75.521,188446.27723999997,201572.73946,-421680.32000000007,-31847960.36622,33554244.70246,17.083333333333332,3.0,9.0,0.0001,75.51,75.52,9.329e-05,75.49,14.0,-0.1475357142857143,0.21428571428571427,0.42857142857142855,183416069330.6819,72129802847.59998,45.0,54.0,22.0,30.0,0.0,28.0,58.0,45.0,43.0,71.0,34.0,16.0,62.0,30,Fear,4342.23,-8.75e-05,-8.078999999999999e-05,-0.00549999999999784,True,13,5,1,us,0.0014455178998877827,0.001248062143862291,1.0
SOL,1786197600,1786201140.0,76.4435,76.443,76.4697,-0.0003360808,1.25e-05,4147302.6999999913,94800184.35248026,76.447,76.448,75811.71793,74239.94386,-422300.30000000005,-32175218.33026,33691004.55876,17.083333333333332,3.0,9.0,0.0001,76.48,76.48,9.329e-05,76.47,9.0,0.06016666666666665,0.3333333333333333,0.3333333333333333,183416069330.6819,72129802847.59998,42.0,57.0,19.0,36.0,0.0,25.0,58.0,47.0,42.0,77.0,28.0,35.0,63.0,30,Fear,4342.61,-8.75e-05,-8.078999999999999e-05,-0.03650000000000375,True,14,5,1,us,0.012302273073383274,0.010001599580309866,1.0
SOL,1786201200,1786204680.0,76.4145,76.41,76.4285,-0.0001766357,1.25e-05,4179035.379999999,105167984.12084997,76.414,76.415,143265.09076,49796.06668,-422163.99,-32259191.731099997,33655663.0653,17.083333333333332,3.0,9.0,0.0001,76.37,76.4,9.329e-05,76.36,16.0,0.33274375,0.625,0.125,183416069330.6819,72129802847.59998,45.0,55.0,25.0,41.0,0.0,20.0,61.0,48.0,14.0,74.0,26.0,20.0,83.0,30,Fear,4345.18,-8.75e-05,-8.078999999999999e-05,0.014499999999998181,True,15,5,1,us,-0.00037936515204040067,0.00034235025964543596,0.5
SOL,1786204800,1786208340.0,76.3665,76.361,76.385,-0.0002251751,1.25e-05,4221106.020000007,107500856.50338984,76.366,76.367,124811.22886000002,49109.29473,-427074.5,-32615809.2018,33780597.38832,17.083333333333332,3.0,9.0,0.0001,76.34,76.38,0.0001,76.35,5.0,0.12332000000000001,0.2,0.0,183416069330.6819,72129802847.59998,47.0,54.0,44.0,37.0,0.0,23.0,62.0,53.0,10.0,80.0,28.0,30.0,66.0,30,Fear,4341.26,-8.75e-05,-8.75e-05,-0.013499999999993406,True,16,5,1,us,-0.00062815303378283,-0.00043487850826879904,0.25
SOL,1786208400,1786211940.0,76.3845,76.385,76.41,-0.0003271823,1.25e-05,4266267.600000004,104667657.81952995,76.384,76.385,36336.50853,98267.1161,-431294.04,-32938039.816909,33839293.907673,17.083333333333332,3.0,9.0,0.0001,76.37,76.39,0.0001,76.34,8.0,0.4247625,0.75,0.25,183416069330.6819,72129802847.59998,44.0,55.0,22.0,37.0,0.0,24.0,62.0,54.0,17.0,79.0,28.0,23.0,53.0,30,Fear,4341.65,-8.75e-05,-8.75e-05,-0.00549999999999784,True,17,5,1,us,0.00023570544676010385,-0.0002758335663679781,0.5
SOL,1786212000,1786215540.0,76.1135,76.113,76.145,-0.000407118,1.25e-05,4240055.38,108779032.49970017,76.113,76.114,81676.33836,96866.26451,-426206.32,-32424276.44909,33281852.91005,17.083333333333332,3.0,9.0,0.0001,76.12,76.14,0.0001,76.08,12.0,0.18500000000000003,0.5,0.08333333333333333,183416069330.6819,72129802847.59998,48.0,57.0,24.0,40.0,58.0,29.0,62.0,56.0,19.0,78.0,35.0,29.0,54.0,30,Fear,4343.12,-8.75e-05,-8.75e-05,-0.026499999999998636,True,18,5,1,us,-0.0035478402031825507,-0.0021780609372376606,0.25
SOL,1786215600,1786219140.0,76.1625,76.163,76.19,-0.000317627,1.25e-05,4274731.359999999,105844014.81148992,76.162,76.163,155725.63542,150007.70244,-428981.6,-32666554.037189998,33319330.30149,17.083333333333332,3.0,9.0,0.0001,76.13,76.16,0.0001,76.12,17.0,0.0877235294117647,0.35294117647058826,0.23529411764705882,183416069330.6819,72129802847.59998,49.0,55.0,23.0,43.0,19.0,29.0,63.0,58.0,9.0,83.0,39.0,35.0,54.0,30,Fear,4342.28,-8.75e-05,-8.75e-05,0.0024999999999977263,True,19,5,1,us,0.0006437754143482355,-9.68775439921058e-05,0.75
SOL,1786219200,1786222740.0,76.2405,76.24,76.245,-5.24625e-05,1.25e-05,4307710.600000003,103863431.2948201,76.24,76.241,96543.22430999999,187985.75335,-434336.22000000003,-33095551.291559998,33397258.796520002,17.083333333333332,3.0,9.0,0.0001,76.23,76.25,0.0001,76.22,9.0,0.3802333333333333,0.5555555555555556,0.0,183416069330.6819,72129802847.59998,53.0,62.0,27.0,47.0,31.0,30.0,63.0,64.0,13.0,79.0,47.0,23.0,52.0,30,Fear,4342.72,-8.75e-05,-8.75e-05,-0.009500000000002728,True,20,5,1,us,0.0010241260462826585,0.0011533908723678733,0.75
SOL,1786222800,1786226340.0,76.1945,76.193,76.205,-0.000131225,1.25e-05,4346413.960000001,106776128.72616002,76.194,76.195,113682.63809,129570.62056,-443178.41000000003,-33756687.62241,33954915.37867,17.083333333333332,2.0,10.0,0.0001,76.19,76.2,0.0001,76.17,16.0,0.024531249999999994,0.3125,0.3125,183416069330.6819,72129802847.59998,58.0,71.0,27.0,46.0,23.0,42.0,77.0,64.0,19.0,85.0,48.0,41.0,48.0,30,Fear,4342.97,-8.75e-05,-8.75e-05,-0.00549999999999784,True,21,5,1,us,-0.0006033538604808264,0.0005795401555968886,0.75
SOL,1786226400,1786229940.0,75.8955,75.899,75.913,-0.0002239406,1.25e-05,4357748.219999999,110812901.43619005,75.895,75.896,141610.96633000002,96963.34164,-445002.89,-33771446.86881,33971312.703329995,17.083333333333332,2.0,10.0,0.0001,75.89,75.91,0.0001,75.86,10.0,0.06808,0.1,0.0,183416069330.6819,72129802847.59998,57.0,68.0,30.0,53.0,32.0,38.0,74.0,68.0,17.0,86.0,48.0,35.0,50.0,30,Fear,4342.98,-8.75e-05,-8.75e-05,-0.014499999999998181,True,22,5,1,us,-0.003924167754890573,-0.002730719657597454,0.25
SOL,1786230000,1786233480.0,76.0125,76.012,76.0203,-9.6027e-05,1.25e-05,4384812.120000001,114016346.22472996,76.012,76.013,55149.84611,445207.5848700001,-450888.1,-34264124.304620996,34458792.112857,17.083333333333332,2.0,10.0,0.0001,76.0,76.01,0.0001,75.98,9.0,-0.026544444444444457,0.2222222222222222,0.2222222222222222,183416069330.6819,72129802847.59998,57.0,68.0,29.0,52.0,32.0,40.0,86.0,70.0,19.0,86.0,47.0,25.0,51.0,30,Fear,4347.04,-8.75e-05,-8.75e-05,0.0024999999999977263,True,23,5,1,us,0.0015415933751012911,0.0012799285643527683,1.0
SOL,1786233600,1786237140.0,75.9835,75.983,75.9912,-9.47478e-05,1.25e-05,4424119.359999998,116371854.69924012,75.986,75.987,91972.57949,24531.011700000003,-458191.04000000004,-34766459.228936,34957401.001128,17.083333333333332,2.0,10.0,0.0001,76.0,76.02,9.5e-05,75.99,7.0,0.2637285714285714,0.42857142857142855,0.2857142857142857,183135442645.17242,72152411817.81174,55.0,72.0,33.0,55.0,53.0,33.0,92.0,73.0,18.0,86.0,50.0,30.0,69.0,31,Fear,4345.9,-8.75e-05,-8.25e-05,-0.03649999999998954,True,0,6,1,asia,-0.00038151619799364767,-0.0006233802776617162,0.25
SOL,1786237200,1786240740.0,75.9085,75.905,75.905,3.95231e-05,1.25e-05,4453679.240000001,119233228.2980799,75.901,75.902,26395.795809999996,569883.5741099999,-464333.06,-35249379.91684,35436621.79784,17.083333333333332,2.0,10.0,0.0001,75.86,75.87,9.5e-05,75.84,6.0,0.01608333333333334,0.16666666666666666,0.16666666666666666,183135442645.17242,72152411817.81174,53.0,77.0,37.0,58.0,69.0,39.0,88.0,72.0,22.0,87.0,52.0,36.0,100.0,31,Fear,4344.33,-8.75e-05,-8.25e-05,0.03849999999999909,True,1,6,1,asia,-0.0009870564004027527,0.0009653262257825223,0.5
SOL,1786240800,1786244280.0,75.8305,75.83,75.835,-5.27461e-05,1.25e-05,4497963.640000001,121811661.29515009,75.83,75.831,128608.46946000001,114435.88506,-471739.28,-35772124.073952,35960745.132552,17.083333333333332,2.0,10.0,0.0001,75.86,75.86,9.5e-05,75.84,4.0,0.10577500000000001,0.5,0.25,183135442645.17242,72152411817.81174,53.0,75.0,62.0,57.0,50.0,39.0,76.0,62.0,21.0,85.0,57.0,33.0,96.0,31,Fear,4347.27,-8.75e-05,-8.25e-05,-0.02949999999999875,True,2,6,1,asia,-0.001027552909094509,-5.45704595405394e-05,0.5
SOL,1786244400,1786247940.0,75.9895,75.989,75.995,-6.57938e-05,1.25e-05,4519558.760000001,118172738.69447991,75.971,75.976,51270.204509999996,11939.9427,-475540.67000000004,-36133698.85403,36327055.067729995,17.083333333333332,2.0,10.0,0.0001,75.97,75.99,9.5e-05,75.95,3.0,0.25256666666666666,0.3333333333333333,0.0,183135442645.17242,72152411817.81174,52.0,71.0,39.0,53.0,52.0,36.0,61.0,61.0,14.0,79.0,43.0,35.0,91.0,31,Fear,4343.83,-8.75e-05,-8.25e-05,-0.0004999999999881766,True,3,6,1,asia,0.0020967816379953153,0.0026993827048162515,1.0
SOL,1786248000,1786251540.0,75.9695,75.969,75.965,5.26558e-05,1.25e-05,4548767.76,117328858.23117003,75.969,75.97,74926.76613999999,432579.32608,-480680.66000000003,-36516829.059539996,36708213.203099996,17.083333333333332,2.0,10.0,0.0001,75.95,75.98,9.5e-05,75.95,8.0,0.0920625,0.25,0.125,183135442645.17242,72152411817.81174,52.0,69.0,30.0,51.0,24.0,42.0,57.0,63.0,14.0,80.0,46.0,34.0,78.0,31,Fear,4345.52,-8.75e-05,-8.25e-05,-0.010500000000007503,True,4,6,1,asia,-0.00026319425710141786,-0.00020620701268228364,0.5
SOL,1786251600,1786255140.0,76.0125,76.004,75.995,0.0002236989,1.25e-05,4576953.260000002,117841695.62937996,76.012,76.013,56085.72067000001,205071.61635999999,-488600.61,-37143330.007970005,37332311.31065,17.083333333333332,2.0,10.0,0.0001,75.99,76.01,9.5e-05,75.99,5.0,0.07379999999999998,0.4,0.4,183135442645.17242,72152411817.81174,53.0,57.0,38.0,45.0,28.0,36.0,52.0,66.0,14.0,73.0,38.0,24.0,63.0,31,Fear,4346.5,-8.75e-05,-8.25e-05,0.0024999999999977263,True,5,6,1,asia,0.0005660166250931464,0.000395756853048039,1.0
SOL,1786255200,1786258740.0,76.3955,76.388,76.385,0.0001309158,1.25e-05,4605628.3,118950182.45282002,76.402,76.403,211390.43703,30827.3365,-498617.54000000004,-38139682.73904,38330126.140592,17.083333333333332,2.0,10.0,0.0001,76.4,76.41,9.5e-05,76.39,4.0,0.10972500000000002,0.5,0.25,183135442645.17242,72152411817.81174,53.0,68.0,16.0,39.0,49.0,31.0,47.0,24.0,9.0,75.0,35.0,31.0,64.0,31,Fear,4346.62,-8.75e-05,-8.25e-05,-0.014499999999998181,True,6,6,1,asia,0.005038644959710625,0.003845281353447758,1.0
SOL,1786258800,1786262280.0,76.3465,76.346,76.3453,9.1689e-06,1.25e-05,4628830.200000001,120199764.53248999,76.346,76.347,217978.10798999996,31451.26871,-502392.95999999996,-38349092.24096,38540920.123279996,17.083333333333332,2.0,10.0,0.0001,76.34,76.36,9.5e-05,76.33,10.0,0.20118,0.5,0.2,183135442645.17242,72152411817.81174,50.0,58.0,11.0,39.0,25.0,31.0,44.0,20.0,11.0,67.0,29.0,38.0,63.0,31,Fear,4354.53,-8.75e-05,-8.25e-05,-0.013499999999993406,True,7,6,1,asia,-0.0006413990352833743,-4.24941452421664e-05,0.25
SOL,1786262400,1786265940.0,76.3255,76.325,76.325,0.0,1.25e-05,4671880.440000002,119138785.53154993,76.325,76.326,86703.82611000001,114028.35639,-511061.63,-38988156.960603,39178484.650639,17.083333333333332,2.0,10.0,0.0001,76.3,76.32,0.0001,76.29,10.0,0.16663,0.3,0.2,183135442645.17242,72152411817.81174,44.0,51.0,8.0,35.0,0.0,28.0,44.0,19.0,0.0,60.0,31.0,15.0,59.0,31,Fear,4350.73,-8.75e-05,-8.75e-05,0.005500000000012051,True,8,6,1,europe,-0.0002750617251610077,-0.00012690327386609385,0.75
SOL,1786266000,1786269540.0,76.3995,76.399,76.4,0.0,1.25e-05,4697147.2,120550808.3462102,76.399,76.4,98960.33086,59736.34926,-515542.05,-39409580.92815,39605325.46053,17.083333333333332,2.0,10.0,0.0001,76.42,76.44,0.0001,76.4,6.0,0.28063333333333335,0.6666666666666666,0.0,183135442645.17242,72152411817.81174,44.0,48.0,8.0,36.0,26.0,29.0,41.0,20.0,8.0,63.0,29.0,20.0,54.0,31,Fear,4347.52,-8.75e-05,-8.75e-05,-0.04049999999999443,True,9,6,1,europe,0.0009695318078493109,7.61451766775373e-05,0.75
SOL,1786269600,1786273080.0,76.4005,76.415,76.415,-0.0001832101,1.25e-05,4724263.64,120336140.34591003,76.4,76.401,189442.3853,55247.543359999996,-521322.51,-39838725.38945,40034179.70805,17.083333333333332,2.0,10.0,0.0001,76.36,76.37,0.0001,76.34,4.0,0.504475,0.75,0.0,183135442645.17242,72152411817.81174,45.0,51.0,7.0,32.0,0.0,34.0,44.0,18.0,9.0,58.0,28.0,24.0,57.0,31,Fear,4348.59,-8.75e-05,-8.75e-05,0.030499999999989313,True,10,6,1,europe,1.3089090897144828e-05,-0.002067795301062275,0.5
SOL,1786273200,1786276740.0,76.5335,76.533,76.5238,0.000120224,1.25e-05,4749112.04,113389657.10653009,76.533,76.534,213722.08404000005,33313.86652,-526062.21,-40245332.97111,40439811.751013994,17.083333333333332,2.0,10.0,0.0001,76.47,76.5,0.0001,76.45,7.0,0.07875714285714286,0.2857142857142857,0.14285714285714285,183135442645.17242,72152411817.81174,47.0,61.0,6.0,37.0,0.0,25.0,53.0,17.0,5.0,62.0,28.0,34.0,62.0,31,Fear,4351.05,-8.75e-05,-8.75e-05,0.03350000000000364,True,11,6,1,europe,0.001740826303492815,0.001740826303492815,1.0
SOL,1786276800,1786280340.0,76.3845,76.385,76.385,0.0,1.25e-05,4767121.540000002,110220251.63249011,76.384,76.385,150402.80557,58607.639579999995,-529987.3200000001,-40485792.26203,40679676.50667,17.083333333333332,2.0,10.0,0.0001,76.34,76.37,0.0001,76.32,0.0,,,,183135442645.17242,72152411817.81174,45.0,64.0,18.0,36.0,24.0,29.0,55.0,54.0,8.0,65.0,33.0,15.0,65.0,31,Fear,4353.99,-8.75e-05,-8.75e-05,0.014499999999998181,True,12,6,1,europe,-0.0019468598718208607,-0.001553870628985585,0.25
SOL,1786280400,1786283880.0,76.6005,76.601,76.605,-5.22159e-05,1.25e-05,4798129.539999998,112107425.96116005,76.6,76.601,57197.92134999999,133446.29057,-536059.36,-41076216.489769995,41270392.02509,17.083333333333332,2.0,10.0,0.0001,76.54,76.57,0.0001,76.53,11.0,-0.08142727272727274,0.2727272727272727,0.36363636363636365,183135442645.17242,72152411817.81174,46.0,61.0,19.0,37.0,28.0,23.0,58.0,52.0,11.0,71.0,27.0,20.0,61.0,31,Fear,4354.53,-8.75e-05,-8.75e-05,0.030500000000003524,True,13,6,1,us,0.002827798833533013,-0.004662809183169622,0.5
SOL,1786284000,1786287540.0,77.0285,77.029,77.0317,-3.50505e-05,1.25e-05,4788559.460000004,103551487.96386008,77.028,77.029,226550.92165,203238.43161999996,-535442.22,-41145881.35901,41342561.01751,17.083333333333332,2.0,10.0,0.0001,77.0,77.02,0.0001,76.98,17.0,0.0695764705882353,0.35294117647058826,0.17647058823529413,183135442645.17242,72152411817.81174,43.0,61.0,17.0,37.0,28.0,25.0,53.0,47.0,9.0,72.0,28.0,18.0,68.0,31,Fear,4355.47,-8.75e-05,-8.75e-05,0.008499999999997954,True,14,6,1,us,0.005587430891443201,0.003772844176605256,1.0
SOL,1786287600,1786291080.0,77.4555,77.455,77.4516,4.38984e-05,1.25e-05,4827131.839999997,100978961.34728007,77.455,77.456,73502.02896,508189.75454,-545433.7,-42229370.432288,42424578.688792,17.083333333333332,2.0,10.0,0.0001,77.41,77.43,0.0001,77.38,11.0,0.08628181818181818,0.36363636363636365,0.09090909090909091,183135442645.17242,72152411817.81174,44.0,60.0,18.0,36.0,21.0,24.0,58.0,50.0,9.0,71.0,30.0,23.0,84.0,31,Fear,4358.0,-8.75e-05,-8.75e-05,0.02549999999999386,True,15,6,1,us,0.005543402766508665,0.0071313243288139445,1.0
SOL,1786291200,1786294740.0,77.3015,77.301,77.3091,-9.18391e-05,1.25e-05,4890683.180000001,108389711.05617003,77.301,77.302,195917.88497,27148.642200000002,-540760.99,-41801364.47827,41997342.05471,17.083333333333332,2.0,10.0,0.0001,77.31,77.33,6.05e-05,77.29,3.0,-0.3223333333333333,0.0,0.3333333333333333,183135442645.17242,72152411817.81174,45.0,62.0,20.0,41.0,27.0,23.0,60.0,52.0,9.0,75.0,30.0,22.0,67.0,31,Fear,4356.58,-8.75e-05,-4.8e-05,-0.028499999999993975,True,16,6,1,us,-0.001988238407859999,-0.0020382139847683048,0.25
SOL,1786294800,1786298280.0,77.1595,77.1521,77.155,5.18437e-05,1.25e-05,4912764.060000001,109749137.34999996,77.159,77.16,77248.26379000001,129176.78164999999,-546119.86,-42134569.236808,42332637.602404,17.083333333333332,2.0,10.0,0.0001,77.16,77.18,6.05e-05,77.14,8.0,-0.011637500000000009,0.125,0.25,183135442645.17242,72152411817.81174,46.0,62.0,18.0,39.0,18.0,26.0,63.0,51.0,12.0,80.0,28.0,25.0,56.0,31,Fear,4353.78,-8.75e-05,-4.8e-05,-0.02050000000001262,True,17,6,1,us,-0.001836963060225405,-0.0009048155868970925,0.5
SOL,1786298400,1786301880.0,77.2205,77.22,77.21,0.0001295169,1.25e-05,4938941.960000003,106422972.32497992,77.22,77.221,93237.62846,103523.12545,-553219.06,-42718796.10232,42919414.74656,17.083333333333332,2.0,10.0,0.0001,77.19,77.21,6.05e-05,77.16,6.0,-0.0899,0.16666666666666666,0.16666666666666666,183135442645.17242,72152411817.81174,53.0,67.0,22.0,48.0,72.0,31.0,66.0,63.0,16.0,82.0,31.0,26.0,55.0,31,Fear,4353.96,-8.75e-05,-4.8e-05,0.010500000000007503,True,18,6,1,us,0.0007905701825441369,0.0007905701825441369,1.0
SOL,1786302000,1786305480.0,77.2665,77.266,77.255,0.0001423856,1.25e-05,4962698.080000002,104697776.59716998,77.269,77.27,372488.2549899999,144593.86375,-562589.58,-43460755.64107,43662828.76191,17.083333333333332,2.0,10.0,0.0001,77.22,77.23,6.05e-05,77.18,5.0,-0.22523999999999997,0.0,0.4,183135442645.17242,72152411817.81174,50.0,64.0,20.0,43.0,21.0,26.0,67.0,61.0,12.0,78.0,29.0,23.0,57.0,31,Fear,4357.03,-8.75e-05,-4.8e-05,0.03649999999998954,True,19,6,1,us,0.0005956967385603029,0.0006754182761024813,0.75
SOL,1786305600,1786309140.0,77.2715,77.271,77.265,7.76548e-05,1.25e-05,4975107.300000002,106217126.02767007,77.271,77.272,92758.07250000001,38501.034380000005,-568203.0700000001,-43905866.378026,44111779.684246,17.083333333333332,2.0,10.0,0.0001,77.25,77.27,6.05e-05,77.22,6.0,0.16908333333333334,0.16666666666666666,0.0,183135442645.17242,72152411817.81174,55.0,72.0,23.0,52.0,30.0,31.0,72.0,67.0,17.0,85.0,34.0,28.0,55.0,31,Fear,4359.1,-8.75e-05,-4.8e-05,0.0015000000000071623,True,20,6,1,us,6.471109730621372e-05,0.0014632606035948595,1.0
SOL,1786309200,1786312740.0,77.3555,77.355,77.345,0.0001292908,1.25e-05,4994922.540000002,106031244.17966005,77.355,77.356,42763.96176,135084.22466,-577788.68,-44720843.832,44926020.396,17.083333333333332,2.0,10.0,0.0001,77.34,77.36,6.05e-05,77.31,10.0,0.19906,0.3,0.1,183135442645.17242,72152411817.81174,55.0,75.0,19.0,53.0,23.0,34.0,73.0,52.0,7.0,88.0,35.0,36.0,52.0,31,Fear,4347.29,-8.75e-05,-4.8e-05,-0.004499999999993065,True,21,6,1,us,0.0010870760888554987,-0.0006304691978090296,0.75
SOL,1786312800,1786316340.0,76.8255,76.825,76.8195,7.15964e-05,1.25e-05,5002652.040000002,114100363.64943007,76.825,76.826,39953.38197,176634.72647,-589851.35,-45313562.01848,45517802.52412,17.083333333333332,2.0,10.0,0.0001,76.8,76.82,6.05e-05,76.77,7.0,-0.24475714285714287,0.14285714285714285,0.42857142857142855,183135442645.17242,72152411817.81174,62.0,79.0,19.0,56.0,39.0,42.0,81.0,73.0,17.0,92.0,42.0,46.0,50.0,31,Fear,4338.32,-8.75e-05,-4.8e-05,0.005500000000012051,True,22,6,1,us,-0.006851484380554718,-0.0034734392952755215,0.25
SOL,1786316400,1786319880.0,76.2495,76.249,76.24,1.31165e-05,1.25e-05,5093748.779999999,123354594.11927997,76.249,76.25,132082.98288,152452.52411,-600043.09,-45770119.0896,45958377.13716,17.083333333333332,2.0,10.0,0.0001,76.23,76.27,6.05e-05,76.24,6.0,-0.11695,0.16666666666666666,0.16666666666666666,183135442645.17242,72152411817.81174,66.0,86.0,33.0,59.0,61.0,42.0,87.0,68.0,19.0,93.0,49.0,29.0,49.0,31,Fear,4330.07,-8.75e-05,-4.8e-05,-0.02049999999999841,True,23,6,1,us,-0.007497510592186285,-0.0012431442584609972,0.25
SOL,1786320000,1786323480.0,76.6115,76.611,76.615,-3.91568e-05,1.25e-05,5099619.98,125223128.99952003,76.611,76.612,56846.306410000005,162921.91382999998,-610495.73,-46773725.43242,46963421.95614,17.083333333333332,2.0,10.0,0.0001,76.51,76.54,4.667e-05,76.51,7.0,0.04181428571428571,0.42857142857142855,0.2857142857142857,183137749619.77078,72178217059.14728,60.0,78.0,32.0,67.0,70.0,53.0,100.0,87.0,20.0,86.0,53.0,38.0,75.0,30,Fear,4328.0,-8.75e-05,-3.417e-05,0.07150000000000034,True,0,0,0,asia,0.004747572115227028,0.0011998995811213524,1.0
SOL,1786323600,1786327140.0,76.8935,76.893,76.8904,0.0,1.25e-05,5090999.579999999,124925748.90415011,76.884,76.885,402885.43258,59108.54125,-612224.3400000001,-47082023.98062,47277784.70424,17.083333333333332,2.0,10.0,0.0001,76.88,76.9,4.667e-05,76.88,12.0,0.17770833333333333,0.5833333333333334,0.25,183137749619.77078,72178217059.14728,54.0,83.0,32.0,63.0,49.0,45.0,94.0,77.0,21.0,83.0,58.0,26.0,97.0,30,Fear,4319.39,-8.75e-05,-3.417e-05,-0.006500000000002615,True,1,0,0,asia,0.0036809095240271095,-0.0021316803196799305,0.5
SOL,1786327200,1786330740.0,76.8065,76.806,76.815,-6.50915e-05,1.25e-05,5089144.420000001,123784483.53489996,76.806,76.807,413594.65495,58823.474270000006,-614679.18,-47206471.9385,47400773.95042,17.083333333333332,2.0,10.0,0.0001,76.79,76.82,4.667e-05,76.79,6.0,0.06696666666666666,0.3333333333333333,0.16666666666666666,183137749619.77078,72178217059.14728,52.0,76.0,29.0,58.0,38.0,47.0,79.0,70.0,15.0,80.0,57.0,24.0,90.0,30,Fear,4314.79,-8.75e-05,-3.417e-05,-0.013499999999993406,True,2,0,0,asia,-0.0011314350367717108,0.0014544557357523296,0.5
SOL,1786330800,1786334340.0,76.6025,76.603,76.605,-2.6108e-05,1.25e-05,5069353.519999998,121878279.82921973,76.602,76.603,100593.74246000001,71716.86409,-615495.68,-47160534.66464,47356071.8404,17.083333333333332,2.0,10.0,0.0001,76.6,76.64,4.667e-05,76.59,5.0,0.4255,0.6,0.0,183137749619.77078,72178217059.14728,57.0,75.0,27.0,55.0,88.0,48.0,72.0,83.0,12.0,92.0,53.0,39.0,78.0,30,Fear,4321.71,-8.75e-05,-3.417e-05,-0.037499999999994316,True,3,0,0,asia,-0.002656025206199897,0.0006243590384591878,0.75
SOL,1786334400,1786337940.0,76.5265,76.526,76.535,-0.0001045273,1.25e-05,5048972.9799999995,122157460.55286999,76.526,76.527,156119.51387,131589.0892,-612433.49,-46859925.51833,47056165.69499,17.083333333333332,2.0,10.0,0.0001,76.51,76.56,4.667e-05,76.52,9.0,-0.0059666666666666635,0.2222222222222222,0.4444444444444444,183137749619.77078,72178217059.14728,56.0,73.0,36.0,47.0,100.0,50.0,64.0,81.0,12.0,72.0,55.0,23.0,72.0,30,Fear,4332.3,-8.75e-05,-3.417e-05,-0.03350000000000364,True,4,0,0,asia,-0.000992134721451765,-0.0016573891022357346,0.75
SOL,1786338000,1786341480.0,76.8815,76.88,76.88,1.30073e-05,1.25e-05,5046147.659999998,122033034.90126985,76.881,76.882,123701.04577,37232.0437,-610457.53,-46960861.375427,47157507.483467,17.083333333333332,2.0,10.0,0.0001,76.86,76.89,4.667e-05,76.86,14.0,0.16584285714285715,0.35714285714285715,0.07142857142857142,183137749619.77078,72178217059.14728,50.0,71.0,35.0,47.0,40.0,45.0,60.0,74.0,14.0,71.0,51.0,31.0,59.0,30,Fear,4341.88,-8.75e-05,-3.417e-05,-0.008499999999997954,True,5,0,0,asia,0.004638915931082677,0.0013847956079470303,0.75
SOL,1786341600,1786345140.0,76.9695,76.969,76.985,-0.0001948432,1.25e-05,5002327.679999996,123230878.15299016,76.969,76.97,131373.75645,39611.70675,-608812.3,-46852297.9726,47050326.07328,17.083333333333332,2.0,10.0,0.0001,76.96,76.98,4.667e-05,76.96,10.0,0.22134,0.5,0.2,183137749619.77078,72178217059.14728,60.0,62.0,51.0,50.0,35.0,51.0,59.0,91.0,10.0,68.0,44.0,33.0,59.0,30,Fear,4352.09,-8.75e-05,-3.417e-05,-0.010500000000007503,True,6,0,0,asia,0.0011446186663890412,-0.0024492894856702257,0.25
SOL,1786345200,1786348680.0,76.9385,76.942,76.945,-7.79778e-05,1.25e-05,5004600.699999999,122021543.63372988,76.938,76.939,120551.44058000002,121256.7262,-609821.27,-46926123.70283,47124193.60823,17.083333333333332,2.0,10.0,0.0001,76.95,76.98,4.667e-05,76.95,9.0,0.22707777777777782,0.4444444444444444,0.1111111111111111,183137749619.77078,72178217059.14728,57.0,57.0,40.0,44.0,47.0,47.0,50.0,79.0,15.0,68.0,44.0,26.0,53.0,30,Fear,4349.01,-8.75e-05,-3.417e-05,-0.041499999999999204,True,7,0,0,asia,-0.0004027569361888528,0.0015352044998586003,0.75
SOL,1786348800,1786352280.0,76.9785,76.978,76.985,-7.79373e-05,1.25e-05,5004903.480000001,120206403.43292002,76.978,76.979,106568.51186,79086.37135999999,-611411.0,-47055188.5216,47249453.78424,17.083333333333332,2.0,10.0,9.534e-05,76.91,76.96,0.0001,76.9,9.0,-0.006755555555555558,0.2222222222222222,0.1111111111111111,183137749619.77078,72178217059.14728,49.0,53.0,31.0,47.0,33.0,48.0,51.0,73.0,13.0,67.0,44.0,14.0,49.0,30,Fear,4340.81,-8.284e-05,-8.75e-05,0.01850000000000307,True,8,0,0,europe,0.0005198957608998356,-0.000695754811823987,0.5
SOL,1786352400,1786355940.0,76.6105,76.608,76.605,0.0,1.25e-05,5003408.579999997,119425024.22833988,76.61,76.611,10480.093729999999,355579.75705,-611655.81,-46874448.796038,47069589.225618,17.083333333333332,2.0,10.0,9.534e-05,76.53,76.57,0.0001,76.53,8.0,-0.003724999999999992,0.25,0.25,183137749619.77078,72178217059.14728,48.0,54.0,37.0,43.0,17.0,44.0,49.0,64.0,9.0,64.0,43.0,25.0,51.0,30,Fear,4335.24,-8.284e-05,-8.75e-05,0.04050000000000864,True,9,0,0,europe,-0.004780555609683157,0.001433864249330792,0.5
SOL,1786356000,1786359540.0,76.8285,76.825,76.835,-7.80894e-05,1.25e-05,4999555.079999999,118315345.38532989,76.828,76.829,135095.78295,160991.57535,-609888.53,-46858125.62345,47055477.38317,17.083333333333332,2.0,10.0,9.534e-05,76.78,76.83,0.0001,76.79,12.0,0.015750000000000004,0.25,0.25,183137749619.77078,72178217059.14728,49.0,57.0,37.0,37.0,27.0,50.0,53.0,65.0,11.0,67.0,55.0,21.0,56.0,30,Fear,4331.09,-8.284e-05,-8.75e-05,-0.0014999999999929514,True,10,0,0,europe,0.002845562945027247,0.001971907792865963,1.0
SOL,1786359600,1786363140.0,77.0255,77.025,77.0366,-0.0001375969,1.25e-05,4983819.259999996,117906697.92314984,77.025,77.026,110819.38659000001,36746.28115999999,-608287.3500000001,-46804982.73946,47001757.74046,17.083333333333332,2.0,10.0,9.534e-05,77.02,77.05,0.0001,77.04,11.0,0.020045454545454536,0.2727272727272727,0.2727272727272727,183137749619.77078,72178217059.14728,53.0,59.0,41.0,39.0,46.0,43.0,57.0,61.0,7.0,68.0,47.0,39.0,60.0,30,Fear,4329.23,-8.284e-05,-8.75e-05,-0.024500000000003297,True,11,0,0,europe,0.0025641526256530156,-0.00017926557446281853,0.75
SOL,1786363200,1786366740.0,76.6065,76.606,76.6192,-0.000159229,1.25e-05,4977723.779999999,117309414.25061013,76.606,76.607,66785.73185,116484.68956,-603313.5599999999,-46263353.582582,46459861.919302,17.083333333333332,2.0,10.0,9.534e-05,76.61,76.64,0.0001,76.61,6.0,-0.15306666666666666,0.3333333333333333,0.5,183137749619.77078,72178217059.14728,49.0,70.0,37.0,43.0,17.0,44.0,62.0,75.0,7.0,74.0,50.0,21.0,58.0,30,Fear,4326.9,-8.284e-05,-8.75e-05,-0.03350000000000364,True,12,0,0,europe,-0.005439756963602882,-1.0164695436754197e-05,0.5
SOL,1786366800,1786370340.0,76.3665,76.357,76.3595,8.51237e-05,1.25e-05,4971106.300000002,119354971.12498,76.35,76.351,37730.03586,165352.79562999998,-602907.55,-45993794.82118,46188280.98798,17.083333333333332,2.0,10.0,9.534e-05,76.28,76.31,0.0001,76.28,17.0,-0.004935294117647064,0.17647058823529413,0.29411764705882354,183137749619.77078,72178217059.14728,51.0,77.0,36.0,51.0,33.0,44.0,59.0,54.0,9.0,78.0,49.0,20.0,59.0,30,Fear,4313.83,-8.284e-05,-8.75e-05,0.05649999999999977,True,13,0,0,us,-0.0031328934228818106,0.0032571199033837404,0.75
SOL,1786370400,1786373940.0,76.2475,76.248,76.2496,-2.09837e-05,1.25e-05,4972917.84,121229801.19856003,76.247,76.248,4644.13879,386180.00675000006,-602415.72,-45957718.29488,46153172.2161,17.083333333333332,2.0,10.0,9.534e-05,76.24,76.26,0.0001,76.24,8.0,-0.16972500000000001,0.0,0.375,183137749619.77078,72178217059.14728,50.0,76.0,33.0,67.0,20.0,39.0,61.0,53.0,9.0,79.0,44.0,23.0,64.0,30,Fear,4339.3,-8.284e-05,-8.75e-05,-0.012500000000002842,True,14,0,0,us,-0.0015582748980246253,-0.0020036191623135713,0.75
SOL,1786374000,1786377540.0,75.9835,75.983,75.975,0.0001052978,1.25e-05,4986371.120000001,120665341.8954599,75.983,75.984,155590.71365000002,124565.21289,-612106.07,-46517511.28677,46713334.73973,17.083333333333332,2.0,10.0,9.534e-05,75.93,75.96,0.0001,75.92,14.0,0.1977357142857143,0.2857142857142857,0.14285714285714285,183137749619.77078,72178217059.14728,54.0,83.0,39.0,70.0,25.0,42.0,64.0,63.0,9.0,82.0,53.0,24.0,78.0,30,Fear,4353.05,-8.284e-05,-8.75e-05,0.023500000000012733,True,15,0,0,us,-0.0034624086035607293,0.002576458827276723,0.75
SOL,1786377600,1786381080.0,75.7015,75.7002,75.695,0.0,1.25e-05,5012435.98,116186213.03295988,75.701,75.702,65706.15497,156593.78410999998,-623607.61,-47206045.55958,47400388.850940004,17.083333333333332,2.0,10.0,0.0001,75.68,75.7,0.0001,75.7,13.0,0.20755384615384614,0.38461538461538464,0.15384615384615385,183137749619.77078,72178217059.14728,56.0,85.0,46.0,71.0,26.0,46.0,66.0,63.0,10.0,83.0,49.0,44.0,67.0,30,Fear,4348.17,-8.75e-05,-8.75e-05,0.0014999999999929514,True,16,0,0,us,-0.003711332065514328,0.0032896305694653794,0.75
SOL,1786381200,1786384680.0,76.0005,75.9934,75.985,0.0001974074,1.25e-05,5015408.739999999,112775389.62995,76.0,76.001,114196.51559,97419.82307999999,-632645.22,-48080280.85573,48278458.68613,17.083333333333332,2.0,10.0,0.0001,75.96,75.97,0.0001,75.96,14.0,0.17035714285714285,0.2857142857142857,0.0,183137749619.77078,72178217059.14728,56.0,84.0,41.0,89.0,27.0,55.0,64.0,68.0,14.0,88.0,55.0,37.0,58.0,30,Fear,4351.37,-8.75e-05,-8.75e-05,0.030500000000003524,True,17,0,0,us,0.003949723585398024,0.002507550399837316,0.75
SOL,1786384800,1786388340.0,75.8655,75.862,75.86,2.63644e-05,1.25e-05,5014582.5600000005,111970606.01821014,75.84,75.85,85836.23867,155180.08904,-632477.39,-47954885.409727,48153264.884127,17.083333333333332,2.0,10.0,0.0001,75.8,75.82,0.0001,75.8,17.0,0.2781470588235294,0.4117647058823529,0.0,183137749619.77078,72178217059.14728,61.0,84.0,46.0,100.0,63.0,53.0,70.0,71.0,18.0,88.0,56.0,35.0,56.0,30,Fear,4373.43,-8.75e-05,-8.75e-05,0.04550000000000409,True,18,0,0,us,-0.0017763041032625715,-0.001399214237632284,0.25
SOL,1786388400,1786391880.0,76.1235,76.123,76.125,-1.31363e-05,1.25e-05,5042151.819999998,111478086.85235004,76.123,76.124,193769.19761,32179.00298,-638180.51,-48586837.67163,48783750.22183,17.083333333333332,2.0,10.0,0.0001,76.17,76.19,0.0001,76.18,11.0,0.06323636363636363,0.2727272727272727,0.18181818181818182,183137749619.77078,72178217059.14728,60.0,86.0,42.0,98.0,21.0,48.0,68.0,67.0,15.0,89.0,52.0,24.0,56.0,30,Fear,4381.13,-8.75e-05,-8.75e-05,-0.06649999999999068,True,19,0,0,us,0.0034007552840225053,0.0014237889737063686,0.75
SOL,1786392000,1786395540.0,76.4095,76.409,76.42,-0.0001308558,1.25e-05,5041334.020000002,112029832.1710101,76.459,76.46,748316.26686,20489.301410000004,-639033.74,-48821731.345825,49022144.271829,17.083333333333332,2.0,10.0,0.0001,76.41,76.43,0.0001,76.4,10.0,0.15339,0.5,0.1,183137749619.77078,72178217059.14728,61.0,87.0,45.0,99.0,43.0,54.0,71.0,71.0,16.0,91.0,59.0,44.0,56.0,30,Fear,4383.85,-8.75e-05,-8.75e-05,-0.02050000000001262,True,20,0,0,us,0.003757052684125073,0.0014754022735933223,1.0
SOL,1786395600,1786399140.0,76.3475,76.347,76.355,-9.1677e-05,1.25e-05,5045002.640000002,111397972.49005017,76.347,76.348,123662.93710000001,57424.005580000005,-638222.39,-48714403.5366,48913670.6346,17.083333333333332,2.0,10.0,0.0001,76.28,76.3,0.0001,76.27,21.0,0.00023333333333333935,0.23809523809523808,0.14285714285714285,183137749619.77078,72178217059.14728,61.0,91.0,44.0,93.0,61.0,59.0,74.0,77.0,24.0,97.0,65.0,30.0,53.0,30,Fear,4384.05,-8.75e-05,-8.75e-05,0.04749999999999943,True,21,0,0,us,-0.0008114174284611364,0.0019248503265186247,1.0
SOL,1786399200,1786402740.0,76.2155,76.213,76.215,0.0,1.25e-05,5041170.159999999,101369882.56746998,76.215,76.216,129914.49412999998,78362.02019,-637309.97,-48569392.8137,48768636.2377,17.083333333333332,2.0,10.0,0.0001,76.18,76.21,0.0001,76.19,12.0,0.0418,0.25,0.25,183137749619.77078,72178217059.14728,65.0,95.0,52.0,67.0,63.0,67.0,83.0,80.0,16.0,100.0,72.0,61.0,51.0,30,Fear,4393.39,-8.75e-05,-8.75e-05,0.005500000000012051,True,22,0,0,us,-0.0017289367693766877,-0.0018593012056220127,0.25
SOL,1786402800,1786406340.0,75.9675,75.967,75.9874,-0.0002553055,1.25e-05,5005030.22,91407440.34827013,75.967,75.968,137780.43868999998,47731.168150000005,-634385.1699999999,-48191314.784789994,48391542.25407,17.083333333333332,2.0,10.0,0.0001,75.95,75.99,0.0001,75.96,8.0,0.1555625,0.375,0.125,183137749619.77078,72178217059.14728,65.0,99.0,47.0,72.0,90.0,61.0,87.0,85.0,25.0,100.0,68.0,41.0,48.0,30,Fear,4397.13,-8.75e-05,-8.75e-05,-0.022499999999993747,True,23,0,0,us,-0.003253931286942957,-0.0026173424105809867,0.25
SOL,1786406400,1786409880.0,75.8865,75.886,75.895,-0.0001054088,1.25e-05,5040967.960000001,88879657.16951002,75.886,75.887,150735.1848,14656.16417,-634205.28,-48124892.31893,48323568.08897,17.083333333333332,2.0,10.0,0.0001,75.85,75.9,0.0001,75.86,9.0,0.05574444444444445,0.2222222222222222,0.2222222222222222,183095396895.77423,72231795398.6715,68.0,99.0,49.0,90.0,75.0,72.0,96.0,100.0,20.0,99.0,78.0,52.0,73.0,29,Fear,4406.35,-8.75e-05,-8.75e-05,-0.013500000000007617,True,0,1,0,asia,-0.0010662454339026572,-0.0023359258353809367,0.5
SOL,1786410000,1786413540.0,76.0885,76.088,76.0995,0.0,1.25e-05,5042419.46,85917824.71863006,76.088,76.089,444787.2327599999,24065.55365,-634658.49,-48291064.2929,48490297.67738,17.083333333333332,2.0,10.0,0.0001,76.06,76.09,0.0001,76.09,7.0,0.14787142857142857,0.5714285714285714,0.14285714285714285,183095396895.77423,72231795398.6715,65.0,100.0,52.0,74.0,66.0,71.0,86.0,84.0,25.0,94.0,71.0,34.0,99.0,29,Fear,4424.79,-8.75e-05,-8.75e-05,-0.0015000000000071623,True,1,1,0,asia,0.002661870029583735,0.0021763133281455867,0.75
SOL,1786413600,1786417140.0,76.0705,76.068,76.065,6.57333e-05,1.25e-05,5046540.220000002,85160798.62689999,76.07,76.071,29860.35239,113690.62293,-638962.38,-48599449.98524,48795474.36028,17.083333333333332,2.0,10.0,0.0001,76.0,76.05,0.0001,76.01,6.0,-0.062266666666666665,0.0,0.16666666666666666,183095396895.77423,72231795398.6715,61.0,94.0,56.0,74.0,100.0,77.0,79.0,82.0,22.0,93.0,77.0,76.0,94.0,29,Fear,4406.57,-8.75e-05,-8.75e-05,0.02049999999999841,True,2,1,0,asia,-0.0002365666296483271,0.00032892213896697556,0.75
SOL,1786417200,1786420740.0,76.0855,76.085,76.0938,-0.0001025051,1.25e-05,5036019.920000001,85141625.11757007,76.085,76.086,12054.87272,198195.82936999996,-638527.3200000001,-48574347.88488,48773419.640540004,17.083333333333332,2.0,10.0,0.0001,76.04,76.08,0.0001,76.05,10.0,-0.27431,0.1,0.5,183095396895.77423,72231795398.6715,63.0,93.0,52.0,65.0,52.0,72.0,77.0,86.0,15.0,94.0,79.0,36.0,88.0,29,Fear,4412.43,-8.75e-05,-8.75e-05,0.00549999999999784,True,3,1,0,asia,0.00019718550555070102,-0.0013240667209232261,0.25
SOL,1786420800,1786424340.0,76.0945,76.092,76.105,-0.0001313974,1.25e-05,5049000.54,83839307.08835,76.094,76.095,109118.61714,142583.58542999998,-637101.89,-48497322.087503,48697400.692935,17.083333333333332,2.0,10.0,0.0001,76.04,76.08,0.0001,76.04,7.0,0.04721428571428571,0.14285714285714285,0.14285714285714285,183095396895.77423,72231795398.6715,59.0,88.0,48.0,63.0,56.0,78.0,68.0,77.0,20.0,82.0,80.0,37.0,82.0,29,Fear,4404.78,-8.75e-05,-8.75e-05,0.014499999999998181,True,4,1,0,asia,0.00011828797865565122,0.001672960040224172,0.75
SOL,1786424400,1786427940.0,75.8215,75.818,75.835,-0.0001714248,1.25e-05,5047997.76,83350261.91103996,75.821,75.822,23266.622959999997,121069.02049,-637442.81,-48341744.42837,48540120.344730005,17.083333333333332,2.0,10.0,0.0001,75.76,75.81,0.0001,75.77,5.0,-0.047679999999999986,0.2,0.6,183095396895.77423,72231795398.6715,60.0,78.0,54.0,56.0,42.0,76.0,62.0,87.0,14.0,80.0,81.0,36.0,67.0,29,Fear,4373.22,-8.75e-05,-8.75e-05,0.011499999999998067,True,5,1,0,asia,-0.0035876443106925837,-0.003141599066270053,0.5
SOL,1786428000,1786431480.0,75.8115,75.812,75.8194,-9.76004e-05,1.25e-05,5052324.860000003,81785016.57347989,75.811,75.812,17303.95669,333713.1807,-639348.15,-48469220.35191,48666302.52539,17.083333333333332,2.0,10.0,0.0001,75.77,75.82,0.0001,75.78,5.0,0.4753,0.6,0.0,183095396895.77423,72231795398.6715,77.0,84.0,78.0,48.0,45.0,87.0,59.0,92.0,12.0,78.0,85.0,38.0,60.0,29,Fear,4365.57,-8.75e-05,-8.75e-05,-0.008499999999997954,True,6,1,0,asia,-0.00013188871230462862,0.0009258883222897788,1.0
SOL,1786431600,1786435140.0,75.6425,75.642,75.67,-0.0003568125,1.25e-05,5017878.300000003,86654406.3458099,75.642,75.643,116372.37817,134348.84256000002,-632855.17,-47856520.441149995,48056582.60469,17.083333333333332,2.0,10.0,0.0001,75.66,75.69,0.0001,75.67,8.0,0.20713749999999997,0.375,0.125,183095396895.77423,72231795398.6715,100.0,73.0,70.0,51.0,42.0,83.0,57.0,95.0,9.0,75.0,83.0,29.0,55.0,29,Fear,4357.23,-8.75e-05,-8.75e-05,-0.04749999999999943,True,7,1,0,asia,-0.002229213246011441,-0.003822879628648151,0.25
SOL,1786435200,1786438740.0,75.9075,75.905,75.936,-0.0003687316,1.25e-05,5014419.359999999,86280133.41318984,75.907,75.908,72573.93835,115720.52558999999,-631174.59,-47900470.80969,48100986.974249996,17.083333333333332,2.0,10.0,-2.3e-07,75.89,75.94,9.95e-05,75.92,12.0,-0.0005250000000000116,0.3333333333333333,0.5,183095396895.77423,72231795398.6715,89.0,68.0,63.0,50.0,28.0,77.0,53.0,79.0,11.0,69.0,79.0,25.0,52.0,29,Fear,4370.05,1.273e-05,-8.7e-05,-0.03249999999999886,True,8,1,0,europe,0.003503321545427429,0.0022076634707511,1.0
SOL,1786438800,1786442340.0,75.8275,75.809,75.845,-0.0002241413,8.8586e-06,5087127.0600000005,98851061.03524992,75.827,75.828,33942.99402,74209.99096000001,-569014.67,-43122588.692090005,43321922.37231,17.083333333333332,2.0,10.0,-2.3e-07,75.84,75.9,9.95e-05,75.86,11.0,0.24763636363636365,0.45454545454545453,0.09090909090909091,183095396895.77423,72231795398.6715,85.0,68.0,62.0,50.0,48.0,75.0,53.0,81.0,14.0,71.0,79.0,29.0,50.0,29,Fear,4374.28,9.0886e-06,-9.06414e-05,-0.07250000000000512,True,9,1,0,europe,-0.0010539143035931398,-0.0031378005894996657,0.25
SOL,1786442400,1786445880.0,75.8735,75.8809,75.915,-0.0005361259,9.8811e-06,5092613.760000001,99857914.25251003,75.873,75.874,205009.33922999998,27548.47599,-566904.45,-43048456.3152,43247454.1968,17.083333333333332,2.0,10.0,-2.3e-07,75.9,75.96,9.95e-05,75.92,11.0,0.10109999999999998,0.2727272727272727,0.09090909090909091,183095396895.77423,72231795398.6715,83.0,69.0,63.0,45.0,32.0,78.0,55.0,72.0,12.0,70.0,74.0,18.0,58.0,29,Fear,4381.25,1.0111099999999999e-05,-8.96189e-05,-0.0864999999999867,True,10,1,0,europe,0.0006066400712143594,0.0013452847860072573,0.75
SOL,1786446000,1786449540.0,76.1915,76.1885,76.225,-0.0004329288,6.1305e-06,5068278.94,101551863.69185999,76.191,76.192,63326.06895,140044.01999,-560967.84,-42726194.05101,42927187.39281,17.083333333333332,2.0,10.0,-2.3e-07,76.16,76.24,9.95e-05,76.17,9.0,-0.012388888888888882,0.3333333333333333,0.3333333333333333,183095396895.77423,72231795398.6715,55.0,68.0,63.0,47.0,42.0,75.0,62.0,71.0,9.0,76.0,80.0,31.0,63.0,29,Fear,4385.96,6.3605e-06,-9.33695e-05,-0.048499999999989996,True,11,1,0,europe,0.00419118664619389,0.0017348804723905944,1.0
SOL,1786449600,1786453140.0,75.8565,75.855,75.89,-0.0004348399,8.7294e-06,5071406.66,101783203.45371002,75.853,75.854,14469.23657,163038.21734,-560387.56,-42504985.105399996,42704642.4281,17.083333333333332,2.0,10.0,-2.3e-07,75.82,75.87,9.95e-05,75.83,13.0,0.11203846153846155,0.23076923076923078,0.07692307692307693,183095396895.77423,72231795398.6715,54.0,73.0,50.0,49.0,27.0,61.0,63.0,69.0,12.0,72.0,65.0,21.0,62.0,29,Fear,4390.97,8.9594e-06,-9.07706e-05,-0.013500000000007617,True,12,1,0,europe,-0.004396815917786179,-0.003269394781719761,0.5
SOL,1786453200,1786456740.0,75.9645,75.961,76.0,-0.0004605263,1.15737e-05,5068325.58,97757210.22522981,75.964,75.965,100717.14463,21255.142589999996,-562145.61,-42723611.994972005,42923937.037614,17.083333333333332,2.0,10.0,-2.3e-07,75.97,76.02,9.95e-05,75.98,10.0,0.25949999999999995,0.7,0.1,183095396895.77423,72231795398.6715,54.0,70.0,38.0,52.0,37.0,50.0,62.0,66.0,8.0,76.0,53.0,17.0,58.0,29,Fear,4386.1,1.18037e-05,-8.79263e-05,-0.055499999999995,True,13,1,0,us,0.0014237408791599737,0.003799697871548289,1.0
SOL,1786456800,1786460340.0,75.1625,75.163,75.21,-0.0006249169,3.2412e-06,5043639.2399999965,99590043.26954013,75.162,75.163,77671.64718000001,72628.60048000001,-549545.65,-41248094.98548,41445275.80292,17.083333333333332,2.0,10.0,-2.3e-07,75.15,75.21,9.95e-05,75.16,15.0,0.14442000000000002,0.4,0.2,183095396895.77423,72231795398.6715,51.0,80.0,38.0,52.0,22.0,44.0,62.0,56.0,9.0,72.0,49.0,22.0,66.0,29,Fear,4391.59,3.4712e-06,-9.62588e-05,-0.04749999999999943,True,14,1,0,us,-0.010557563072224663,-0.0035525164235415633,0.25
SOL,1786460400,1786463940.0,74.9165,74.914,74.945,-0.0003736073,4.5865e-06,5041397.019999998,99343756.69636995,74.916,74.917,187757.82244,42787.88439,-542077.62,-40610518.12146,40803184.09362,17.083333333333332,2.0,10.0,-2.3e-07,74.87,74.93,9.95e-05,74.9,27.0,0.060925925925925925,0.2222222222222222,0.25925925925925924,183095396895.77423,72231795398.6715,56.0,86.0,37.0,55.0,35.0,43.0,64.0,64.0,9.0,81.0,49.0,30.0,82.0,29,Fear,4381.34,4.8165e-06,-9.491350000000001e-05,-0.013500000000007617,True,15,1,0,us,-0.003272908697821375,-0.0013002188345796885,0.75
SOL,1786464000,1786467480.0,74.9005,74.9,74.935,-0.0004136919,8.2704e-06,5049249.140000001,94060245.78324,74.9,74.901,169380.83216000002,23849.497979999996,-539121.3,-40368741.76309,40564148.65533,17.083333333333332,2.0,10.0,-5.533e-05,74.89,74.93,8.86e-06,74.88,0.0,,,,183095396895.77423,72231795398.6715,53.0,79.0,28.0,56.0,29.0,39.0,63.0,60.0,10.0,77.0,41.0,22.0,68.0,29,Fear,4380.62,6.36004e-05,-5.896000000000003e-07,-0.02950000000001296,True,16,1,0,us,-0.00021357110916830901,0.001573094747086173,0.5
SOL,1786467600,1786467600.0,74.9035,74.903,74.935,-0.0004136919,8.5723e-06,5049255.860000001,94064033.51711999,74.903,74.904,45022.602739999995,233079.16459,-539112.21,-40419822.478704,40616578.402224004,17.083333333333332,2.0,10.0,-5.533e-05,75.12,75.18,8.86e-06,75.13,0.0,,,,183095396895.77423,72231795398.6715,52.0,75.0,28.0,55.0,36.0,34.0,68.0,63.0,11.0,84.0,41.0,32.0,54.0,29,Fear,4367.85,6.39023e-05,-2.8770000000000065e-07,-0.27650000000001285,True,17,1,0,us,4.005313716204384e-05,4.005313716204384e-05,1.0
SOL,1786471200,1786474740.0,75.2015,75.202,75.245,-0.0005714665,3.4232e-06,5049204.659999999,94214438.90061025,75.201,75.202,149848.66369,36277.010519999996,-533051.62,-40058886.853424,40254375.336495996,17.083333333333332,2.0,10.0,-5.533e-05,75.23,75.27,8.86e-06,75.24,12.0,0.29373333333333335,0.5833333333333334,0.0,183095396895.77423,72231795398.6715,55.0,73.0,35.0,54.0,55.0,41.0,64.0,64.0,16.0,82.0,49.0,29.0,54.0,29,Fear,4370.19,5.87532e-05,-5.4368e-06,-0.06850000000000023,True,18,1,0,us,0.003978452275260835,0.006275263152766779,1.0
SOL,1786474800,1786478340.0,75.6535,75.655,75.695,-0.0004676663,6.789e-06,5041687.220000002,93865559.75467001,75.653,75.654,485143.52193000005,23237.69155,-532295.11,-40268331.77917,40462791.16165,17.083333333333332,2.0,10.0,-5.533e-05,75.63,75.67,8.86e-06,75.62,5.0,0.24855999999999998,0.4,0.0,183095396895.77423,72231795398.6715,55.0,74.0,32.0,59.0,28.0,36.0,65.0,73.0,8.0,80.0,42.0,32.0,58.0,29,Fear,4368.75,6.2119e-05,-2.071e-06,-0.01650000000000773,True,19,1,0,us,0.006010518407212562,0.0034255040572318154,0.5
SOL,1786478400,1786481940.0,75.9575,75.957,75.995,-0.0004868741,1.25e-05,5050826.100000001,97642350.2007599,75.958,75.959,449740.3902299999,13287.86363,-524156.27,-39813573.448901996,40012840.561842,17.083333333333332,2.0,10.0,-5.533e-05,76.01,76.05,8.86e-06,76.02,11.0,0.022654545454545472,0.36363636363636365,0.2727272727272727,183095396895.77423,72231795398.6715,56.0,76.0,33.0,59.0,36.0,37.0,68.0,58.0,11.0,86.0,48.0,31.0,54.0,29,Fear,4368.72,6.783e-05,3.6400000000000007e-06,-0.09250000000000114,True,20,1,0,us,0.004018320368522232,0.0006009636539513856,1.0
SOL,1786482000,1786485540.0,76.3915,76.39,76.4164,-0.0003193032,9.6272e-06,5046001.1800000025,102606171.25370999,76.391,76.392,88446.34022,99017.81033000001,-518760.1,-39598168.539598,39796384.70635,17.083333333333332,2.0,10.0,-5.533e-05,76.41,76.45,8.86e-06,76.42,7.0,0.10644285714285714,0.42857142857142855,0.14285714285714285,183095396895.77423,72231795398.6715,52.0,80.0,31.0,54.0,23.0,35.0,73.0,58.0,14.0,88.0,45.0,28.0,49.0,29,Fear,4373.46,6.49572e-05,7.672e-07,-0.05850000000000932,True,21,1,0,us,0.005713721488990631,0.0067227618711161174,1.0
SOL,1786485600,1786489140.0,76.3775,76.375,76.405,-0.00035338,4.606e-06,5039017.359999999,107059813.86146006,76.377,76.378,71185.54506,157734.99033,-498869.45999999996,-38094759.564272,38295643.549932,17.083333333333332,2.0,10.0,-5.533e-05,76.38,76.42,8.86e-06,76.38,7.0,-0.06718571428571429,0.14285714285714285,0.2857142857142857,183095396895.77423,72231795398.6715,53.0,93.0,33.0,66.0,28.0,40.0,83.0,63.0,8.0,92.0,47.0,31.0,49.0,29,Fear,4366.55,5.9936000000000003e-05,-4.254e-06,-0.04250000000000398,True,22,1,0,us,-0.0001832664628917957,-8.633022061812865e-05,0.75
SOL,1786489200,1786492740.0,76.2485,76.248,76.285,-0.0004719145,5.8066e-06,5023158.119999999,107233365.26679997,76.248,76.249,50329.35620999999,104291.28330999998,-491904.48,-37510249.50264,37712640.66888,17.083333333333332,2.0,10.0,-5.533e-05,76.27,76.3,8.86e-06,76.25,13.0,0.18137692307692307,0.3076923076923077,0.15384615384615385,183095396895.77423,72231795398.6715,49.0,84.0,31.0,50.0,38.0,46.0,86.0,49.0,13.0,95.0,48.0,29.0,47.0,29,Fear,4369.65,6.113660000000001e-05,-3.0534000000000003e-06,-0.05149999999999011,True,23,1,0,us,-0.0016889790841542185,-0.0006519555928873328,0.25
SOL,1786492800,1786496340.0,76.3345,76.334,76.375,-0.0005237316,-2.085e-07,5021653.180000001,107059233.16070993,76.334,76.335,140658.88477,116451.38040000001,-485450.17000000004,-37048393.39592,37248104.30054,17.083333333333332,2.0,10.0,5.998e-05,76.34,76.37,6.419e-05,76.33,4.0,0.11105,0.25,0.25,183075804840.06546,72136441601.04942,88.0,84.0,36.0,59.0,75.0,61.0,93.0,62.0,15.0,88.0,55.0,40.0,66.0,27,Fear,4380.73,-6.01885e-05,-6.43985e-05,-0.03549999999999898,True,0,2,0,asia,0.0011278910404795006,-0.0010392044965534006,0.75
SOL,1786496400,1786499940.0,76.3865,76.386,76.425,-0.0004802094,4.0988e-06,5010921.5600000005,113769881.24057993,76.386,76.387,249774.35152999999,25754.5868,-484354.56,-37000834.34539,37196387.588300005,17.083333333333332,2.0,10.0,5.998e-05,76.4,76.44,6.419e-05,76.4,4.0,0.300725,0.5,0.25,183075804840.06546,72136441601.04942,90.0,91.0,37.0,61.0,82.0,50.0,91.0,67.0,13.0,91.0,56.0,35.0,91.0,27,Fear,4395.13,-5.5881199999999996e-05,-6.009119999999999e-05,-0.05349999999999966,True,1,2,0,asia,0.0006812122958819167,-0.00030839592114461733,0.25
SOL,1786500000,1786501500.0,76.4155,76.415,76.445,-0.0003793577,1.10737e-05,5007870.8,113856531.06731996,76.415,76.416,64086.92697000001,109654.19741000001,-477815.57999999996,-36519918.49605,36718118.45029,17.083333333333332,2.0,10.0,5.998e-05,76.41,76.43,6.419e-05,76.4,19.0,0.10592631578947369,0.42105263157894735,0.21052631578947367,183075804840.06546,72136441601.04942,96.0,85.0,35.0,54.0,72.0,53.0,78.0,66.0,18.0,86.0,57.0,35.0,87.0,27,Fear,4409.6,-4.8906299999999996e-05,-5.311629999999999e-05,-0.014500000000012392,True,2,2,0,asia,0.0003796482362721232,0.0004534089707023098,1.0
SOL,1786503600,,,,,,,,,,,,,,,,,,,5.998e-05,76.38,76.42,6.419e-05,76.39,0.0,,,,183075804840.06546,72136441601.04942,91.0,84.0,34.0,52.0,51.0,50.0,72.0,63.0,13.0,84.0,54.0,35.0,85.0,27,Fear,4399.26,,,,False,3,2,0,asia,,,
SOL,1786507200,,,,,,,,,,,,,,,,,,,5.998e-05,76.27,76.3,6.419e-05,76.26,0.0,,,,183075804840.06546,72136441601.04942,88.0,80.0,28.0,51.0,59.0,54.0,64.0,60.0,13.0,84.0,61.0,29.0,77.0,27,Fear,4398.94,,,,False,4,2,0,asia,,,
SOL,1786510800,,,,,,,,,,,,,,,,,,,5.998e-05,76.29,76.33,6.419e-05,76.29,0.0,,,,183075804840.06546,72136441601.04942,73.0,72.0,42.0,44.0,34.0,51.0,58.0,70.0,11.0,90.0,68.0,25.0,59.0,27,Fear,4391.47,,,,False,5,2,0,asia,,,
SOL,1786514400,,,,,,,,,,,,,,,,,,,5.998e-05,76.02,76.05,6.419e-05,76.03,0.0,,,,183075804840.06546,72136441601.04942,53.0,74.0,36.0,40.0,36.0,51.0,55.0,71.0,7.0,87.0,64.0,28.0,55.0,27,Fear,4402.99,,,,False,6,2,0,asia,,,
SOL,1786518000,,,,,,,,,,,,,,,,,,,5.998e-05,76.25,76.27,6.419e-05,76.24,0.0,,,,183075804840.06546,72136441601.04942,65.0,61.0,45.0,41.0,27.0,74.0,54.0,69.0,11.0,83.0,65.0,38.0,53.0,27,Fear,4404.48,,,,False,7,2,0,asia,,,
SOL,1786521600,1786525080.0,76.1375,76.138,76.165,-0.0003544935,1.25e-05,5075831.239999999,116738765.63096999,76.137,76.138,53772.70972,59914.80113,-458759.15,-34928545.40393,35126136.14633,17.083333333333332,2.0,10.0,8.133e-05,76.15,76.19,5.35e-05,76.16,13.0,0.015461538461538459,0.3076923076923077,0.3076923076923077,183075804840.06546,72136441601.04942,48.0,63.0,35.0,40.0,0.0,45.0,52.0,63.0,7.0,79.0,61.0,27.0,49.0,27,Fear,4400.18,-6.882999999999999e-05,-4.1e-05,-0.052499999999994884,True,8,2,0,europe,,,
SOL,1786525200,1786528740.0,76.7075,76.7076,76.745,-0.0004821161,1.25e-05,5075371.820000001,106066104.92868985,76.707,76.708,257430.85073,42966.60929,-461814.58,-35424678.111358,35625601.396342,17.727272727272727,2.0,9.0,8.133e-05,76.71,76.75,5.35e-05,76.7,5.0,-0.1407,0.2,0.2,183075804840.06546,72136441601.04942,48.0,60.0,35.0,39.0,25.0,46.0,52.0,63.0,4.0,77.0,56.0,23.0,49.0,27,Fear,4413.47,-6.882999999999999e-05,-4.1e-05,-0.04250000000000398,True,9,2,0,europe,0.007486455426038319,,0.75
SOL,1786528800,1786532340.0,76.7525,76.746,76.775,-0.0002865516,1.25e-05,5147110.3999999985,113425266.01146004,76.752,76.753,201377.78074000002,137136.63403,-477213.48,-36641094.11674,36839756.67258,17.727272727272727,2.0,9.0,8.133e-05,76.73,76.78,5.35e-05,76.72,13.0,0.18446153846153848,0.3076923076923077,0.0,183075804840.06546,72136441601.04942,48.0,66.0,36.0,41.0,23.0,61.0,54.0,63.0,8.0,78.0,60.0,24.0,56.0,27,Fear,4411.18,-6.882999999999999e-05,-4.1e-05,-0.02750000000000341,True,10,2,0,europe,0.0005866440700061926,,0.25
SOL,1786532400,1786535880.0,76.7895,76.787,76.815,-0.0003254573,1.11566e-05,5157462.200000002,113771014.39084,76.789,76.79,215063.66265,109674.45317000002,-479803.17,-36846215.31488,37044774.90748,17.727272727272727,2.0,9.0,8.133e-05,76.79,76.84,5.35e-05,76.8,6.0,0.3490166666666667,0.8333333333333334,0.0,183075804840.06546,72136441601.04942,50.0,72.0,30.0,37.0,33.0,45.0,61.0,58.0,7.0,82.0,50.0,19.0,58.0,27,Fear,4412.23,-7.01734e-05,-4.23434e-05,-0.050499999999999545,True,11,2,0,europe,0.00048206898798097697,,0.25
SOL,1786536000,1786539480.0,76.6035,76.601,76.635,-0.0004045149,1.1361e-05,5153685.920000001,123528850.74784997,76.603,76.604,324551.06357999996,20136.607939999998,-481170.76,-36849558.92798,37043199.11598,17.727272727272727,2.0,9.0,8.133e-05,76.61,76.65,5.35e-05,76.61,14.0,0.16347142857142855,0.35714285714285715,0.14285714285714285,183075804840.06546,72136441601.04942,49.0,70.0,38.0,36.0,0.0,44.0,64.0,53.0,6.0,82.0,56.0,26.0,56.0,27,Fear,4433.96,-6.9969e-05,-4.2139e-05,-0.04650000000000887,True,12,2,0,europe,-0.002422206160998641,,0.25
SOL,1786539600,1786543140.0,76.2945,76.299,76.3308,-0.0004690112,8.709e-06,5152071.819999999,139920603.00295004,76.294,76.295,232786.46053,113349.56156000002,-483441.17,-36865560.391005,37054157.502004996,17.727272727272727,2.0,9.0,8.133e-05,76.19,76.23,5.35e-05,76.19,19.0,0.13779473684210528,0.3684210526315789,0.2631578947368421,183075804840.06546,72136441601.04942,61.0,71.0,37.0,45.0,0.0,44.0,63.0,52.0,9.0,78.0,48.0,21.0,61.0,27,Fear,4421.51,-7.2621e-05,-4.4791e-05,0.06449999999999534,True,13,2,0,us,-0.004033758248643937,,0.25
SOL,1786543200,1786546740.0,75.4275,75.428,75.4673,-0.0005207553,-1.407e-07,5027081.439999999,145244808.42192984,75.413,75.414,42708.53013,351608.43972,-464263.13,-35025636.39149,35216371.66451,17.727272727272727,2.0,9.0,8.133e-05,75.43,75.48,5.35e-05,75.44,9.0,-0.015066666666666685,0.3333333333333333,0.4444444444444444,183075804840.06546,72136441601.04942,74.0,74.0,33.0,57.0,37.0,58.0,59.0,51.0,8.0,72.0,42.0,22.0,68.0,27,Fear,4416.15,-8.14707e-05,-5.3640699999999996e-05,-0.052500000000009095,True,14,2,0,us,-0.011363859780193941,,0.25
SOL,1786546800,1786550340.0,75.7055,75.705,75.7414,-0.0004673798,1.8499e-06,5026994.9399999995,141663207.86082995,75.705,75.706,120711.5446,77563.02685000001,-449077.67000000004,-33997209.484000005,34184016.53316,17.727272727272727,2.0,9.0,8.133e-05,75.71,75.75,5.35e-05,75.7,12.0,0.07523333333333333,0.25,0.08333333333333333,183075804840.06546,72136441601.04942,79.0,69.0,35.0,52.0,41.0,48.0,66.0,53.0,9.0,74.0,42.0,27.0,81.0,27,Fear,4415.91,-7.94801e-05,-5.16501e-05,-0.04449999999999932,True,15,2,0,us,0.0036856584137086035,,0.75
SOL,1786550400,1786553940.0,75.6465,75.646,75.695,-0.0006341238,6.0345e-06,5023101.059999999,140758077.96005017,75.646,75.647,145179.81154999998,62297.01589,-448405.45,-33932012.76187,34120063.63137,17.727272727272727,2.0,9.0,-5.256e-05,75.66,75.7,-6.441e-05,75.65,12.0,0.12208333333333332,0.25,0.08333333333333333,183075804840.06546,72136441601.04942,77.0,69.0,31.0,50.0,38.0,50.0,62.0,49.0,9.0,71.0,43.0,24.0,68.0,27,Fear,4397.13,5.8594499999999996e-05,7.04445e-05,-0.05349999999999966,True,16,2,0,us,-0.0007793357153706992,,0.5
SOL,1786554000,1786557480.0,75.9255,75.926,75.965,-0.0005133943,4.6128e-06,5013406.259999999,140741754.26250002,75.925,75.926,100540.55313000001,186050.88308,-445725.83,-33830301.3115,34016955.16826,17.727272727272727,2.0,9.0,-5.256e-05,75.73,75.77,-6.441e-05,75.72,27.0,0.08961481481481481,0.25925925925925924,0.14814814814814814,183075804840.06546,72136441601.04942,82.0,60.0,32.0,45.0,0.0,39.0,60.0,44.0,10.0,71.0,40.0,22.0,51.0,27,Fear,4398.43,5.7172799999999996e-05,6.90228e-05,0.15550000000000352,True,17,2,0,us,0.0036882076500563965,,0.75
SOL,1786557600,1786557960.0,75.9495,75.949,75.985,-0.0004606172,8.3002e-06,5008777.62,140092048.68505007,75.949,75.95,58831.89173999999,112867.99011000001,-445461.84,-33814722.586632,34004236.226826,17.727272727272727,2.0,9.0,-5.256e-05,,,-6.441e-05,,0.0,,,,183075804840.06546,72136441601.04942,48.0,65.0,33.0,49.0,38.0,48.0,65.0,47.0,11.0,74.0,42.0,18.0,52.0,27,Fear,,6.08602e-05,7.27102e-05,,True,18,2,0,us,0.0003160993342157248,,0.75
SOL,1786561200,,,,,,,,,,,,,,,,,,,-5.256e-05,,,-6.441e-05,,0.0,,,,183075804840.06546,72136441601.04942,45.0,66.0,28.0,50.0,37.0,40.0,68.0,48.0,12.0,68.0,39.0,19.0,53.0,27,Fear,,,,,False,19,2,0,us,,,
SOL,1786564800,,,,,,,,,,,,,,,,,,,-5.256e-05,75.9,75.93,-6.441e-05,75.9,0.0,,,,183075804840.06546,72136441601.04942,48.0,71.0,29.0,49.0,33.0,39.0,67.0,55.0,10.0,75.0,42.0,26.0,51.0,27,Fear,4403.02,,,,False,20,2,0,us,,,
SOL,1786568400,,,,,,,,,,,,,,,,,,,-5.256e-05,75.43,75.5,-6.441e-05,75.42,0.0,,,,183075804840.06546,72136441601.04942,48.0,78.0,29.0,51.0,39.0,41.0,72.0,49.0,12.0,85.0,44.0,30.0,47.0,27,Fear,4401.21,,,,False,21,2,0,us,,,
SOL,1786572000,,,,,,,,,,,,,,,,,,,-5.256e-05,75.48,75.53,-6.441e-05,75.48,0.0,,,,183075804840.06546,72136441601.04942,47.0,76.0,25.0,59.0,32.0,49.0,77.0,54.0,18.0,87.0,46.0,26.0,46.0,27,Fear,4397.03,,,,False,22,2,0,us,,,
SOL,1786575600,,,,,,,,,,,,,,,,,,,-5.256e-05,75.59,75.63,-6.441e-05,75.59,0.0,,,,183075804840.06546,72136441601.04942,50.0,78.0,33.0,59.0,41.0,45.0,81.0,47.0,12.0,85.0,48.0,29.0,49.0,27,Fear,4409.58,,,,False,23,2,0,us,,,
SOL,1786579200,,,,,,,,,,,,,,,,,,,-6.47e-05,75.57,75.63,-9.818e-05,75.58,0.0,,,,183016228206.96475,72018588892.5412,49.0,73.0,31.0,52.0,46.0,41.0,94.0,50.0,14.0,86.0,43.0,41.0,67.0,29,Fear,4422.38,,,,False,0,3,0,asia,,,
SOL,1786582800,,,,,,,,,,,,,,,,,,,-6.47e-05,75.6,75.65,-9.818e-05,75.6,0.0,,,,183016228206.96475,72018588892.5412,47.0,75.0,38.0,49.0,29.0,41.0,90.0,56.0,16.0,82.0,48.0,42.0,92.0,29,Fear,4404.14,,,,False,1,3,0,asia,,,
SOL,1786586400,,,,,,,,,,,,,,,,,,,-6.47e-05,75.94,75.98,-9.818e-05,75.93,0.0,,,,183016228206.96475,72018588892.5412,46.0,81.0,31.0,51.0,0.0,51.0,77.0,55.0,18.0,78.0,47.0,31.0,90.0,29,Fear,4403.26,,,,False,2,3,0,asia,,,
SOL,1786590000,,,,,,,,,,,,,,,,,,,-6.47e-05,76.23,76.26,-9.818e-05,76.24,0.0,,,,183016228206.96475,72018588892.5412,45.0,68.0,24.0,54.0,51.0,44.0,71.0,52.0,13.0,78.0,48.0,25.0,82.0,29,Fear,4395.98,,,,False,3,3,0,asia,,,
SOL,1786593600,,,,,,,,,,,,,,,,,,,-6.47e-05,76.1,76.13,-9.818e-05,76.11,0.0,,,,183016228206.96475,72018588892.5412,46.0,73.0,25.0,44.0,0.0,48.0,70.0,59.0,8.0,78.0,44.0,34.0,71.0,29,Fear,4394.79,,,,False,4,3,0,asia,,,
SOL,1786597200,,,,,,,,,,,,,,,,,,,-6.47e-05,76.47,76.52,-9.818e-05,76.49,0.0,,,,183016228206.96475,72018588892.5412,50.0,63.0,34.0,40.0,32.0,44.0,62.0,65.0,11.0,71.0,42.0,20.0,59.0,29,Fear,4380.67,,,,False,5,3,0,asia,,,
SOL,1786600800,,,,,,,,,,,,,,,,,,,-6.47e-05,76.48,76.53,-9.818e-05,76.5,0.0,,,,183016228206.96475,72018588892.5412,46.0,59.0,40.0,33.0,37.0,41.0,56.0,57.0,6.0,62.0,38.0,27.0,55.0,29,Fear,4377.32,,,,False,6,3,0,asia,,,
SOL,1786604400,1786607880.0,76.3805,76.381,76.425,-0.0005757278,7.2838e-06,5022348.82,123515236.40337984,76.38,76.381,52996.73675,102958.33671999999,-445368.26,-34017633.370068,35337658.518224,17.727272727272727,3.0,8.0,-6.47e-05,76.41,76.44,-9.818e-05,76.41,4.0,0.296375,0.5,0.25,183016228206.96475,72018588892.5412,44.0,55.0,32.0,40.0,24.0,43.0,54.0,57.0,8.0,60.0,35.0,26.0,52.0,29,Fear,4368.0,7.19838e-05,0.0001054638,-0.059499999999999886,True,7,3,0,asia,,,
SOL,1786608000,1786611540.0,76.1715,76.172,76.205,-0.0004159832,2.3245e-06,5033463.900000001,120547775.13424,76.171,76.172,75936.60235,50520.14728999999,-444139.82,-33831814.953334,35662570.866654,17.727272727272727,3.0,8.0,5.877e-05,76.18,76.21,0.0001,76.19,7.0,0.18235714285714286,0.5714285714285714,0.14285714285714285,183016228206.96475,72018588892.5412,43.0,54.0,30.0,36.0,22.0,43.0,53.0,52.0,8.0,66.0,37.0,23.0,57.0,29,Fear,4375.29,-5.64455e-05,-9.767550000000001e-05,-0.03849999999999909,True,8,3,0,europe,-0.0027363004955454073,,0.75
SOL,1786611600,1786615080.0,76.1385,76.129,76.165,-0.0003321736,9.9118e-06,5025018.180000001,119551745.12048005,76.138,76.139,191082.60806,29738.299120000003,-445890.44,-33941180.292799994,35458988.7344,17.727272727272727,3.0,8.0,5.877e-05,76.11,76.16,0.0001,76.14,8.0,0.203675,0.375,0.0,183016228206.96475,72018588892.5412,42.0,53.0,29.0,34.0,0.0,33.0,53.0,51.0,7.0,68.0,36.0,14.0,54.0,29,Fear,4383.36,-4.88582e-05,-9.008820000000001e-05,-0.021500000000003183,True,9,3,0,europe,-0.0004332329020696468,,0.25
SOL,1786615200,1786618740.0,75.7225,75.723,75.755,-0.0004224144,1.0905e-05,5039558.000000003,112201668.00974983,75.722,75.723,141344.10866,63982.20352000001,-448324.28,-33954831.502900004,35075945.83082,17.727272727272727,3.0,8.0,5.877e-05,75.7,75.75,0.0001,75.71,7.0,0.08524285714285715,0.42857142857142855,0.14285714285714285,183016228206.96475,72018588892.5412,43.0,58.0,30.0,37.0,0.0,36.0,53.0,52.0,8.0,70.0,41.0,11.0,56.0,29,Fear,4390.45,-4.7865e-05,-8.9095e-05,-0.02750000000000341,True,10,3,0,europe,-0.005463727286458164,,0.25
SOL,1786618800,1786622340.0,75.6225,75.6211,75.655,-0.0004229727,1.25e-05,5052574.039999999,110894176.06614,75.622,75.623,72905.95762,166757.60787,-451359.30000000005,-34127728.0323,34872517.55338,17.727272727272727,3.0,8.0,5.877e-05,75.61,75.67,0.0001,75.62,9.0,-0.03986666666666667,0.3333333333333333,0.2222222222222222,183016228206.96475,72018588892.5412,47.0,58.0,34.0,36.0,0.0,32.0,59.0,47.0,8.0,73.0,38.0,54.0,56.0,29,Fear,4386.04,-4.627e-05,-8.75e-05,-0.04749999999999943,True,11,3,0,europe,-0.0013206114430980298,,1.0
SOL,1786622400,1786625940.0,76.0765,76.077,76.1191,-0.0005399433,3.5637e-06,5093974.740000001,103353229.67832981,76.076,76.077,256387.05215,86076.14755,-450521.91000000003,-34278236.11214,35152825.9795,17.727272727272727,3.0,8.0,5.877e-05,76.08,76.14,0.0001,76.1,10.0,0.29552,0.5,0.2,183016228206.96475,72018588892.5412,44.0,67.0,34.0,33.0,26.0,31.0,65.0,45.0,8.0,76.0,35.0,18.0,60.0,29,Fear,4399.14,-5.52063e-05,-9.64363e-05,-0.06350000000000477,True,12,3,0,europe,0.006003504248074165,,0.75
SOL,1786626000,1786629540.0,76.1425,76.142,76.1774,-0.0004515775,5.9392e-06,5071567.380000004,86348011.28383002,76.142,76.143,71755.30321,103369.08073000002,-450483.32000000007,-34304887.918960005,35388274.95696,17.727272727272727,3.0,8.0,5.877e-05,76.16,76.2,0.0001,76.14,15.0,0.05943333333333333,0.2,0.13333333333333333,183016228206.96475,72018588892.5412,44.0,67.0,27.0,40.0,0.0,33.0,62.0,46.0,9.0,77.0,41.0,18.0,59.0,29,Fear,4372.41,-5.28308e-05,-9.40608e-05,-0.05750000000000455,True,13,3,0,us,0.0008675477972830414,,1.0
SOL,1786629600,1786633080.0,76.4585,76.458,76.4909,-0.0004170431,8.8832e-06,5065211.78,74320730.03444995,76.458,76.459,77455.21301,79553.14533000001,-451547.25,-34529959.71745,35667717.91329,17.727272727272727,3.0,8.0,5.877e-05,76.43,76.46,0.0001,76.43,28.0,0.2649892857142857,0.5,0.10714285714285714,183016228206.96475,72018588892.5412,50.0,72.0,26.0,44.0,0.0,32.0,63.0,52.0,9.0,86.0,44.0,22.0,66.0,29,Fear,4383.52,-4.9886800000000005e-05,-9.11168e-05,-0.0014999999999929514,True,14,3,0,us,0.004150113274452583,,0.75
SOL,1786633200,1786636740.0,75.6955,75.6959,75.735,-0.0005149535,8.745e-07,5051923.160000003,71845391.83230996,75.695,75.696,37424.14379,362683.27236999996,-444658.17000000004,-33758655.64609,35767102.21103,17.727272727272727,3.0,8.0,5.877e-05,75.61,75.64,0.0001,75.59,9.0,-0.22285555555555556,0.1111111111111111,0.4444444444444444,183016228206.96475,72018588892.5412,47.0,68.0,25.0,46.0,18.0,32.0,62.0,50.0,6.0,83.0,42.0,17.0,85.0,29,Fear,4365.37,-5.78955e-05,-9.91255e-05,0.055499999999995,True,15,3,0,us,-0.009979269799956891,,0.25
SOL,1786636800,1786640280.0,75.4945,75.494,75.535,-0.0005295558,3.9416e-06,5072009.919999997,79156414.44273,75.493,75.494,39194.99595,174318.35889,-439344.19,-33166219.57642,35706029.85302,17.727272727272727,3.0,8.0,-4.9e-06,75.56,75.61,-9.45e-06,75.55,14.0,0.04412142857142858,0.42857142857142855,0.14285714285714285,183016228206.96475,72018588892.5412,47.0,70.0,25.0,50.0,17.0,33.0,66.0,50.0,9.0,88.0,42.0,27.0,73.0,29,Fear,4366.79,8.8416e-06,1.3391599999999999e-05,-0.11549999999999727,True,16,3,0,us,-0.0026553758149426843,,1.0
SOL,1786640400,1786643940.0,75.7675,75.768,75.815,-0.0006199301,1.8057e-06,5060059.700000002,79931116.13308991,75.767,75.768,52087.39084,108582.25509,-433243.49,-32815798.57524,36100205.547299996,17.727272727272727,3.0,8.0,-4.9e-06,75.74,75.78,-9.45e-06,75.73,18.0,0.0339888888888889,0.3333333333333333,0.3333333333333333,183016228206.96475,72018588892.5412,49.0,67.0,33.0,47.0,0.0,40.0,64.0,56.0,9.0,85.0,45.0,27.0,58.0,29,Fear,4356.84,6.705699999999999e-06,1.12557e-05,-0.012500000000002842,True,17,3,0,us,0.0036161574684248077,,1.0
SOL,1786644000,1786647240.0,75.9955,75.995,76.03,-0.0004471919,6.445e-06,5054654.42,80787178.3962899,75.999,76.0,653643.9231400001,127642.03749999999,-435944.27,-33065936.93523,36131236.22505,17.727272727272727,3.0,8.0,-4.9e-06,75.98,76.01,-9.45e-06,75.98,0.0,,,,183016228206.96475,72018588892.5412,48.0,68.0,32.0,50.0,43.0,39.0,63.0,47.0,10.0,85.0,44.0,28.0,51.0,29,Fear,4357.76,1.1345e-05,1.5895e-05,-0.014499999999998181,True,18,3,0,us,0.003009205794041181,,0.5
SOL,1786647600,1786651140.0,76.1225,76.123,76.165,-0.0005514344,2.9835e-06,5036481.900000002,82880018.71333002,76.122,76.123,73494.7166,52629.742640000004,-431049.15,-32800843.90878,36525060.30998,17.727272727272727,3.0,8.0,-4.9e-06,76.17,76.2,-9.45e-06,76.16,9.0,0.2479555555555556,0.6666666666666666,0.2222222222222222,183016228206.96475,72018588892.5412,52.0,74.0,50.0,56.0,50.0,58.0,66.0,55.0,7.0,94.0,64.0,25.0,56.0,29,Fear,4349.48,7.8835e-06,1.2433499999999999e-05,-0.07750000000000057,True,19,3,0,us,0.0016711515813436773,,1.0
SOL,1786651200,1786654740.0,76.1795,76.18,76.215,-0.0003909991,1.13083e-05,5054369.92,86936622.97282006,76.208,76.209,50388.77015999999,93900.61901000001,-439814.97000000003,-33493184.930886,37078534.768748,17.727272727272727,3.0,8.0,-4.9e-06,76.18,76.22,-9.45e-06,76.17,14.0,0.06729285714285714,0.2857142857142857,0.21428571428571427,183016228206.96475,72018588892.5412,54.0,77.0,39.0,61.0,37.0,45.0,70.0,59.0,13.0,97.0,57.0,17.0,54.0,29,Fear,4350.63,1.62083e-05,2.07583e-05,-0.04049999999999443,True,20,3,0,us,0.0007487930638117035,,1.0
SOL,1786654800,1786656540.0,76.1375,76.138,76.175,-0.0004857237,2.4687e-06,5045554.539999999,86947007.48309006,76.137,76.138,61987.54666,123705.01604,-438021.43,-33368391.639964,37153672.193104,17.727272727272727,3.0,8.0,-4.9e-06,76.17,76.21,-9.45e-06,76.17,21.0,-0.19496666666666665,0.2857142857142857,0.42857142857142855,183016228206.96475,72018588892.5412,54.0,84.0,41.0,59.0,34.0,54.0,79.0,59.0,14.0,93.0,58.0,34.0,53.0,29,Fear,4353.09,7.3686999999999994e-06,1.19187e-05,-0.0724999999999909,True,21,3,0,us,-0.0005513294258954193,,0.25
SOL,1786658400,,,,,,,,,,,,,,,,,,,-4.9e-06,76.21,76.25,-9.45e-06,76.22,0.0,,,,183016228206.96475,72018588892.5412,53.0,81.0,39.0,69.0,31.0,57.0,81.0,65.0,15.0,98.0,71.0,41.0,51.0,29,Fear,4353.5,,,,False,22,3,0,us,,,
SOL,1786662000,,,,,,,,,,,,,,,,,,,-4.9e-06,76.23,76.28,-9.45e-06,76.23,0.0,,,,183016228206.96475,72018588892.5412,53.0,78.0,50.0,62.0,53.0,63.0,78.0,64.0,19.0,94.0,79.0,33.0,49.0,29,Fear,4356.83,,,,False,23,3,0,us,,,
SOL,1786665600,,,,,,,,,,,,,,,,,,,5.622e-05,76.06,76.08,-4.66e-06,76.05,0.0,,,,183028276596.99738,71948109765.81747,53.0,77.0,50.0,62.0,36.0,65.0,90.0,67.0,13.0,93.0,76.0,47.0,73.0,29,Fear,4343.87,,,,False,0,4,0,asia,,,
SOL,1786669200,,,,,,,,,,,,,,,,,,,5.622e-05,76.06,76.08,-4.66e-06,76.07,0.0,,,,183028276596.99738,71948109765.81747,49.0,74.0,56.0,60.0,55.0,69.0,90.0,60.0,16.0,93.0,79.0,25.0,100.0,29,Fear,4323.13,,,,False,1,4,0,asia,,,
SOL,1786672800,,,,,,,,,,,,,,,,,,,5.622e-05,76.0,76.03,-4.66e-06,75.99,0.0,,,,183028276596.99738,71948109765.81747,51.0,73.0,60.0,61.0,48.0,77.0,81.0,59.0,19.0,93.0,84.0,76.0,99.0,29,Fear,4320.79,,,,False,2,4,0,asia,,,
SOL,1786676400,,,,,,,,,,,,,,,,,,,5.622e-05,75.73,75.76,-4.66e-06,75.72,0.0,,,,183028276596.99738,71948109765.81747,51.0,74.0,67.0,55.0,52.0,99.0,70.0,59.0,14.0,82.0,93.0,73.0,85.0,29,Fear,4329.5,,,,False,3,4,0,asia,,,
SOL,1786680000,,,,,,,,,,,,,,,,,,,5.622e-05,75.81,75.85,-4.66e-06,75.81,0.0,,,,183028276596.99738,71948109765.81747,55.0,74.0,61.0,58.0,42.0,92.0,66.0,70.0,18.0,84.0,87.0,25.0,73.0,29,Fear,4332.01,,,,False,4,4,0,asia,,,
SOL,1786683600,,,,,,,,,,,,,,,,,,,5.622e-05,75.89,75.93,-4.66e-06,75.89,0.0,,,,183028276596.99738,71948109765.81747,57.0,70.0,88.0,53.0,55.0,86.0,59.0,75.0,19.0,76.0,89.0,45.0,62.0,29,Fear,4338.56,,,,False,5,4,0,asia,,,
SOL,1786687200,,,,,,,,,,,,,,,,,,,5.622e-05,75.5,75.54,-4.66e-06,75.51,0.0,,,,183028276596.99738,71948109765.81747,56.0,67.0,100.0,45.0,52.0,100.0,55.0,77.0,20.0,73.0,100.0,62.0,58.0,29,Fear,4341.58,,,,False,6,4,0,asia,,,
SOL,1786690800,,,,,,,,,,,,,,,,,,,5.622e-05,75.55,75.59,-4.66e-06,75.55,0.0,,,,183028276596.99738,71948109765.81747,53.0,59.0,88.0,39.0,33.0,91.0,54.0,67.0,12.0,72.0,98.0,41.0,56.0,29,Fear,4350.46,,,,False,7,4,0,asia,,,
SOL,1786694400,1786697880.0,75.8005,75.797,75.8335,-0.0004285705,9.4701e-06,5045863.820000002,71700110.78489994,75.8,75.801,338673.30558000004,21810.34001,-429051.34,-32514164.34908,37197501.98748,17.727272727272727,4.0,7.0,2.264e-05,75.82,75.87,4.587e-05,75.84,10.0,0.16402999999999998,0.3,0.0,183028276596.99738,71948109765.81747,50.0,59.0,45.0,34.0,0.0,41.0,51.0,61.0,14.0,66.0,44.0,34.0,53.0,29,Fear,4352.28,-1.31699e-05,-3.63999e-05,-0.069500000000005,True,8,4,0,europe,,,
SOL,1786698000,1786701540.0,75.4795,75.48,75.515,-0.0004634841,1.2222e-05,5048707.039999999,70235760.34389992,75.479,75.48,61469.63815,97187.32590000001,-431071.38,-32546081.28784,37078581.83488,17.727272727272727,4.0,7.0,2.264e-05,75.44,75.49,4.587e-05,75.45,7.0,0.06495714285714285,0.14285714285714285,0.14285714285714285,183028276596.99738,71948109765.81747,52.0,60.0,40.0,45.0,35.0,58.0,52.0,70.0,10.0,62.0,50.0,21.0,53.0,29,Fear,4361.44,-1.0418000000000001e-05,-3.3648e-05,-0.010499999999993292,True,9,4,0,europe,-0.004234800562001539,,0.25
SOL,1786701600,1786705080.0,75.4795,75.46,75.4914,-0.0001192189,1.11192e-05,5039931.720000002,70434243.68523997,75.479,75.48,225001.11745999998,16711.261449999998,-431872.54,-32569025.964541998,37014011.81707,17.727272727272727,4.0,7.0,2.264e-05,75.35,75.41,4.587e-05,75.36,11.0,0.21953636363636367,0.45454545454545453,0.18181818181818182,183028276596.99738,71948109765.81747,50.0,61.0,30.0,40.0,40.0,35.0,50.0,51.0,7.0,66.0,36.0,27.0,56.0,29,Fear,4351.75,-1.15208e-05,-3.47508e-05,0.069500000000005,True,10,4,0,europe,0.0,,0.25
SOL,1786705200,1786708740.0,75.4965,75.496,75.525,-0.0003707382,1.25e-05,5045909.240000002,69616063.22796988,75.485,75.487,14654.39425,125426.52891,-439973.47000000003,-33231636.16257,36847901.827470005,17.727272727272727,4.0,7.0,2.264e-05,75.49,75.54,4.587e-05,75.49,12.0,-0.01035833333333334,0.08333333333333333,0.25,183028276596.99738,71948109765.81747,45.0,67.0,33.0,36.0,0.0,30.0,59.0,49.0,4.0,67.0,41.0,17.0,61.0,29,Fear,4369.61,-1.014e-05,-3.337e-05,-0.043500000000008754,True,11,4,0,europe,0.00022522671718805398,,0.5
SOL,1786708800,1786712340.0,75.4195,75.423,75.465,-0.0005963029,1.18307e-05,5049034.120000001,66519148.09246,75.419,75.42,111915.21834000002,75284.93119999999,-442290.63,-33366095.23624,36952343.47136,17.727272727272727,4.0,7.0,2.264e-05,75.42,75.47,4.587e-05,75.42,30.0,-0.004659999999999996,0.2,0.23333333333333334,183028276596.99738,71948109765.81747,48.0,67.0,21.0,38.0,34.0,28.0,68.0,47.0,8.0,76.0,37.0,25.0,58.0,29,Fear,4372.96,-1.08093e-05,-3.40393e-05,-0.050499999999999545,True,12,4,0,europe,-0.0010199148304887995,,0.75
SOL,1786712400,1786715940.0,75.3105,75.3025,75.335,-0.000318577,6.0116e-06,5040988.020000002,63870289.06245998,75.298,75.299,43347.38575,258622.26894000004,-440999.29000000004,-33207869.421663,36859115.256423004,17.727272727272727,4.0,7.0,2.264e-05,75.32,75.37,4.587e-05,75.32,0.0,,,,183028276596.99738,71948109765.81747,53.0,77.0,28.0,47.0,19.0,31.0,64.0,53.0,9.0,79.0,42.0,27.0,56.0,29,Fear,4381.67,-1.6628399999999998e-05,-3.98584e-05,-0.059499999999999886,True,13,4,0,us,-0.0014452495707343305,,1.0
SOL,1786716000,1786719480.0,75.2045,75.204,75.245,-0.0005315968,3.4484e-06,5034149.16,65504175.83940997,75.204,75.205,285671.78225,52100.676949999994,-439775.76,-33067982.75225,37038625.16403,17.727272727272727,4.0,7.0,2.264e-05,75.22,75.28,4.587e-05,75.22,0.0,,,,183028276596.99738,71948109765.81747,50.0,76.0,22.0,46.0,0.0,29.0,64.0,47.0,11.0,79.0,36.0,25.0,65.0,29,Fear,4377.28,-1.91916e-05,-4.24216e-05,-0.07550000000000523,True,14,4,0,us,-0.001407506257427693,,0.5
SOL,1786719600,1786723080.0,75.6625,75.666,75.715,-0.000686786,-7.823e-07,5040557.520000002,64580991.038140014,75.662,75.663,126265.87121000001,122984.93553999998,-442579.89,-33489733.271027997,37574725.310652,17.727272727272727,4.0,7.0,2.264e-05,75.6,75.65,4.587e-05,75.62,15.0,0.10197333333333332,0.4666666666666667,0.2,183028276596.99738,71948109765.81747,52.0,71.0,25.0,48.0,20.0,31.0,69.0,50.0,10.0,83.0,39.0,23.0,76.0,29,Fear,4388.09,-2.34223e-05,-4.66523e-05,0.012499999999988631,True,15,4,0,us,0.006090061100067157,,0.5
SOL,1786723200,1786726740.0,75.4555,75.455,75.4923,-0.0004808437,7.4769e-06,5044834.2600000035,58819500.990359984,75.455,75.456,18723.708510000004,287570.59924,-448378.0,-33828875.52178,37563933.183359995,17.727272727272727,4.0,7.0,-6.847e-05,75.41,75.47,-1.153e-05,75.44,8.0,0.2300625,0.375,0.0,183028276596.99738,71948109765.81747,50.0,71.0,24.0,48.0,32.0,31.0,62.0,47.0,10.0,81.0,39.0,25.0,64.0,29,Fear,4382.21,7.59469e-05,1.90069e-05,-0.014499999999998181,True,16,4,0,us,-0.002735833471006033,,0.25
SOL,1786726800,1786730280.0,75.2075,75.219,75.255,-0.0006245432,4.7719e-06,5050939.020000002,57331177.27848003,75.207,75.208,93596.18973999999,27392.963079999994,-450974.48,-33919713.54608,37626200.799159996,17.727272727272727,4.0,7.0,-6.847e-05,75.24,75.3,-1.153e-05,75.24,17.0,0.20131176470588236,0.47058823529411764,0.11764705882352941,183028276596.99738,71948109765.81747,46.0,62.0,22.0,46.0,0.0,29.0,67.0,46.0,11.0,86.0,38.0,23.0,53.0,29,Fear,4373.89,7.32419e-05,1.63019e-05,-0.09250000000000114,True,17,4,0,us,-0.0032867054091485493,,0.75
SOL,1786730400,1786733940.0,74.9455,74.945,74.995,-0.0006533769,-7.4103e-06,5044342.16,56601416.61105997,74.945,74.946,293637.97358,56234.47608000001,-448905.68,-33643236.1876,37627586.686299995,17.727272727272727,4.0,7.0,-6.847e-05,74.91,74.97,-1.153e-05,74.92,5.0,0.14148,0.4,0.2,183028276596.99738,71948109765.81747,50.0,66.0,26.0,50.0,30.0,32.0,68.0,50.0,15.0,84.0,40.0,19.0,54.0,29,Fear,4371.08,6.10597e-05,4.1197e-06,-0.024500000000003297,True,18,4,0,us,-0.003483695110195084,,0.25
SOL,1786734000,1786737540.0,75.0395,75.039,75.085,-0.0005993208,-3.2016e-06,5058662.7799999975,57574150.23282,75.039,75.04,132469.69776,82060.02594,-452006.08,-33913872.72891,37718213.41991,17.727272727272727,3.0,8.0,-6.847e-05,74.95,75.02,-1.153e-05,74.96,13.0,-0.049946153846153855,0.23076923076923078,0.38461538461538464,183028276596.99738,71948109765.81747,60.0,70.0,27.0,51.0,26.0,32.0,68.0,49.0,6.0,86.0,45.0,26.0,52.0,29,Fear,4372.21,6.52684e-05,8.3284e-06,0.019500000000007844,True,19,4,0,us,0.0012542447511860733,,0.75
SOL,1786737600,1786741140.0,75.1105,75.104,75.145,-0.0004271741,-2.5393e-06,5065501.420000002,52626604.24655003,75.112,75.113,176421.49761999998,18407.329210000004,-452460.4,-33980047.51624,37826566.569172,17.727272727272727,3.0,8.0,-6.847e-05,75.11,75.15,-1.153e-05,75.1,10.0,0.3538,0.6,0.0,183028276596.99738,71948109765.81747,69.0,76.0,29.0,52.0,31.0,29.0,69.0,53.0,12.0,87.0,41.0,31.0,53.0,29,Fear,4373.17,6.59307e-05,8.9907e-06,-0.039500000000003865,True,20,4,0,us,0.0009461683513349861,,1.0
SOL,1786741200,1786744740.0,75.1325,75.133,75.18,-0.0006251663,-7.6512e-06,5062181.240000001,51371966.90948003,75.132,75.133,92610.22340000002,38650.197459999996,-452004.30000000005,-33948550.49799,37794758.01499,17.727272727272727,3.0,8.0,-6.847e-05,75.15,75.19,-1.153e-05,75.15,6.0,-0.34709999999999996,0.0,0.6666666666666666,183028276596.99738,71948109765.81747,67.0,85.0,26.0,55.0,53.0,31.0,77.0,61.0,14.0,96.0,48.0,31.0,51.0,29,Fear,4377.25,6.08188e-05,3.878799999999999e-06,-0.05750000000000455,True,21,4,0,us,0.00029290179136065575,,0.5
SOL,1786744800,1786748280.0,75.1635,75.161,75.195,-0.0004122615,1.634e-07,5065831.299999999,51689952.47242001,75.163,75.164,112654.89149,121564.23971000001,-452679.69,-34008912.05934,37780572.24526,17.727272727272727,3.0,8.0,-6.847e-05,75.15,75.2,-1.153e-05,75.16,5.0,0.07775999999999998,0.4,0.4,183028276596.99738,71948109765.81747,59.0,79.0,29.0,56.0,0.0,36.0,79.0,59.0,9.0,96.0,58.0,40.0,50.0,29,Fear,4376.27,6.86334e-05,1.1693399999999999e-05,-0.03650000000000375,True,22,4,0,us,0.0004126043988954553,,0.75
SOL,1786748400,1786751940.0,75.3655,75.365,75.3995,-0.0004443,8.894e-06,5067348.52,52348946.56796999,75.365,75.366,307245.30010999995,3392.71375,-456218.94,-34378367.97386,37808021.188260004,17.727272727272727,3.0,8.0,-6.847e-05,75.37,75.4,-1.153e-05,75.38,7.0,0.007014285714285703,0.2857142857142857,0.2857142857142857,183028276596.99738,71948109765.81747,52.0,78.0,25.0,51.0,50.0,36.0,88.0,51.0,17.0,93.0,47.0,25.0,53.0,29,Fear,4380.4,7.7364e-05,2.0424e-05,-0.03450000000000841,True,23,4,0,us,0.002687474638621179,,0.75
SOL,1786752000,1786755480.0,75.3685,75.368,75.402,-0.0004376542,6.6315e-06,5053528.26,52281528.91577001,75.368,75.369,297882.01927,59840.94050000001,-455283.36,-34313974.611760005,37930050.99032,17.727272727272727,3.0,8.0,-0.00010912,75.32,75.36,-3.115e-05,75.31,10.0,0.008190000000000008,0.2,0.3,183029020989.35953,71883021338.37572,53.0,73.0,32.0,54.0,0.0,38.0,95.0,57.0,19.0,89.0,48.0,50.0,71.0,34,Fear,4377.49,0.0001157515,3.77815e-05,0.008499999999997954,True,0,5,1,asia,3.980601203479317e-05,,0.75
SOL,1786755600,1786759140.0,75.3775,75.369,75.405,-0.0003448047,7.8361e-06,5045465.0200000005,52345861.157270014,75.377,75.378,164404.56402,27935.2179,-456034.77,-34369060.44105,37879067.74665,17.727272727272727,4.0,7.0,-0.00010912,75.38,75.42,-3.115e-05,75.38,10.0,-0.09766000000000001,0.2,0.4,183029020989.35953,71883021338.37572,52.0,77.0,32.0,51.0,34.0,40.0,97.0,59.0,14.0,86.0,50.0,39.0,92.0,34,Fear,4375.29,0.0001169561,3.8986099999999996e-05,-0.04250000000000398,True,1,5,1,asia,0.00011941328273756824,,0.25
SOL,1786759200,1786762680.0,75.6095,75.609,75.64,-0.0003966155,1.25e-05,5070496.059999999,53993547.267690025,75.609,75.61,121243.13897,88157.68019000001,-459447.18000000005,-34738799.57695,37865716.41843,17.727272727272727,4.0,7.0,-0.00010912,75.63,75.65,-3.115e-05,75.62,7.0,0.19031428571428569,0.42857142857142855,0.0,183029020989.35953,71883021338.37572,50.0,79.0,26.0,52.0,79.0,44.0,79.0,58.0,14.0,87.0,53.0,29.0,84.0,34,Fear,4377.32,0.00012162,4.365e-05,-0.04050000000000864,True,2,5,1,asia,0.003077841530960912,,0.75
SOL,1786762800,1786766340.0,75.4035,75.403,75.4333,-0.0003884226,1.25e-05,5066904.840000002,53067819.47199998,75.403,75.404,68236.68878000001,172227.24738,-459566.53,-34660809.36765,37782782.529750004,17.727272727272727,4.0,7.0,-0.00010912,75.39,75.42,-3.115e-05,75.38,3.0,-0.12976666666666667,0.3333333333333333,0.3333333333333333,183029020989.35953,71883021338.37572,46.0,72.0,25.0,46.0,62.0,39.0,70.0,53.0,14.0,79.0,50.0,38.0,79.0,34,Fear,4379.3,0.00012162,4.365e-05,-0.01650000000000773,True,3,5,1,asia,-0.0027245253572633077,,0.25
SOL,1786766400,1786769940.0,75.5085,75.508,75.533,-0.0003177419,1.25e-05,5055808.94,54642929.07744002,75.508,75.509,103777.84015,107360.82015999999,-464079.25,-35041696.009,37669706.6442,17.727272727272727,4.0,7.0,-0.00010912,75.5,75.53,-3.115e-05,75.49,7.0,0.16892857142857146,0.42857142857142855,0.14285714285714285,183029020989.35953,71883021338.37572,51.0,70.0,30.0,46.0,46.0,47.0,62.0,55.0,12.0,80.0,51.0,38.0,70.0,34,Fear,4379.23,0.00012162,4.365e-05,-0.021500000000003183,True,4,5,1,asia,0.0013925083053174525,,1.0
SOL,1786770000,1786773540.0,75.3165,75.316,75.35,-0.0004379562,1.25e-05,5062419.12,55025705.15894001,75.316,75.317,155710.91728000002,50276.201219999995,-464689.4,-34998546.8504,37559667.4304,17.727272727272727,4.0,7.0,-0.00010912,75.32,75.36,-3.115e-05,75.31,5.0,0.39597999999999994,0.8,0.2,183029020989.35953,71883021338.37572,58.0,70.0,76.0,41.0,36.0,64.0,56.0,71.0,7.0,75.0,65.0,24.0,59.0,34,Fear,4377.09,0.00012162,4.365e-05,-0.04349999999999454,True,5,5,1,asia,-0.0025427600866126943,,0.25
SOL,1786773600,1786777140.0,75.3985,75.399,75.435,-0.0004520448,8.5647e-06,5060272.380000003,54038262.16750001,75.398,75.399,128759.49976,59345.91518,-465246.46,-35084741.38314,37537281.18822,17.727272727272727,4.0,7.0,-0.00010912,75.39,75.44,-3.115e-05,75.38,2.0,0.46685,1.0,0.0,183029020989.35953,71883021338.37572,53.0,67.0,53.0,33.0,38.0,57.0,48.0,65.0,8.0,69.0,54.0,30.0,58.0,34,Fear,4375.76,0.0001176847,3.97147e-05,-0.041499999999999204,True,6,5,1,asia,0.0010887388553635358,,1.0
SOL,1786777200,1786780680.0,75.2045,75.205,75.235,-0.0003987506,1.25e-05,5060338.120000004,51991857.669559985,75.204,75.205,133033.77161999998,63985.566779999994,-465251.29000000004,-34988906.77984,37431051.39424,17.727272727272727,4.0,7.0,-0.00010912,75.2,75.24,-3.115e-05,75.2,9.0,0.1141888888888889,0.5555555555555556,0.3333333333333333,183029020989.35953,71883021338.37572,60.0,59.0,85.0,40.0,68.0,75.0,46.0,67.0,100.0,65.0,52.0,100.0,57.0,34,Fear,4379.17,0.00012162,4.365e-05,-0.03549999999999898,True,7,5,1,asia,-0.002572995483995033,,0.25
SOL,1786780800,1786784340.0,75.0585,75.058,75.095,-0.0004793928,1.25e-05,5088329.82,50760727.83861001,75.058,75.059,189572.6508,93731.36887,-465486.10000000003,-34945193.84188,37381061.3248,17.727272727272727,4.0,7.0,6.794e-05,75.05,75.09,3.25e-06,75.04,6.0,-0.0022166666666666632,0.16666666666666666,0.16666666666666666,183029020989.35953,71883021338.37572,49.0,53.0,71.0,38.0,0.0,47.0,47.0,55.0,8.0,64.0,46.0,16.0,54.0,34,Fear,4377.63,-5.5440000000000005e-05,9.250000000000001e-06,-0.0315000000000083,True,8,5,1,europe,-0.0019413731891043673,,0.5
SOL,1786784400,1786787940.0,75.2075,75.2063,75.245,-0.000491727,4.3102e-06,5086719.240000001,49926000.35400994,75.207,75.208,139766.53433,165586.06592000002,-465507.39,-35008948.77234,37451415.53846,17.727272727272727,4.0,7.0,6.794e-05,75.2,75.23,3.25e-06,75.21,11.0,0.39759999999999995,0.5454545454545454,0.0,183029020989.35953,71883021338.37572,47.0,54.0,29.0,37.0,34.0,44.0,47.0,52.0,7.0,61.0,47.0,19.0,52.0,34,Fear,4377.21,-6.36298e-05,1.0602e-06,-0.022500000000007958,True,9,5,1,europe,0.0019851182744126117,,1.0
SOL,1786788000,1786791540.0,75.2645,75.264,75.295,-0.0003984328,1.02603e-05,5088822.920000002,47202183.43627997,75.264,75.265,62537.16883,94095.21156,-465537.34,-35031942.29607,37475461.61037,17.727272727272727,4.0,7.0,6.794e-05,75.24,75.3,3.25e-06,75.26,10.0,-0.022130000000000004,0.1,0.2,183029020989.35953,71883021338.37572,49.0,60.0,35.0,36.0,0.0,37.0,50.0,56.0,9.0,66.0,39.0,19.0,54.0,34,Fear,4377.13,-5.76797e-05,7.010300000000001e-06,-0.03549999999999898,True,10,5,1,europe,0.0007579031346607312,,1.0
SOL,1786791600,1786795140.0,75.2115,75.212,75.255,-0.0005713906,6.8279e-06,5086706.360000003,46564380.864149965,75.211,75.212,167443.59089,45544.50973,-465335.46,-35002775.853276,37443196.239064,17.727272727272727,4.0,7.0,6.794e-05,75.2,75.26,3.25e-06,75.21,9.0,0.11954444444444445,0.3333333333333333,0.1111111111111111,183029020989.35953,71883021338.37572,45.0,54.0,27.0,34.0,26.0,36.0,59.0,46.0,8.0,67.0,40.0,25.0,56.0,34,Fear,4376.01,-6.11121e-05,3.5779000000000005e-06,-0.048500000000004206,True,11,5,1,europe,-0.0007041832470818798,,0.25
SOL,1786795200,1786798740.0,75.3775,75.373,75.4079,-0.0003169429,1.5231e-06,5092017.580000001,46118283.16167997,75.377,75.378,346018.20557,12172.41857,-465642.17,-35098336.86443,37567085.13579,17.727272727272727,4.0,7.0,6.794e-05,75.37,75.43,3.25e-06,75.38,3.0,0.10313333333333334,0.3333333333333333,0.0,183029020989.35953,71883021338.37572,45.0,59.0,27.0,34.0,26.0,37.0,66.0,49.0,5.0,74.0,44.0,24.0,59.0,34,Fear,4376.83,-6.64169e-05,-1.7268999999999997e-06,-0.052500000000009095,True,12,5,1,europe,0.0022071092851492224,,0.75
SOL,1786798800,1786802340.0,75.532,75.53,75.565,-0.0003639251,1.09697e-05,5100223.740000003,46121434.58223003,75.534,75.535,328244.19756,10727.212930000002,-469935.3,-35498496.71113,37575109.78781,17.727272727272727,3.0,8.0,6.794e-05,75.53,75.57,3.25e-06,75.54,11.0,0.2520272727272727,0.45454545454545453,0.09090909090909091,183029020989.35953,71883021338.37572,45.0,59.0,28.0,38.0,0.0,34.0,63.0,48.0,6.0,77.0,42.0,16.0,58.0,34,Fear,4378.26,-5.6970300000000006e-05,7.7197e-06,-0.0379999999999967,True,13,5,1,us,0.002049683260920032,,1.0
SOL,1786802400,1786805940.0,75.4225,75.4194,75.4561,-0.0004386657,6.1264e-06,5066630.520000001,43227781.26056994,75.422,75.423,17150.107939999998,130289.39682000002,-470371.60000000003,-35503565.966196,37556697.677484,17.727272727272727,3.0,8.0,6.794e-05,75.41,75.46,3.25e-06,75.42,7.0,0.5175285714285714,0.7142857142857143,0.0,183029020989.35953,71883021338.37572,43.0,59.0,28.0,43.0,0.0,33.0,63.0,45.0,12.0,78.0,35.0,19.0,62.0,34,Fear,4376.74,-6.18136e-05,2.8764000000000005e-06,-0.037499999999994316,True,14,5,1,us,-0.001449716676375501,,0.25
SOL,1786806000,1786809540.0,75.4885,75.486,75.525,-0.0004766634,-3.1287e-06,5071562.48,42153964.51366996,75.488,75.489,169197.3339,277758.63563999993,-467541.32999999996,-35292432.72466,37628781.202792004,17.727272727272727,3.0,8.0,6.794e-05,75.49,75.53,3.25e-06,75.49,8.0,0.054512500000000005,0.25,0.125,183029020989.35953,71883021338.37572,40.0,57.0,25.0,40.0,23.0,33.0,67.0,45.0,8.0,84.0,34.0,21.0,78.0,34,Fear,4376.6,-7.10687e-05,-6.3787e-06,-0.041499999999999204,True,15,5,1,us,0.0008750704365407813,,0.5
SOL,1786809600,1786813140.0,75.4515,75.451,75.485,-0.0004371729,7.199e-07,5072312.860000001,39947260.38104001,75.451,75.452,62427.993969999996,66338.56068,-466736.39,-35215260.6255,37666979.7045,17.727272727272727,3.0,8.0,-9.423e-05,75.45,75.5,5.197e-05,75.45,25.0,0.03672799999999999,0.4,0.24,183029020989.35953,71883021338.37572,44.0,56.0,28.0,43.0,27.0,38.0,66.0,48.0,11.0,85.0,38.0,19.0,65.0,34,Fear,4376.74,9.49499e-05,-5.12501e-05,-0.048500000000004206,True,16,5,1,us,-0.0004901408823861919,,0.25
SOL,1786813200,1786816740.0,75.6335,75.635,75.68,-0.0006078224,5.6025e-06,5069865.879999998,38728647.831520036,75.633,75.634,447635.81808000006,260764.36156,-466855.3,-35298462.3777,37769883.17544,17.727272727272727,3.0,8.0,-9.423e-05,75.61,75.68,5.197e-05,75.62,0.0,,,,183029020989.35953,71883021338.37572,63.0,55.0,25.0,39.0,26.0,35.0,66.0,47.0,9.0,86.0,41.0,22.0,52.0,34,Fear,4377.0,9.98325e-05,-4.63675e-05,-0.04650000000000887,True,17,5,1,us,0.002412145550452882,,1.0
SOL,1786816800,1786820340.0,75.5315,75.5297,75.5592,-0.0003599826,9.9906e-06,5074368.94,36341143.21707995,75.531,75.532,1743.15306,167038.09229000003,-468013.71,-35348139.48888,37759778.74008,17.727272727272727,3.0,8.0,-9.423e-05,75.51,75.56,5.197e-05,75.53,14.0,-0.1815,0.0,0.2857142857142857,183029020989.35953,71883021338.37572,55.0,59.0,31.0,46.0,45.0,37.0,69.0,48.0,12.0,91.0,45.0,27.0,47.0,34,Fear,4377.96,0.0001042206,-4.19794e-05,-0.028500000000008185,True,18,5,1,us,-0.0013486087514130718,,0.25
SOL,1786820400,1786823940.0,75.5245,75.525,75.5616,-0.000484373,1.14485e-05,5075901.020000001,32830801.294000003,75.524,75.525,180696.68167999998,7425.08648,-468303.23,-35368601.44575,37737057.89325,17.727272727272727,3.0,8.0,-9.423e-05,75.52,75.57,5.197e-05,75.53,8.0,-0.0924375,0.125,0.375,183029020989.35953,71883021338.37572,44.0,57.0,27.0,40.0,0.0,37.0,69.0,49.0,8.0,83.0,61.0,25.0,50.0,34,Fear,4378.81,0.0001056785,-4.0521499999999995e-05,-0.04549999999998988,True,19,5,1,us,-9.267656540634661e-05,,0.25
SOL,1786824000,1786827480.0,75.5015,75.5003,75.535,-0.0004368836,1.17191e-05,5071146.640000001,32644646.99976,75.501,75.502,59707.15494000001,28027.96518,-469479.7,-35430564.53084,37667060.2202,17.727272727272727,3.0,8.0,-9.423e-05,75.49,75.54,5.197e-05,75.51,0.0,,,,183029020989.35953,71883021338.37572,48.0,64.0,27.0,44.0,51.0,37.0,74.0,52.0,17.0,85.0,45.0,21.0,49.0,34,Fear,4377.97,0.00010594909999999999,-4.02509e-05,-0.0385000000000133,True,20,5,1,us,-0.0003045369383446461,,1.0
SOL,1786827600,1786831140.0,75.5965,75.597,75.625,-0.0003702479,1.24956e-05,5076114.94,33415495.384319987,75.596,75.597,43590.572009999996,90851.32136999999,-471940.17000000004,-35677272.43904,37663330.04928,17.727272727272727,3.0,8.0,-9.423e-05,75.58,75.64,5.197e-05,75.59,10.0,-0.10540000000000001,0.2,0.3,183029020989.35953,71883021338.37572,48.0,68.0,27.0,47.0,0.0,37.0,77.0,49.0,12.0,89.0,50.0,24.0,47.0,34,Fear,4379.45,0.0001067256,-3.9474399999999996e-05,-0.04349999999999454,True,21,5,1,us,0.0012582531472886682,,1.0
SOL,1786831200,1786834680.0,75.5665,75.567,75.605,-0.0005026123,1.25e-05,5079727.999999999,32231948.303880014,75.566,75.567,85185.27086000002,98140.53921999999,-472919.02,-35736599.11749,37611127.096489996,17.727272727272727,3.0,8.0,-9.423e-05,75.54,75.59,5.197e-05,75.54,10.0,0.013730000000000003,0.2,0.5,183029020989.35953,71883021338.37572,52.0,71.0,31.0,47.0,37.0,46.0,84.0,62.0,14.0,94.0,53.0,35.0,47.0,34,Fear,4378.24,0.00010673,-3.947e-05,-0.023499999999998522,True,22,5,1,us,-0.0003968437692221105,,1.0
SOL,1786834800,1786838280.0,75.3225,75.3203,75.355,-0.0004246566,9.3662e-06,5077559.739999999,31852527.709000006,75.322,75.323,140195.94355999999,41639.83336,-473520.89,-35661331.74679,37472287.16475,17.727272727272727,3.0,8.0,-9.423e-05,75.3,75.35,5.197e-05,75.31,2.0,0.2724,0.5,0.0,183029020989.35953,71883021338.37572,51.0,73.0,29.0,52.0,54.0,39.0,87.0,60.0,16.0,94.0,52.0,29.0,47.0,34,Fear,4378.94,0.0001035962,-4.26038e-05,-0.0274999999999892,True,23,5,1,us,-0.0032289440426643834,,0.25
SOL,1786838400,1786841940.0,75.4325,75.433,75.475,-0.0005564757,7.8841e-06,5080573.0,30406641.060710005,75.432,75.433,163526.66764,97709.61201000001,-474024.23,-35764558.47788,37523633.029819995,17.727272727272727,3.0,8.0,-4.786e-05,75.43,75.48,8.998e-05,75.42,10.0,0.22275,0.4,0.1,183021531699.8318,71861261870.658,51.0,78.0,30.0,51.0,45.0,41.0,100.0,66.0,18.0,87.0,53.0,31.0,73.0,34,Fear,4378.97,5.57441e-05,-8.20959e-05,-0.04749999999999943,True,0,6,1,asia,0.0014603870025555743,,1.0
SOL,1786842000,1786845540.0,75.3965,75.391,75.425,-0.0003712297,3.8643e-06,5078457.580000002,29359746.51269999,75.396,75.397,57960.63984,94730.32415000001,-473880.45999999996,-35720956.34894,37480851.183180004,17.727272727272727,3.0,8.0,-4.786e-05,75.39,75.43,8.998e-05,75.39,0.0,,,,183021531699.8318,71861261870.658,47.0,69.0,34.0,52.0,44.0,43.0,95.0,53.0,22.0,87.0,47.0,36.0,90.0,34,Fear,4378.16,5.17243e-05,-8.61157e-05,-0.03350000000000364,True,1,6,1,asia,-0.0004772478706127625,,0.5
SOL,1786845600,1786849140.0,75.542,75.542,75.575,-0.0003744625,9.1819e-06,5045120.100000002,28997606.63410003,75.546,75.547,144307.96747000003,67718.40546000001,-473298.85,-35749939.34495,37584221.64935,17.727272727272727,3.0,8.0,-4.786e-05,75.54,75.57,8.998e-05,75.54,6.0,-0.1489333333333333,0.16666666666666666,0.5,183021531699.8318,71861261870.658,59.0,73.0,76.0,51.0,64.0,43.0,77.0,54.0,16.0,81.0,52.0,23.0,88.0,34,Fear,4377.57,5.70419e-05,-8.07981e-05,-0.027999999999991587,True,2,6,1,asia,0.0019297978022851936,,1.0
SOL,1786849200,1786852740.0,75.5525,75.553,75.5819,-0.0003823667,1.25e-05,5041522.160000003,28862587.072769992,75.552,75.553,17703.383149999998,196638.28060999996,-472880.59,-35727236.97583,37617520.14873,17.727272727272727,3.0,8.0,-4.786e-05,75.53,75.58,8.998e-05,75.54,3.0,-0.3055333333333333,0.0,0.3333333333333333,183021531699.8318,71861261870.658,57.0,64.0,36.0,40.0,48.0,42.0,65.0,51.0,12.0,84.0,49.0,30.0,78.0,34,Fear,4378.9,6.036e-05,-7.748e-05,-0.02750000000000341,True,3,6,1,asia,0.00013899552566765117,,1.0
SOL,1786852800,1786856340.0,75.4185,75.4178,75.456,-0.000490352,9.8054e-06,5037796.900000002,27224925.97953,75.415,75.416,63944.23452,64789.99212,-472605.61000000004,-35661240.13982,37551636.43578,17.727272727272727,3.0,8.0,-4.786e-05,75.41,75.45,8.998e-05,75.41,4.0,0.280425,0.75,0.25,183021531699.8318,71861261870.658,60.0,73.0,53.0,45.0,0.0,75.0,60.0,52.0,17.0,84.0,76.0,34.0,64.0,34,Fear,4377.69,5.76654e-05,-8.017460000000001e-05,-0.0315000000000083,True,4,6,1,asia,-0.0017736011382812888,,0.25
SOL,1786856400,1786859940.0,75.3145,75.312,75.35,-0.000464499,1.3685e-06,5040283.36,26370647.86941002,75.333,75.335,125742.5994,4354.2058,-471495.02,-35513184.882851005,37466769.074165,17.727272727272727,3.0,8.0,-4.786e-05,75.31,75.36,8.998e-05,75.32,14.0,-0.03137142857142856,0.21428571428571427,0.35714285714285715,183021531699.8318,71861261870.658,52.0,64.0,58.0,36.0,48.0,58.0,55.0,64.0,14.0,81.0,54.0,31.0,56.0,34,Fear,4381.69,4.92285e-05,-8.86115e-05,-0.04550000000000409,True,5,6,1,asia,-0.0013789720028904995,,0.5
SOL,1786860000,1786863540.0,75.3525,75.352,75.3792,-0.000347576,1.0168e-05,5041652.500000002,26142617.862390026,75.352,75.353,77372.14221,168595.07653,-471549.14,-35539365.08993,37494275.98791,17.727272727272727,3.0,8.0,-4.786e-05,75.33,75.38,8.998e-05,75.34,8.0,0.53125,1.0,0.0,183021531699.8318,71861261870.658,52.0,62.0,48.0,52.0,32.0,46.0,50.0,65.0,11.0,71.0,41.0,25.0,57.0,34,Fear,4379.9,5.8028e-05,-7.9812e-05,-0.0274999999999892,True,6,6,1,asia,0.0005045509164902651,,0.75
SOL,1786863600,1786867140.0,75.4355,75.436,75.47,-0.0004505101,7.4805e-06,5041626.460000003,26091778.60714003,75.435,75.436,214765.15271999998,56070.51636000001,-471548.54000000004,-35560879.16834,37517717.108940005,17.727272727272727,3.0,8.0,-4.786e-05,75.43,75.47,8.998e-05,75.44,4.0,-0.1707,0.25,0.5,183021531699.8318,71861261870.658,54.0,58.0,66.0,35.0,40.0,51.0,47.0,70.0,10.0,68.0,42.0,40.0,60.0,34,Fear,4379.38,5.5340499999999996e-05,-8.24995e-05,-0.0344999999999942,True,7,6,1,asia,0.0011014896652399297,,0.75
SOL,1786867200,1786870740.0,75.4425,75.443,75.475,-0.0004239815,1.25e-05,5042697.860000002,24066488.95824998,75.442,75.443,16299.568920000003,339459.51606,-471641.39,-35582041.38577,37539486.97263,17.727272727272727,3.0,8.0,-2.592e-05,75.43,75.47,3.089e-05,75.42,3.0,0.6204666666666666,1.0,0.0,183021531699.8318,71861261870.658,48.0,56.0,26.0,32.0,34.0,40.0,43.0,54.0,8.0,63.0,37.0,20.0,59.0,34,Fear,4379.01,3.842e-05,-1.839e-05,-0.02750000000000341,True,8,6,1,europe,9.279450656518584e-05,-0.00010161785329920996,0.5
SOL,1786870800,1786874340.0,75.2845,75.285,75.325,-0.0005310322,8.5136e-06,5059615.219999998,24576927.855649974,75.284,75.285,149360.20916,41108.14917,-472037.20999999996,-35547424.17369,37443727.15149,17.727272727272727,3.0,8.0,-2.592e-05,75.27,75.32,3.089e-05,75.28,21.0,0.08570952380952382,0.38095238095238093,0.2857142857142857,183021531699.8318,71861261870.658,45.0,57.0,28.0,33.0,35.0,38.0,42.0,56.0,13.0,63.0,39.0,20.0,54.0,34,Fear,4379.79,3.44336e-05,-2.2376399999999998e-05,-0.03549999999999898,True,9,6,1,europe,-0.0020943102362727117,-0.000722735020642631,0.25
SOL,1786874400,1786877940.0,75.2245,75.225,75.265,-0.0005314555,-3.6931e-06,5056696.94,24990339.63577999,75.224,75.225,166494.70938000001,41037.4142,-469558.13,-35322510.32925,37432846.90275,17.727272727272727,3.0,8.0,-2.592e-05,75.22,75.27,3.089e-05,75.23,0.0,,,,183021531699.8318,71861261870.658,48.0,60.0,27.0,36.0,36.0,41.0,46.0,57.0,7.0,73.0,36.0,23.0,56.0,34,Fear,4377.58,2.22269e-05,-3.45831e-05,-0.04549999999998988,True,10,6,1,europe,-0.0007969768013335043,-0.001062047965994728,0.5
SOL,1786878000,1786881480.0,75.2485,75.249,75.285,-0.0004781829,4.1213e-06,5062705.040000002,25017584.893409986,75.248,75.249,103764.73715999999,117921.32493999999,-469623.53,-35338408.12367,37523335.54227,17.727272727272727,3.0,8.0,-2.592e-05,75.25,75.29,3.089e-05,75.24,9.0,-0.1995111111111111,0.1111111111111111,0.4444444444444444,183021531699.8318,71861261870.658,47.0,57.0,28.0,35.0,25.0,33.0,53.0,55.0,8.0,63.0,40.0,23.0,62.0,34,Fear,4377.18,3.00413e-05,-2.6768699999999997e-05,-0.041499999999999204,True,11,6,1,europe,0.00031904499199075786,0.00013120549136210456,0.75
SOL,1786881600,1786885140.0,75.1845,75.184,75.22,-0.0004653018,1.25e-05,5063741.16,23978026.394959982,75.184,75.185,82463.03641,69886.64533,-470395.76,-35362558.26999,37460466.80329,17.727272727272727,3.0,8.0,-2.592e-05,75.18,75.22,3.089e-05,75.18,0.0,,,,183021531699.8318,71861261870.658,52.0,56.0,33.0,33.0,33.0,32.0,59.0,50.0,9.0,69.0,40.0,20.0,65.0,34,Fear,4375.19,3.842e-05,-1.839e-05,-0.03549999999999898,True,12,6,1,europe,-0.0008505152926637782,-0.0007691314589727789,0.5
SOL,1786885200,1786888740.0,75.2895,75.287,75.31,-0.000265569,1.25e-05,5075610.5,23261680.03770998,75.289,75.29,95705.43214,356196.85910000006,-471866.38,-35523651.81773,37444198.12179,17.727272727272727,3.0,8.0,-2.592e-05,75.27,75.31,3.089e-05,75.27,12.0,0.019316666666666666,0.25,0.25,183021531699.8318,71861261870.658,43.0,63.0,22.0,34.0,36.0,28.0,57.0,48.0,9.0,70.0,38.0,21.0,62.0,34,Fear,4376.23,3.842e-05,-1.839e-05,-0.02049999999999841,True,13,6,1,us,0.0013965644514495335,0.0005082331617146505,1.0
SOL,1786888800,1786892340.0,75.3605,75.359,75.395,-0.0003461768,4.3036e-06,5073775.6,21809046.06760999,75.36,75.361,156316.56506000002,1593.24844,-471828.92,-35559924.03079,37502918.09847,17.727272727272727,3.0,8.0,-2.592e-05,75.36,75.4,3.089e-05,75.36,7.0,0.40408571428571427,0.5714285714285714,0.0,183021531699.8318,71861261870.658,41.0,54.0,22.0,35.0,23.0,28.0,57.0,45.0,9.0,72.0,36.0,22.0,63.0,34,Fear,4374.8,3.02236e-05,-2.6586399999999997e-05,-0.039500000000003865,True,14,6,1,us,0.000943026584052209,0.00032130732776825596,1.0
SOL,1786892400,1786895940.0,75.5345,75.535,75.57,-0.0003625777,1.25e-05,5071079.740000003,21390834.165320013,75.534,75.535,273951.41305000003,9771.465950000002,-473931.06000000006,-35798382.6171,37548401.6683,17.727272727272727,3.0,8.0,-2.592e-05,75.54,75.58,3.089e-05,75.54,10.0,0.20389,0.4,0.0,183021531699.8318,71861261870.658,45.0,52.0,26.0,34.0,22.0,28.0,58.0,42.0,7.0,75.0,35.0,20.0,82.0,34,Fear,4376.76,3.842e-05,-1.839e-05,-0.04550000000000409,True,15,6,1,us,0.002308901878304903,0.0016785450205897804,0.75
SOL,1786896000,1786899540.0,75.5285,75.529,75.555,-0.0003441202,6.6098e-06,5070387.36,22203427.353350025,75.528,75.529,79467.26295,6138.62696,-473646.55000000005,-35773226.23831,37547299.72887,17.727272727272727,3.0,8.0,-1.428e-05,75.52,75.56,2.711e-05,75.54,23.0,0.07027391304347826,0.34782608695652173,0.21739130434782608,183021531699.8318,71861261870.658,57.0,58.0,49.0,36.0,44.0,32.0,56.0,47.0,13.0,79.0,38.0,28.0,69.0,34,Fear,4380.12,2.08898e-05,-2.05002e-05,-0.0315000000000083,True,16,6,1,us,-7.943390106512904e-05,-0.0025269426890705726,0.25
SOL,1786899600,1786903080.0,75.2515,75.251,75.285,-0.0004383343,1.25e-05,5071322.34,22381636.423040006,75.251,75.252,36141.75604,152497.81337,-474765.32,-35726565.09532,37395529.93396,17.727272727272727,3.0,8.0,-1.428e-05,75.23,75.28,2.711e-05,75.25,0.0,,,,183021531699.8318,71861261870.658,54.0,58.0,30.0,43.0,34.0,29.0,65.0,53.0,9.0,83.0,39.0,24.0,58.0,34,Fear,4380.03,2.678e-05,-1.4609999999999999e-05,-0.028500000000008185,True,17,6,1,us,-0.0036674897555227792,-0.0016691228236509698,0.25
SOL,1786903200,1786906680.0,75.1605,75.158,75.19,-0.0003856896,1.25e-05,5070343.420000002,24177355.36076999,75.16,75.161,39661.73238999999,252795.74269,-475786.11,-35759198.965066,37286491.732286,17.727272727272727,3.0,8.0,-1.428e-05,75.14,75.19,2.711e-05,75.15,10.0,0.05934999999999999,0.4,0.1,183021531699.8318,71861261870.658,50.0,55.0,27.0,41.0,54.0,29.0,70.0,48.0,11.0,78.0,37.0,18.0,53.0,34,Fear,4377.22,2.678e-05,-1.4609999999999999e-05,-0.02949999999999875,True,18,6,1,us,-0.0012092782203676489,-0.0009035335908110153,0.5
SOL,1786906800,1786910340.0,75.1985,75.199,75.235,-0.0004785007,1.10378e-05,5065508.560000005,24456389.715259995,75.198,75.199,79525.33461999998,91091.34159999999,-475856.75,-35783960.19512,37311937.96814,17.727272727272727,3.0,8.0,-1.428e-05,75.19,75.23,2.711e-05,75.2,10.0,0.022170000000000002,0.3,0.2,183021531699.8318,71861261870.658,50.0,61.0,20.0,41.0,22.0,30.0,69.0,48.0,13.0,84.0,41.0,26.0,55.0,34,Fear,4378.43,2.53178e-05,-1.60722e-05,-0.0315000000000083,True,19,6,1,us,0.000505584715375651,0.0012802702975171047,0.75
SOL,1786910400,1786913940.0,75.0045,75.003,75.035,-0.0003998134,4.2859e-06,5090034.2,25867885.886739995,75.004,75.005,50419.22676,195429.89721999998,-471262.05000000005,-35345537.15003,37303050.50263,17.727272727272727,3.0,8.0,-1.428e-05,74.98,75.04,2.711e-05,74.99,5.0,0.011619999999999997,0.2,0.2,183021531699.8318,71861261870.658,52.0,62.0,21.0,43.0,27.0,31.0,68.0,52.0,12.0,87.0,47.0,25.0,54.0,34,Fear,4375.74,1.85659e-05,-2.28241e-05,-0.03550000000001319,True,20,6,1,us,-0.002579838693591019,-0.0015915587298712098,0.25
SOL,1786914000,1786917540.0,74.3345,74.331,74.371,-0.0004840596,-1.3544e-06,5049582.16,33558574.77030993,74.334,74.335,57510.640100000004,247569.00209,-460480.53,-34238569.32762,36334058.36802,17.727272727272727,4.0,7.0,-1.428e-05,74.3,74.34,2.711e-05,74.28,6.0,0.35231666666666667,0.6666666666666666,0.0,183021531699.8318,71861261870.658,57.0,67.0,22.0,45.0,36.0,32.0,74.0,54.0,14.0,86.0,47.0,24.0,48.0,34,Fear,4375.08,1.29256e-05,-2.8464399999999998e-05,-0.00549999999999784,True,21,6,1,us,-0.00893279736549124,-0.006376887148948443,0.25
SOL,1786917600,1786921140.0,74.4705,74.468,74.5115,-0.0004053066,-8.249e-07,5099171.480000007,37935163.01801997,74.47,74.471,12420.39595,105049.50058,-459507.03,-34214182.65222,36365103.58854,17.727272727272727,4.0,7.0,-1.428e-05,74.47,74.52,2.711e-05,74.48,8.0,-0.002437500000000009,0.375,0.25,183021531699.8318,71861261870.658,65.0,79.0,24.0,51.0,48.0,36.0,79.0,62.0,11.0,99.0,47.0,32.0,52.0,34,Fear,4383.53,1.3455100000000001e-05,-2.79349e-05,-0.04949999999999477,True,22,6,1,us,0.001829567697367862,0.002853389703650769,1.0
SOL,1786921200,1786924740.0,74.5775,74.5764,74.615,-0.0004369095,4.6614e-06,5097242.260000004,40961650.95859998,74.577,74.578,218052.44882,42342.78116,-464513.8,-34646476.381355,36485212.828887,17.727272727272727,4.0,7.0,-1.428e-05,74.57,74.61,2.711e-05,74.58,11.0,0.04463636363636364,0.18181818181818182,0.18181818181818182,183021531699.8318,71861261870.658,65.0,85.0,28.0,47.0,70.0,39.0,85.0,58.0,11.0,96.0,48.0,32.0,51.0,34,Fear,4368.81,1.89414e-05,-2.24486e-05,-0.03249999999999886,True,23,6,1,us,0.0014368105491435745,0.002011147181528324,1.0
SOL,1786924800,1786928340.0,74.5755,74.576,74.625,-0.0006566164,-5.093e-06,5033699.319999998,46325430.46594997,74.568,74.569,76901.24408,436553.48293999996,-453885.54,-33856128.048064,36322509.253276,17.727272727272727,4.0,7.0,-4.738e-05,74.58,74.62,1.768e-05,74.59,0.0,,,,182983055984.286,71742047486.13794,63.0,87.0,27.0,57.0,61.0,42.0,98.0,60.0,15.0,94.0,50.0,34.0,72.0,31,Fear,4397.91,4.2287e-05,-2.2773e-05,-0.04449999999999932,True,0,0,0,asia,-2.681773993495895e-05,-0.00046573686931266906,0.25
SOL,1786928400,1786931940.0,75.0545,75.054,75.0978,-0.0005699235,-6.5868e-06,5019307.199999998,53124465.14576001,75.057,75.072,227325.57921,23438.573449999996,-444245.86,-33356818.73216,37023688.30172,17.727272727272727,4.0,7.0,-4.738e-05,75.06,75.1,1.768e-05,75.04,0.0,,,,182983055984.286,71742047486.13794,53.0,77.0,29.0,52.0,58.0,37.0,95.0,54.0,16.0,87.0,45.0,17.0,98.0,31,Fear,4392.59,4.0793199999999994e-05,-2.42668e-05,-0.04549999999998988,True,1,0,0,asia,0.006423020965330428,0.0009446061560202199,0.5
SOL,1786932000,1786935540.0,75.4615,75.461,75.495,-0.000437115,1.227e-06,5038148.440000002,55043745.98223999,75.461,75.462,125640.78413000001,141187.71881999998,-446774.1,-33720778.333411,37313028.137639,17.727272727272727,4.0,7.0,-4.738e-05,75.45,75.48,1.768e-05,75.44,13.0,0.35386153846153845,0.5384615384615384,0.07692307692307693,182983055984.286,71742047486.13794,54.0,78.0,27.0,48.0,38.0,45.0,78.0,58.0,17.0,86.0,49.0,28.0,94.0,31,Fear,4390.38,4.8607e-05,-1.6453e-05,-0.01850000000000307,True,2,0,0,asia,0.005422726152329194,-0.0019312216918678446,0.5
SOL,1786935600,1786939140.0,75.4705,75.466,75.505,-0.0004503013,1.7516e-06,5041008.0200000005,55577567.67075003,75.47,75.471,68862.23567,52173.263170000006,-448365.0,-33857031.326460004,37359074.550204,17.727272727272727,4.0,7.0,-4.738e-05,75.48,75.51,1.768e-05,75.47,0.0,,,,182983055984.286,71742047486.13794,51.0,75.0,29.0,55.0,57.0,40.0,66.0,61.0,8.0,85.0,46.0,40.0,81.0,31,Fear,4395.71,4.9131599999999996e-05,-1.59284e-05,-0.039500000000003865,True,3,0,0,asia,0.0001192661158340158,-0.000605363036615628,0.5
SOL,1786939200,1786942740.0,75.5195,75.52,75.5627,-0.0005650936,-7.0595e-06,5035510.600000004,56351031.067470014,75.519,75.52,89807.10385000001,60146.51238,-446292.73000000004,-33702666.49978,37468338.88578,17.727272727272727,4.0,7.0,-4.738e-05,75.52,75.56,1.768e-05,75.52,0.0,,,,182983055984.286,71742047486.13794,54.0,71.0,49.0,50.0,49.0,42.0,62.0,61.0,9.0,76.0,42.0,26.0,69.0,31,Fear,4388.96,4.0320499999999995e-05,-2.47395e-05,-0.04050000000000864,True,4,0,0,asia,0.0006492603070071823,-0.0020414805026838178,0.5
SOL,1786942800,1786946340.0,75.3785,75.378,75.415,-0.0004773586,1.4052e-06,5046078.8800000055,57131387.79821001,75.378,75.379,45717.8611,102401.81315,-445964.19,-33648591.41475,37466753.84087,17.727272727272727,4.0,7.0,-4.738e-05,75.38,75.4,1.768e-05,75.37,6.0,0.07701666666666666,0.5,0.3333333333333333,182983055984.286,71742047486.13794,50.0,69.0,29.0,40.0,35.0,39.0,58.0,69.0,9.0,71.0,40.0,36.0,56.0,31,Fear,4392.34,4.8785199999999995e-05,-1.62748e-05,-0.021500000000003183,True,5,0,0,asia,-0.0018670674461561676,-0.0014140957896514807,0.5
SOL,1786946400,1786949880.0,75.8115,75.811,75.845,-0.0004350979,1.17896e-05,5048128.420000002,59461194.032480024,75.811,75.812,180939.69562,88462.21749999998,-451813.7,-34253087.270089,37748354.710169,17.727272727272727,4.0,7.0,-4.738e-05,75.8,75.84,1.768e-05,75.81,0.0,,,,182983055984.286,71742047486.13794,50.0,64.0,43.0,36.0,33.0,37.0,52.0,63.0,7.0,67.0,39.0,32.0,54.0,31,Fear,4399.98,5.91696e-05,-5.8904e-06,-0.028500000000008185,True,6,0,0,asia,0.005744343546236541,0.002075930076176598,0.75
SOL,1786950000,1786953540.0,75.7505,75.751,75.785,-0.0004486376,8.2154e-06,5044699.380000003,60581235.35136003,75.766,75.769,135034.34173,8160.899359999999,-452450.57,-34269963.52351,37684265.57629,17.727272727272727,4.0,7.0,-4.738e-05,75.74,75.79,1.768e-05,75.75,0.0,,,,182983055984.286,71742047486.13794,52.0,61.0,33.0,40.0,31.0,39.0,53.0,63.0,9.0,66.0,35.0,30.0,50.0,31,Fear,4404.24,5.55954e-05,-9.4646e-06,-0.039500000000003865,True,7,0,0,asia,-0.0008046272663116971,0.002490252427995575,0.75
SOL,1786953600,1786957140.0,75.2105,75.211,75.2448,-0.0003986986,2.6584e-06,5045407.160000005,63342319.54082998,75.21,75.211,76261.43089999999,22972.797049999997,-451298.24,-33961675.3306,37391966.95352,17.727272727272727,4.0,7.0,4.746e-05,75.2,75.24,-1.332e-05,75.22,7.0,0.2634142857142857,0.42857142857142855,0.14285714285714285,182983055984.286,71742047486.13794,45.0,57.0,29.0,39.0,30.0,36.0,51.0,53.0,9.0,68.0,37.0,14.0,49.0,31,Fear,4393.59,-4.48016e-05,1.59784e-05,-0.02949999999999875,True,8,0,0,europe,-0.0071286658173874695,-0.0034806880582614946,0.5
SOL,1786957200,1786960740.0,75.3235,75.324,75.355,-0.0004113861,1.25e-05,5044295.700000005,64588359.40580997,75.323,75.324,93621.36606999999,155624.57598999998,-454682.24,-34248485.04576,37155232.17984,17.727272727272727,4.0,7.0,4.746e-05,75.31,75.35,-1.332e-05,75.32,8.0,0.07147499999999998,0.375,0.25,182983055984.286,71742047486.13794,46.0,59.0,24.0,36.0,30.0,34.0,51.0,55.0,8.0,71.0,39.0,31.0,47.0,31,Fear,4393.77,-3.4960000000000004e-05,2.582e-05,-0.026499999999998636,True,9,0,0,europe,0.0015024497909201795,0.0031931819301811953,0.75
SOL,1786960800,1786964340.0,75.7295,75.73,75.775,-0.0005938634,6.7601e-06,5056728.160000008,66686003.787489995,75.729,75.73,127446.60250000001,71071.20691000001,-453611.15,-34326946.303950004,37358979.22875,16.272727272727273,4.0,7.0,4.746e-05,75.74,75.78,-1.332e-05,75.73,11.0,-0.14935454545454546,0.09090909090909091,0.36363636363636365,182983055984.286,71742047486.13794,52.0,66.0,25.0,42.0,22.0,38.0,51.0,61.0,8.0,74.0,43.0,26.0,54.0,31,Fear,4398.32,-4.0699900000000007e-05,2.0080099999999998e-05,-0.050499999999999545,True,10,0,0,europe,0.005390084103898518,-0.0027099423806205853,0.25
SOL,1786964400,1786967940.0,75.6645,75.657,75.695,-0.0003963274,-9.9668e-06,5076628.660000002,68719831.34585008,75.661,75.662,37506.46051,184255.75387000002,-451840.81000000006,-34202427.440586,37455206.886613995,16.272727272727273,4.0,7.0,4.746e-05,75.65,75.71,-1.332e-05,75.66,5.0,0.18182,0.2,0.0,182983055984.286,71742047486.13794,52.0,74.0,29.0,40.0,44.0,33.0,57.0,60.0,7.0,73.0,40.0,41.0,57.0,31,Fear,4396.72,-5.7426800000000004e-05,3.3532000000000004e-06,-0.04549999999998988,True,11,0,0,europe,-0.0008583180926851064,0.0010206080001823492,1.0
SOL,1786968000,1786971540.0,75.4195,75.425,75.465,-0.0004810177,1.1362e-06,5067548.519999999,70572718.68333992,75.419,75.42,56443.10995,100123.3809,-449544.61,-33909599.47691,37292184.99955,16.272727272727273,4.0,7.0,4.746e-05,75.39,75.43,-1.332e-05,75.41,11.0,0.28351818181818184,0.6363636363636364,0.09090909090909091,182983055984.286,71742047486.13794,59.0,90.0,43.0,47.0,0.0,37.0,58.0,88.0,0.0,79.0,41.0,0.0,55.0,31,Fear,4383.9,-4.6323800000000005e-05,1.4456199999999999e-05,-0.010500000000007503,True,12,0,0,europe,-0.0032379781799920515,-0.002617888700415186,0.5
SOL,1786971600,1786975080.0,75.6275,75.627,75.665,-0.0004889976,5.7213e-06,5101175.5200000005,74498763.20361997,75.627,75.628,197268.5313,70347.74992,-450817.4,-34064985.57914,37326761.17588,16.272727272727273,4.0,7.0,4.746e-05,75.69,75.73,-1.332e-05,75.7,24.0,0.2208375,0.375,0.041666666666666664,182983055984.286,71742047486.13794,,,,,,,,,,,,,,31,Fear,4393.75,-4.17387e-05,1.90413e-05,-0.10250000000000625,True,13,0,0,us,0.0027579074377315216,0.0007077131201406713,0.75
SOL,1786975200,1786977360.0,75.6535,75.653,75.6961,-0.0004201009,1.855e-07,5052892.8999999985,77476882.96294998,75.653,75.654,327896.36409,34801.402350000004,-447311.33999999997,-33823276.02578,37272274.07252,16.272727272727273,4.0,7.0,4.746e-05,,,-1.332e-05,,0.0,,,,182983055984.286,71742047486.13794,,,,,,,,,,,,,,31,Fear,,-4.72745e-05,1.35055e-05,,True,14,0,0,us,0.000343790287924417,0.0012603618561072955,1.0
